TimeBin,torDevice,torPort,serverDevice,serverPort,BandwidthInGbps,priority,pfc_tx,pfc_rx,tx_direction,rx_direction,samples
2026-09-04 03:21:00.0000000,lvl02-0101-0827-03lt0,ethernet12/1,lvl021082703019,nic1.port1,50,2,0,0,lvl02-0101-0827-03lt0:ethernet12/1 -> lvl021082703019:nic1.port1,lvl021082703019:nic1.port1 -> lvl02-0101-0827-03lt0:ethernet12/1,1
2026-09-04 03:21:00.0000000,lvl02-0101-0827-03lt0,ethernet12/1,lvl021082703019,nic1.port1,50,3,0,0,lvl02-0101-0827-03lt0:ethernet12/1 -> lvl021082703019:nic1.port1,lvl021082703019:nic1.port1 -> lvl02-0101-0827-03lt0:ethernet12/1,1
2026-09-04 03:21:00.0000000,lvl02-0101-0827-03lt0,ethernet12/1,lvl021082703019,nic1.port1,50,4,0,0,lvl02-0101-0827-03lt0:ethernet12/1 -> lvl021082703019:nic1.port1,lvl021082703019:nic1.port1 -> lvl02-0101-0827-03lt0:ethernet12/1,1
2026-09-04 03:21:00.0000000,lvl02-0101-0827-03lt0,ethernet12/1,lvl021082703019,nic1.port1,50,6,0,0,lvl02-0101-0827-03lt0:ethernet12/1 -> lvl021082703019:nic1.port1,lvl021082703019:nic1.port1 -> lvl02-0101-0827-03lt0:ethernet12/1,1
2026-09-04 03:21:00.0000000,lvl02-0101-0827-03lt0,ethernet14/1,lvl021082703023,nic1.port1,50,2,0,0,lvl02-0101-0827-03lt0:ethernet14/1 -> lvl021082703023:nic1.port1,lvl021082703023:nic1.port1 -> lvl02-0101-0827-03lt0:ethernet14/1,1
2026-09-04 03:21:00.0000000,lvl02-0101-0827-03lt0,ethernet14/1,lvl021082703023,nic1.port1,50,3,0,0,lvl02-0101-0827-03lt0:ethernet14/1 -> lvl021082703023:nic1.port1,lvl021082703023:nic1.port1 -> lvl02-0101-0827-03lt0:ethernet14/1,1
2026-09-04 03:21:00.0000000,lvl02-0101-0827-03lt0,ethernet14/1,lvl021082703023,nic1.port1,50,4,0,0,lvl02-0101-0827-03lt0:ethernet14/1 -> lvl021082703023:nic1.port1,lvl021082703023:nic1.port1 -> lvl02-0101-0827-03lt0:ethernet14/1,1
2026-09-04 03:21:00.0000000,lvl02-0101-0827-03lt0,ethernet14/1,lvl021082703023,nic1.port1,50,6,0,0,lvl02-0101-0827-03lt0:ethernet14/1 -> lvl021082703023:nic1.port1,lvl021082703023:nic1.port1 -> lvl02-0101-0827-03lt0:ethernet14/1,1
2026-09-04 03:21:00.0000000,lvl02-0101-0827-03lt0,ethernet15/1,lvl021082703025,nic1.port1,50,2,0,0,lvl02-0101-0827-03lt0:ethernet15/1 -> lvl021082703025:nic1.port1,lvl021082703025:nic1.port1 -> lvl02-0101-0827-03lt0:ethernet15/1,1
2026-09-04 03:21:00.0000000,lvl02-0101-0827-03lt0,ethernet15/1,lvl021082703025,nic1.port1,50,3,0,0,lvl02-0101-0827-03lt0:ethernet15/1 -> lvl021082703025:nic1.port1,lvl021082703025:nic1.port1 -> lvl02-0101-0827-03lt0:ethernet15/1,1
2026-09-04 03:21:00.0000000,lvl02-0101-0827-03lt0,ethernet15/1,lvl021082703025,nic1.port1,50,4,0,0,lvl02-0101-0827-03lt0:ethernet15/1 -> lvl021082703025:nic1.port1,lvl021082703025:nic1.port1 -> lvl02-0101-0827-03lt0:ethernet15/1,1
2026-09-04 03:21:00.0000000,lvl02-0101-0827-03lt0,ethernet15/1,lvl021082703025,nic1.port1,50,6,0,0,lvl02-0101-0827-03lt0:ethernet15/1 -> lvl021082703025:nic1.port1,lvl021082703025:nic1.port1 -> lvl02-0101-0827-03lt0:ethernet15/1,1
2026-09-04 03:21:00.0000000,lvl02-0101-0827-03lt0,ethernet18/1,lvl021082703031,nic1.port1,50,2,0,0,lvl02-0101-0827-03lt0:ethernet18/1 -> lvl021082703031:nic1.port1,lvl021082703031:nic1.port1 -> lvl02-0101-0827-03lt0:ethernet18/1,1
2026-09-04 03:21:00.0000000,lvl02-0101-0827-03lt0,ethernet18/1,lvl021082703031,nic1.port1,50,3,0,0,lvl02-0101-0827-03lt0:ethernet18/1 -> lvl021082703031:nic1.port1,lvl021082703031:nic1.port1 -> lvl02-0101-0827-03lt0:ethernet18/1,1
2026-09-04 03:21:00.0000000,lvl02-0101-0827-03lt0,ethernet18/1,lvl021082703031,nic1.port1,50,4,0,0,lvl02-0101-0827-03lt0:ethernet18/1 -> lvl021082703031:nic1.port1,lvl021082703031:nic1.port1 -> lvl02-0101-0827-03lt0:ethernet18/1,1
2026-09-04 03:21:00.0000000,lvl02-0101-0827-03lt0,ethernet18/1,lvl021082703031,nic1.port1,50,6,0,0,lvl02-0101-0827-03lt0:ethernet18/1 -> lvl021082703031:nic1.port1,lvl021082703031:nic1.port1 -> lvl02-0101-0827-03lt0:ethernet18/1,1
2026-09-04 03:21:00.0000000,lvl02-0101-0827-03lt0,ethernet19/1,lvl021082703033,nic1.port1,50,2,0,0,lvl02-0101-0827-03lt0:ethernet19/1 -> lvl021082703033:nic1.port1,lvl021082703033:nic1.port1 -> lvl02-0101-0827-03lt0:ethernet19/1,1
2026-09-04 03:21:00.0000000,lvl02-0101-0827-03lt0,ethernet19/1,lvl021082703033,nic1.port1,50,3,0,0,lvl02-0101-0827-03lt0:ethernet19/1 -> lvl021082703033:nic1.port1,lvl021082703033:nic1.port1 -> lvl02-0101-0827-03lt0:ethernet19/1,1
2026-09-04 03:21:00.0000000,lvl02-0101-0827-03lt0,ethernet19/1,lvl021082703033,nic1.port1,50,4,0,0,lvl02-0101-0827-03lt0:ethernet19/1 -> lvl021082703033:nic1.port1,lvl021082703033:nic1.port1 -> lvl02-0101-0827-03lt0:ethernet19/1,1
2026-09-04 03:21:00.0000000,lvl02-0101-0827-03lt0,ethernet19/1,lvl021082703033,nic1.port1,50,6,0,0,lvl02-0101-0827-03lt0:ethernet19/1 -> lvl021082703033:nic1.port1,lvl021082703033:nic1.port1 -> lvl02-0101-0827-03lt0:ethernet19/1,1
2026-09-04 03:21:00.0000000,lvl02-0101-0827-03lt0,ethernet2/1,lvl021082703003,nic1.port1,50,2,0,0,lvl02-0101-0827-03lt0:ethernet2/1 -> lvl021082703003:nic1.port1,lvl021082703003:nic1.port1 -> lvl02-0101-0827-03lt0:ethernet2/1,1
2026-09-04 03:21:00.0000000,lvl02-0101-0827-03lt0,ethernet2/1,lvl021082703003,nic1.port1,50,3,0,0,lvl02-0101-0827-03lt0:ethernet2/1 -> lvl021082703003:nic1.port1,lvl021082703003:nic1.port1 -> lvl02-0101-0827-03lt0:ethernet2/1,1
2026-09-04 03:21:00.0000000,lvl02-0101-0827-03lt0,ethernet2/1,lvl021082703003,nic1.port1,50,4,0,0,lvl02-0101-0827-03lt0:ethernet2/1 -> lvl021082703003:nic1.port1,lvl021082703003:nic1.port1 -> lvl02-0101-0827-03lt0:ethernet2/1,1
2026-09-04 03:21:00.0000000,lvl02-0101-0827-03lt0,ethernet2/1,lvl021082703003,nic1.port1,50,6,0,0,lvl02-0101-0827-03lt0:ethernet2/1 -> lvl021082703003:nic1.port1,lvl021082703003:nic1.port1 -> lvl02-0101-0827-03lt0:ethernet2/1,1
2026-09-04 03:21:00.0000000,lvl02-0101-0827-03lt0,ethernet21/1,lvl021082703037,nic1.port1,50,2,0,0,lvl02-0101-0827-03lt0:ethernet21/1 -> lvl021082703037:nic1.port1,lvl021082703037:nic1.port1 -> lvl02-0101-0827-03lt0:ethernet21/1,1
2026-09-04 03:21:00.0000000,lvl02-0101-0827-03lt0,ethernet21/1,lvl021082703037,nic1.port1,50,3,0,0,lvl02-0101-0827-03lt0:ethernet21/1 -> lvl021082703037:nic1.port1,lvl021082703037:nic1.port1 -> lvl02-0101-0827-03lt0:ethernet21/1,1
2026-09-04 03:21:00.0000000,lvl02-0101-0827-03lt0,ethernet21/1,lvl021082703037,nic1.port1,50,4,0,0,lvl02-0101-0827-03lt0:ethernet21/1 -> lvl021082703037:nic1.port1,lvl021082703037:nic1.port1 -> lvl02-0101-0827-03lt0:ethernet21/1,1
2026-09-04 03:21:00.0000000,lvl02-0101-0827-03lt0,ethernet21/1,lvl021082703037,nic1.port1,50,6,0,0,lvl02-0101-0827-03lt0:ethernet21/1 -> lvl021082703037:nic1.port1,lvl021082703037:nic1.port1 -> lvl02-0101-0827-03lt0:ethernet21/1,1
2026-09-04 03:21:00.0000000,lvl02-0101-0827-03lt0,ethernet27/1,lvl021082703045,nic1.port1,50,2,0,0,lvl02-0101-0827-03lt0:ethernet27/1 -> lvl021082703045:nic1.port1,lvl021082703045:nic1.port1 -> lvl02-0101-0827-03lt0:ethernet27/1,1
2026-09-04 03:21:00.0000000,lvl02-0101-0827-03lt0,ethernet27/1,lvl021082703045,nic1.port1,50,3,0,0,lvl02-0101-0827-03lt0:ethernet27/1 -> lvl021082703045:nic1.port1,lvl021082703045:nic1.port1 -> lvl02-0101-0827-03lt0:ethernet27/1,1
2026-09-04 03:21:00.0000000,lvl02-0101-0827-03lt0,ethernet27/1,lvl021082703045,nic1.port1,50,4,0,0,lvl02-0101-0827-03lt0:ethernet27/1 -> lvl021082703045:nic1.port1,lvl021082703045:nic1.port1 -> lvl02-0101-0827-03lt0:ethernet27/1,1
2026-09-04 03:21:00.0000000,lvl02-0101-0827-03lt0,ethernet27/1,lvl021082703045,nic1.port1,50,6,0,0,lvl02-0101-0827-03lt0:ethernet27/1 -> lvl021082703045:nic1.port1,lvl021082703045:nic1.port1 -> lvl02-0101-0827-03lt0:ethernet27/1,1
2026-09-04 03:21:00.0000000,lvl02-0101-0827-03lt0,ethernet29/1,lvl021082703049,nic1.port1,50,2,0,0,lvl02-0101-0827-03lt0:ethernet29/1 -> lvl021082703049:nic1.port1,lvl021082703049:nic1.port1 -> lvl02-0101-0827-03lt0:ethernet29/1,1
2026-09-04 03:21:00.0000000,lvl02-0101-0827-03lt0,ethernet29/1,lvl021082703049,nic1.port1,50,3,0,0,lvl02-0101-0827-03lt0:ethernet29/1 -> lvl021082703049:nic1.port1,lvl021082703049:nic1.port1 -> lvl02-0101-0827-03lt0:ethernet29/1,1
2026-09-04 03:21:00.0000000,lvl02-0101-0827-03lt0,ethernet29/1,lvl021082703049,nic1.port1,50,4,0,0,lvl02-0101-0827-03lt0:ethernet29/1 -> lvl021082703049:nic1.port1,lvl021082703049:nic1.port1 -> lvl02-0101-0827-03lt0:ethernet29/1,1
2026-09-04 03:21:00.0000000,lvl02-0101-0827-03lt0,ethernet29/1,lvl021082703049,nic1.port1,50,6,0,0,lvl02-0101-0827-03lt0:ethernet29/1 -> lvl021082703049:nic1.port1,lvl021082703049:nic1.port1 -> lvl02-0101-0827-03lt0:ethernet29/1,1
2026-09-04 03:21:00.0000000,lvl02-0101-0827-03lt0,ethernet31/1,lvl021082703053,nic1.port1,50,2,0,0,lvl02-0101-0827-03lt0:ethernet31/1 -> lvl021082703053:nic1.port1,lvl021082703053:nic1.port1 -> lvl02-0101-0827-03lt0:ethernet31/1,1
2026-09-04 03:21:00.0000000,lvl02-0101-0827-03lt0,ethernet31/1,lvl021082703053,nic1.port1,50,3,0,0,lvl02-0101-0827-03lt0:ethernet31/1 -> lvl021082703053:nic1.port1,lvl021082703053:nic1.port1 -> lvl02-0101-0827-03lt0:ethernet31/1,1
2026-09-04 03:21:00.0000000,lvl02-0101-0827-03lt0,ethernet31/1,lvl021082703053,nic1.port1,50,4,0,0,lvl02-0101-0827-03lt0:ethernet31/1 -> lvl021082703053:nic1.port1,lvl021082703053:nic1.port1 -> lvl02-0101-0827-03lt0:ethernet31/1,1
2026-09-04 03:21:00.0000000,lvl02-0101-0827-03lt0,ethernet31/1,lvl021082703053,nic1.port1,50,6,0,0,lvl02-0101-0827-03lt0:ethernet31/1 -> lvl021082703053:nic1.port1,lvl021082703053:nic1.port1 -> lvl02-0101-0827-03lt0:ethernet31/1,1
2026-09-04 03:21:00.0000000,lvl02-0101-0827-03lt0,ethernet4/1,lvl021082703007,nic1.port1,50,2,0,0,lvl02-0101-0827-03lt0:ethernet4/1 -> lvl021082703007:nic1.port1,lvl021082703007:nic1.port1 -> lvl02-0101-0827-03lt0:ethernet4/1,1
2026-09-04 03:21:00.0000000,lvl02-0101-0827-03lt0,ethernet4/1,lvl021082703007,nic1.port1,50,3,0,0,lvl02-0101-0827-03lt0:ethernet4/1 -> lvl021082703007:nic1.port1,lvl021082703007:nic1.port1 -> lvl02-0101-0827-03lt0:ethernet4/1,1
2026-09-04 03:21:00.0000000,lvl02-0101-0827-03lt0,ethernet4/1,lvl021082703007,nic1.port1,50,4,0,0,lvl02-0101-0827-03lt0:ethernet4/1 -> lvl021082703007:nic1.port1,lvl021082703007:nic1.port1 -> lvl02-0101-0827-03lt0:ethernet4/1,1
2026-09-04 03:21:00.0000000,lvl02-0101-0827-03lt0,ethernet4/1,lvl021082703007,nic1.port1,50,6,0,0,lvl02-0101-0827-03lt0:ethernet4/1 -> lvl021082703007:nic1.port1,lvl021082703007:nic1.port1 -> lvl02-0101-0827-03lt0:ethernet4/1,1
2026-09-04 03:23:00.0000000,lvl02-0101-0827-03t0,ethernet12/1,lvl021082703019,nic1.port1,50,2,0,0,lvl02-0101-0827-03t0:ethernet12/1 -> lvl021082703019:nic1.port1,lvl021082703019:nic1.port1 -> lvl02-0101-0827-03t0:ethernet12/1,1
2026-09-04 03:23:00.0000000,lvl02-0101-0827-03t0,ethernet12/1,lvl021082703019,nic1.port1,50,3,0,0,lvl02-0101-0827-03t0:ethernet12/1 -> lvl021082703019:nic1.port1,lvl021082703019:nic1.port1 -> lvl02-0101-0827-03t0:ethernet12/1,1
2026-09-04 03:23:00.0000000,lvl02-0101-0827-03t0,ethernet12/1,lvl021082703019,nic1.port1,50,4,0,0,lvl02-0101-0827-03t0:ethernet12/1 -> lvl021082703019:nic1.port1,lvl021082703019:nic1.port1 -> lvl02-0101-0827-03t0:ethernet12/1,1
2026-09-04 03:23:00.0000000,lvl02-0101-0827-03t0,ethernet12/1,lvl021082703019,nic1.port1,50,6,0,0,lvl02-0101-0827-03t0:ethernet12/1 -> lvl021082703019:nic1.port1,lvl021082703019:nic1.port1 -> lvl02-0101-0827-03t0:ethernet12/1,1
2026-09-04 03:23:00.0000000,lvl02-0101-0827-03t0,ethernet14/1,lvl021082703023,nic1.port1,50,2,0,0,lvl02-0101-0827-03t0:ethernet14/1 -> lvl021082703023:nic1.port1,lvl021082703023:nic1.port1 -> lvl02-0101-0827-03t0:ethernet14/1,1
2026-09-04 03:23:00.0000000,lvl02-0101-0827-03t0,ethernet14/1,lvl021082703023,nic1.port1,50,3,0,0,lvl02-0101-0827-03t0:ethernet14/1 -> lvl021082703023:nic1.port1,lvl021082703023:nic1.port1 -> lvl02-0101-0827-03t0:ethernet14/1,1
2026-09-04 03:23:00.0000000,lvl02-0101-0827-03t0,ethernet14/1,lvl021082703023,nic1.port1,50,4,0,0,lvl02-0101-0827-03t0:ethernet14/1 -> lvl021082703023:nic1.port1,lvl021082703023:nic1.port1 -> lvl02-0101-0827-03t0:ethernet14/1,1
2026-09-04 03:23:00.0000000,lvl02-0101-0827-03t0,ethernet14/1,lvl021082703023,nic1.port1,50,6,0,0,lvl02-0101-0827-03t0:ethernet14/1 -> lvl021082703023:nic1.port1,lvl021082703023:nic1.port1 -> lvl02-0101-0827-03t0:ethernet14/1,1
2026-09-04 03:23:00.0000000,lvl02-0101-0827-03t0,ethernet15/1,lvl021082703025,nic1.port1,50,2,0,0,lvl02-0101-0827-03t0:ethernet15/1 -> lvl021082703025:nic1.port1,lvl021082703025:nic1.port1 -> lvl02-0101-0827-03t0:ethernet15/1,1
2026-09-04 03:23:00.0000000,lvl02-0101-0827-03t0,ethernet15/1,lvl021082703025,nic1.port1,50,3,0,0,lvl02-0101-0827-03t0:ethernet15/1 -> lvl021082703025:nic1.port1,lvl021082703025:nic1.port1 -> lvl02-0101-0827-03t0:ethernet15/1,1
2026-09-04 03:23:00.0000000,lvl02-0101-0827-03t0,ethernet15/1,lvl021082703025,nic1.port1,50,4,0,0,lvl02-0101-0827-03t0:ethernet15/1 -> lvl021082703025:nic1.port1,lvl021082703025:nic1.port1 -> lvl02-0101-0827-03t0:ethernet15/1,1
2026-09-04 03:23:00.0000000,lvl02-0101-0827-03t0,ethernet15/1,lvl021082703025,nic1.port1,50,6,0,0,lvl02-0101-0827-03t0:ethernet15/1 -> lvl021082703025:nic1.port1,lvl021082703025:nic1.port1 -> lvl02-0101-0827-03t0:ethernet15/1,1
2026-09-04 03:23:00.0000000,lvl02-0101-0827-03t0,ethernet18/1,lvl021082703031,nic1.port1,50,2,0,0,lvl02-0101-0827-03t0:ethernet18/1 -> lvl021082703031:nic1.port1,lvl021082703031:nic1.port1 -> lvl02-0101-0827-03t0:ethernet18/1,1
2026-09-04 03:23:00.0000000,lvl02-0101-0827-03t0,ethernet18/1,lvl021082703031,nic1.port1,50,3,0,0,lvl02-0101-0827-03t0:ethernet18/1 -> lvl021082703031:nic1.port1,lvl021082703031:nic1.port1 -> lvl02-0101-0827-03t0:ethernet18/1,1
2026-09-04 03:23:00.0000000,lvl02-0101-0827-03t0,ethernet18/1,lvl021082703031,nic1.port1,50,4,0,0,lvl02-0101-0827-03t0:ethernet18/1 -> lvl021082703031:nic1.port1,lvl021082703031:nic1.port1 -> lvl02-0101-0827-03t0:ethernet18/1,1
2026-09-04 03:23:00.0000000,lvl02-0101-0827-03t0,ethernet18/1,lvl021082703031,nic1.port1,50,6,0,0,lvl02-0101-0827-03t0:ethernet18/1 -> lvl021082703031:nic1.port1,lvl021082703031:nic1.port1 -> lvl02-0101-0827-03t0:ethernet18/1,1
2026-09-04 03:23:00.0000000,lvl02-0101-0827-03t0,ethernet19/1,lvl021082703033,nic1.port1,50,2,0,0,lvl02-0101-0827-03t0:ethernet19/1 -> lvl021082703033:nic1.port1,lvl021082703033:nic1.port1 -> lvl02-0101-0827-03t0:ethernet19/1,1
2026-09-04 03:23:00.0000000,lvl02-0101-0827-03t0,ethernet19/1,lvl021082703033,nic1.port1,50,3,0,0,lvl02-0101-0827-03t0:ethernet19/1 -> lvl021082703033:nic1.port1,lvl021082703033:nic1.port1 -> lvl02-0101-0827-03t0:ethernet19/1,1
2026-09-04 03:23:00.0000000,lvl02-0101-0827-03t0,ethernet19/1,lvl021082703033,nic1.port1,50,4,0,0,lvl02-0101-0827-03t0:ethernet19/1 -> lvl021082703033:nic1.port1,lvl021082703033:nic1.port1 -> lvl02-0101-0827-03t0:ethernet19/1,1
2026-09-04 03:23:00.0000000,lvl02-0101-0827-03t0,ethernet19/1,lvl021082703033,nic1.port1,50,6,0,0,lvl02-0101-0827-03t0:ethernet19/1 -> lvl021082703033:nic1.port1,lvl021082703033:nic1.port1 -> lvl02-0101-0827-03t0:ethernet19/1,1
2026-09-04 03:23:00.0000000,lvl02-0101-0827-03t0,ethernet2/1,lvl021082703003,nic1.port1,50,2,0,0,lvl02-0101-0827-03t0:ethernet2/1 -> lvl021082703003:nic1.port1,lvl021082703003:nic1.port1 -> lvl02-0101-0827-03t0:ethernet2/1,1
2026-09-04 03:23:00.0000000,lvl02-0101-0827-03t0,ethernet2/1,lvl021082703003,nic1.port1,50,3,0,0,lvl02-0101-0827-03t0:ethernet2/1 -> lvl021082703003:nic1.port1,lvl021082703003:nic1.port1 -> lvl02-0101-0827-03t0:ethernet2/1,1
2026-09-04 03:23:00.0000000,lvl02-0101-0827-03t0,ethernet2/1,lvl021082703003,nic1.port1,50,4,0,0,lvl02-0101-0827-03t0:ethernet2/1 -> lvl021082703003:nic1.port1,lvl021082703003:nic1.port1 -> lvl02-0101-0827-03t0:ethernet2/1,1
2026-09-04 03:23:00.0000000,lvl02-0101-0827-03t0,ethernet2/1,lvl021082703003,nic1.port1,50,6,0,0,lvl02-0101-0827-03t0:ethernet2/1 -> lvl021082703003:nic1.port1,lvl021082703003:nic1.port1 -> lvl02-0101-0827-03t0:ethernet2/1,1
2026-09-04 03:23:00.0000000,lvl02-0101-0827-03t0,ethernet21/1,lvl021082703037,nic1.port1,50,2,0,0,lvl02-0101-0827-03t0:ethernet21/1 -> lvl021082703037:nic1.port1,lvl021082703037:nic1.port1 -> lvl02-0101-0827-03t0:ethernet21/1,1
2026-09-04 03:23:00.0000000,lvl02-0101-0827-03t0,ethernet21/1,lvl021082703037,nic1.port1,50,3,0,0,lvl02-0101-0827-03t0:ethernet21/1 -> lvl021082703037:nic1.port1,lvl021082703037:nic1.port1 -> lvl02-0101-0827-03t0:ethernet21/1,1
2026-09-04 03:23:00.0000000,lvl02-0101-0827-03t0,ethernet21/1,lvl021082703037,nic1.port1,50,4,0,0,lvl02-0101-0827-03t0:ethernet21/1 -> lvl021082703037:nic1.port1,lvl021082703037:nic1.port1 -> lvl02-0101-0827-03t0:ethernet21/1,1
2026-09-04 03:23:00.0000000,lvl02-0101-0827-03t0,ethernet21/1,lvl021082703037,nic1.port1,50,6,0,0,lvl02-0101-0827-03t0:ethernet21/1 -> lvl021082703037:nic1.port1,lvl021082703037:nic1.port1 -> lvl02-0101-0827-03t0:ethernet21/1,1
2026-09-04 03:23:00.0000000,lvl02-0101-0827-03t0,ethernet27/1,lvl021082703045,nic1.port1,50,2,0,0,lvl02-0101-0827-03t0:ethernet27/1 -> lvl021082703045:nic1.port1,lvl021082703045:nic1.port1 -> lvl02-0101-0827-03t0:ethernet27/1,1
2026-09-04 03:23:00.0000000,lvl02-0101-0827-03t0,ethernet27/1,lvl021082703045,nic1.port1,50,3,0,0,lvl02-0101-0827-03t0:ethernet27/1 -> lvl021082703045:nic1.port1,lvl021082703045:nic1.port1 -> lvl02-0101-0827-03t0:ethernet27/1,1
2026-09-04 03:23:00.0000000,lvl02-0101-0827-03t0,ethernet27/1,lvl021082703045,nic1.port1,50,4,0,0,lvl02-0101-0827-03t0:ethernet27/1 -> lvl021082703045:nic1.port1,lvl021082703045:nic1.port1 -> lvl02-0101-0827-03t0:ethernet27/1,1
2026-09-04 03:23:00.0000000,lvl02-0101-0827-03t0,ethernet27/1,lvl021082703045,nic1.port1,50,6,0,0,lvl02-0101-0827-03t0:ethernet27/1 -> lvl021082703045:nic1.port1,lvl021082703045:nic1.port1 -> lvl02-0101-0827-03t0:ethernet27/1,1
2026-09-04 03:23:00.0000000,lvl02-0101-0827-03t0,ethernet29/1,lvl021082703049,nic1.port1,50,2,0,0,lvl02-0101-0827-03t0:ethernet29/1 -> lvl021082703049:nic1.port1,lvl021082703049:nic1.port1 -> lvl02-0101-0827-03t0:ethernet29/1,1
2026-09-04 03:23:00.0000000,lvl02-0101-0827-03t0,ethernet29/1,lvl021082703049,nic1.port1,50,3,0,0,lvl02-0101-0827-03t0:ethernet29/1 -> lvl021082703049:nic1.port1,lvl021082703049:nic1.port1 -> lvl02-0101-0827-03t0:ethernet29/1,1
2026-09-04 03:23:00.0000000,lvl02-0101-0827-03t0,ethernet29/1,lvl021082703049,nic1.port1,50,4,0,0,lvl02-0101-0827-03t0:ethernet29/1 -> lvl021082703049:nic1.port1,lvl021082703049:nic1.port1 -> lvl02-0101-0827-03t0:ethernet29/1,1
2026-09-04 03:23:00.0000000,lvl02-0101-0827-03t0,ethernet29/1,lvl021082703049,nic1.port1,50,6,0,0,lvl02-0101-0827-03t0:ethernet29/1 -> lvl021082703049:nic1.port1,lvl021082703049:nic1.port1 -> lvl02-0101-0827-03t0:ethernet29/1,1
2026-09-04 03:23:00.0000000,lvl02-0101-0827-03t0,ethernet31/1,lvl021082703053,nic1.port1,50,2,0,0,lvl02-0101-0827-03t0:ethernet31/1 -> lvl021082703053:nic1.port1,lvl021082703053:nic1.port1 -> lvl02-0101-0827-03t0:ethernet31/1,1
2026-09-04 03:23:00.0000000,lvl02-0101-0827-03t0,ethernet31/1,lvl021082703053,nic1.port1,50,3,0,0,lvl02-0101-0827-03t0:ethernet31/1 -> lvl021082703053:nic1.port1,lvl021082703053:nic1.port1 -> lvl02-0101-0827-03t0:ethernet31/1,1
2026-09-04 03:23:00.0000000,lvl02-0101-0827-03t0,ethernet31/1,lvl021082703053,nic1.port1,50,4,0,0,lvl02-0101-0827-03t0:ethernet31/1 -> lvl021082703053:nic1.port1,lvl021082703053:nic1.port1 -> lvl02-0101-0827-03t0:ethernet31/1,1
2026-09-04 03:23:00.0000000,lvl02-0101-0827-03t0,ethernet31/1,lvl021082703053,nic1.port1,50,6,0,0,lvl02-0101-0827-03t0:ethernet31/1 -> lvl021082703053:nic1.port1,lvl021082703053:nic1.port1 -> lvl02-0101-0827-03t0:ethernet31/1,1
2026-09-04 03:23:00.0000000,lvl02-0101-0827-03t0,ethernet4/1,lvl021082703007,nic1.port1,50,2,0,0,lvl02-0101-0827-03t0:ethernet4/1 -> lvl021082703007:nic1.port1,lvl021082703007:nic1.port1 -> lvl02-0101-0827-03t0:ethernet4/1,1
2026-09-04 03:23:00.0000000,lvl02-0101-0827-03t0,ethernet4/1,lvl021082703007,nic1.port1,50,3,0,0,lvl02-0101-0827-03t0:ethernet4/1 -> lvl021082703007:nic1.port1,lvl021082703007:nic1.port1 -> lvl02-0101-0827-03t0:ethernet4/1,1
2026-09-04 03:23:00.0000000,lvl02-0101-0827-03t0,ethernet4/1,lvl021082703007,nic1.port1,50,4,0,0,lvl02-0101-0827-03t0:ethernet4/1 -> lvl021082703007:nic1.port1,lvl021082703007:nic1.port1 -> lvl02-0101-0827-03t0:ethernet4/1,1
2026-09-04 03:23:00.0000000,lvl02-0101-0827-03t0,ethernet4/1,lvl021082703007,nic1.port1,50,6,0,0,lvl02-0101-0827-03t0:ethernet4/1 -> lvl021082703007:nic1.port1,lvl021082703007:nic1.port1 -> lvl02-0101-0827-03t0:ethernet4/1,1
2026-09-04 03:26:00.0000000,lvl02-0101-0827-03lt0,ethernet12/1,lvl021082703019,nic1.port1,50,2,0,0,lvl02-0101-0827-03lt0:ethernet12/1 -> lvl021082703019:nic1.port1,lvl021082703019:nic1.port1 -> lvl02-0101-0827-03lt0:ethernet12/1,1
2026-09-04 03:26:00.0000000,lvl02-0101-0827-03lt0,ethernet12/1,lvl021082703019,nic1.port1,50,3,0,0,lvl02-0101-0827-03lt0:ethernet12/1 -> lvl021082703019:nic1.port1,lvl021082703019:nic1.port1 -> lvl02-0101-0827-03lt0:ethernet12/1,1
2026-09-04 03:26:00.0000000,lvl02-0101-0827-03lt0,ethernet12/1,lvl021082703019,nic1.port1,50,4,0,0,lvl02-0101-0827-03lt0:ethernet12/1 -> lvl021082703019:nic1.port1,lvl021082703019:nic1.port1 -> lvl02-0101-0827-03lt0:ethernet12/1,1
2026-09-04 03:26:00.0000000,lvl02-0101-0827-03lt0,ethernet12/1,lvl021082703019,nic1.port1,50,6,0,0,lvl02-0101-0827-03lt0:ethernet12/1 -> lvl021082703019:nic1.port1,lvl021082703019:nic1.port1 -> lvl02-0101-0827-03lt0:ethernet12/1,1
2026-09-04 03:26:00.0000000,lvl02-0101-0827-03lt0,ethernet14/1,lvl021082703023,nic1.port1,50,2,0,0,lvl02-0101-0827-03lt0:ethernet14/1 -> lvl021082703023:nic1.port1,lvl021082703023:nic1.port1 -> lvl02-0101-0827-03lt0:ethernet14/1,1
2026-09-04 03:26:00.0000000,lvl02-0101-0827-03lt0,ethernet14/1,lvl021082703023,nic1.port1,50,3,0,0,lvl02-0101-0827-03lt0:ethernet14/1 -> lvl021082703023:nic1.port1,lvl021082703023:nic1.port1 -> lvl02-0101-0827-03lt0:ethernet14/1,1
2026-09-04 03:26:00.0000000,lvl02-0101-0827-03lt0,ethernet14/1,lvl021082703023,nic1.port1,50,4,0,0,lvl02-0101-0827-03lt0:ethernet14/1 -> lvl021082703023:nic1.port1,lvl021082703023:nic1.port1 -> lvl02-0101-0827-03lt0:ethernet14/1,1
2026-09-04 03:26:00.0000000,lvl02-0101-0827-03lt0,ethernet14/1,lvl021082703023,nic1.port1,50,6,0,0,lvl02-0101-0827-03lt0:ethernet14/1 -> lvl021082703023:nic1.port1,lvl021082703023:nic1.port1 -> lvl02-0101-0827-03lt0:ethernet14/1,1
2026-09-04 03:26:00.0000000,lvl02-0101-0827-03lt0,ethernet15/1,lvl021082703025,nic1.port1,50,2,0,0,lvl02-0101-0827-03lt0:ethernet15/1 -> lvl021082703025:nic1.port1,lvl021082703025:nic1.port1 -> lvl02-0101-0827-03lt0:ethernet15/1,1
2026-09-04 03:26:00.0000000,lvl02-0101-0827-03lt0,ethernet15/1,lvl021082703025,nic1.port1,50,3,0,0,lvl02-0101-0827-03lt0:ethernet15/1 -> lvl021082703025:nic1.port1,lvl021082703025:nic1.port1 -> lvl02-0101-0827-03lt0:ethernet15/1,1
2026-09-04 03:26:00.0000000,lvl02-0101-0827-03lt0,ethernet15/1,lvl021082703025,nic1.port1,50,4,0,0,lvl02-0101-0827-03lt0:ethernet15/1 -> lvl021082703025:nic1.port1,lvl021082703025:nic1.port1 -> lvl02-0101-0827-03lt0:ethernet15/1,1
2026-09-04 03:26:00.0000000,lvl02-0101-0827-03lt0,ethernet15/1,lvl021082703025,nic1.port1,50,6,0,0,lvl02-0101-0827-03lt0:ethernet15/1 -> lvl021082703025:nic1.port1,lvl021082703025:nic1.port1 -> lvl02-0101-0827-03lt0:ethernet15/1,1
2026-09-04 03:26:00.0000000,lvl02-0101-0827-03lt0,ethernet18/1,lvl021082703031,nic1.port1,50,2,0,0,lvl02-0101-0827-03lt0:ethernet18/1 -> lvl021082703031:nic1.port1,lvl021082703031:nic1.port1 -> lvl02-0101-0827-03lt0:ethernet18/1,1
2026-09-04 03:26:00.0000000,lvl02-0101-0827-03lt0,ethernet18/1,lvl021082703031,nic1.port1,50,3,0,0,lvl02-0101-0827-03lt0:ethernet18/1 -> lvl021082703031:nic1.port1,lvl021082703031:nic1.port1 -> lvl02-0101-0827-03lt0:ethernet18/1,1
2026-09-04 03:26:00.0000000,lvl02-0101-0827-03lt0,ethernet18/1,lvl021082703031,nic1.port1,50,4,0,0,lvl02-0101-0827-03lt0:ethernet18/1 -> lvl021082703031:nic1.port1,lvl021082703031:nic1.port1 -> lvl02-0101-0827-03lt0:ethernet18/1,1
2026-09-04 03:26:00.0000000,lvl02-0101-0827-03lt0,ethernet18/1,lvl021082703031,nic1.port1,50,6,0,0,lvl02-0101-0827-03lt0:ethernet18/1 -> lvl021082703031:nic1.port1,lvl021082703031:nic1.port1 -> lvl02-0101-0827-03lt0:ethernet18/1,1
2026-09-04 03:26:00.0000000,lvl02-0101-0827-03lt0,ethernet19/1,lvl021082703033,nic1.port1,50,2,0,0,lvl02-0101-0827-03lt0:ethernet19/1 -> lvl021082703033:nic1.port1,lvl021082703033:nic1.port1 -> lvl02-0101-0827-03lt0:ethernet19/1,1
2026-09-04 03:26:00.0000000,lvl02-0101-0827-03lt0,ethernet19/1,lvl021082703033,nic1.port1,50,3,0,0,lvl02-0101-0827-03lt0:ethernet19/1 -> lvl021082703033:nic1.port1,lvl021082703033:nic1.port1 -> lvl02-0101-0827-03lt0:ethernet19/1,1
2026-09-04 03:26:00.0000000,lvl02-0101-0827-03lt0,ethernet19/1,lvl021082703033,nic1.port1,50,4,0,0,lvl02-0101-0827-03lt0:ethernet19/1 -> lvl021082703033:nic1.port1,lvl021082703033:nic1.port1 -> lvl02-0101-0827-03lt0:ethernet19/1,1
2026-09-04 03:26:00.0000000,lvl02-0101-0827-03lt0,ethernet19/1,lvl021082703033,nic1.port1,50,6,0,0,lvl02-0101-0827-03lt0:ethernet19/1 -> lvl021082703033:nic1.port1,lvl021082703033:nic1.port1 -> lvl02-0101-0827-03lt0:ethernet19/1,1
2026-09-04 03:26:00.0000000,lvl02-0101-0827-03lt0,ethernet2/1,lvl021082703003,nic1.port1,50,2,0,0,lvl02-0101-0827-03lt0:ethernet2/1 -> lvl021082703003:nic1.port1,lvl021082703003:nic1.port1 -> lvl02-0101-0827-03lt0:ethernet2/1,1
2026-09-04 03:26:00.0000000,lvl02-0101-0827-03lt0,ethernet2/1,lvl021082703003,nic1.port1,50,3,0,2,lvl02-0101-0827-03lt0:ethernet2/1 -> lvl021082703003:nic1.port1,lvl021082703003:nic1.port1 -> lvl02-0101-0827-03lt0:ethernet2/1,1
2026-09-04 03:26:00.0000000,lvl02-0101-0827-03lt0,ethernet2/1,lvl021082703003,nic1.port1,50,4,0,2,lvl02-0101-0827-03lt0:ethernet2/1 -> lvl021082703003:nic1.port1,lvl021082703003:nic1.port1 -> lvl02-0101-0827-03lt0:ethernet2/1,1
2026-09-04 03:26:00.0000000,lvl02-0101-0827-03lt0,ethernet2/1,lvl021082703003,nic1.port1,50,6,0,0,lvl02-0101-0827-03lt0:ethernet2/1 -> lvl021082703003:nic1.port1,lvl021082703003:nic1.port1 -> lvl02-0101-0827-03lt0:ethernet2/1,1
2026-09-04 03:26:00.0000000,lvl02-0101-0827-03lt0,ethernet21/1,lvl021082703037,nic1.port1,50,2,0,0,lvl02-0101-0827-03lt0:ethernet21/1 -> lvl021082703037:nic1.port1,lvl021082703037:nic1.port1 -> lvl02-0101-0827-03lt0:ethernet21/1,1
2026-09-04 03:26:00.0000000,lvl02-0101-0827-03lt0,ethernet21/1,lvl021082703037,nic1.port1,50,3,0,2,lvl02-0101-0827-03lt0:ethernet21/1 -> lvl021082703037:nic1.port1,lvl021082703037:nic1.port1 -> lvl02-0101-0827-03lt0:ethernet21/1,1
2026-09-04 03:26:00.0000000,lvl02-0101-0827-03lt0,ethernet21/1,lvl021082703037,nic1.port1,50,4,0,2,lvl02-0101-0827-03lt0:ethernet21/1 -> lvl021082703037:nic1.port1,lvl021082703037:nic1.port1 -> lvl02-0101-0827-03lt0:ethernet21/1,1
2026-09-04 03:26:00.0000000,lvl02-0101-0827-03lt0,ethernet21/1,lvl021082703037,nic1.port1,50,6,0,0,lvl02-0101-0827-03lt0:ethernet21/1 -> lvl021082703037:nic1.port1,lvl021082703037:nic1.port1 -> lvl02-0101-0827-03lt0:ethernet21/1,1
2026-09-04 03:26:00.0000000,lvl02-0101-0827-03lt0,ethernet27/1,lvl021082703045,nic1.port1,50,2,0,0,lvl02-0101-0827-03lt0:ethernet27/1 -> lvl021082703045:nic1.port1,lvl021082703045:nic1.port1 -> lvl02-0101-0827-03lt0:ethernet27/1,1
2026-09-04 03:26:00.0000000,lvl02-0101-0827-03lt0,ethernet27/1,lvl021082703045,nic1.port1,50,3,0,0,lvl02-0101-0827-03lt0:ethernet27/1 -> lvl021082703045:nic1.port1,lvl021082703045:nic1.port1 -> lvl02-0101-0827-03lt0:ethernet27/1,1
2026-09-04 03:26:00.0000000,lvl02-0101-0827-03lt0,ethernet27/1,lvl021082703045,nic1.port1,50,4,0,0,lvl02-0101-0827-03lt0:ethernet27/1 -> lvl021082703045:nic1.port1,lvl021082703045:nic1.port1 -> lvl02-0101-0827-03lt0:ethernet27/1,1
2026-09-04 03:26:00.0000000,lvl02-0101-0827-03lt0,ethernet27/1,lvl021082703045,nic1.port1,50,6,0,0,lvl02-0101-0827-03lt0:ethernet27/1 -> lvl021082703045:nic1.port1,lvl021082703045:nic1.port1 -> lvl02-0101-0827-03lt0:ethernet27/1,1
2026-09-04 03:26:00.0000000,lvl02-0101-0827-03lt0,ethernet29/1,lvl021082703049,nic1.port1,50,2,0,0,lvl02-0101-0827-03lt0:ethernet29/1 -> lvl021082703049:nic1.port1,lvl021082703049:nic1.port1 -> lvl02-0101-0827-03lt0:ethernet29/1,1
2026-09-04 03:26:00.0000000,lvl02-0101-0827-03lt0,ethernet29/1,lvl021082703049,nic1.port1,50,3,0,0,lvl02-0101-0827-03lt0:ethernet29/1 -> lvl021082703049:nic1.port1,lvl021082703049:nic1.port1 -> lvl02-0101-0827-03lt0:ethernet29/1,1
2026-09-04 03:26:00.0000000,lvl02-0101-0827-03lt0,ethernet29/1,lvl021082703049,nic1.port1,50,4,0,0,lvl02-0101-0827-03lt0:ethernet29/1 -> lvl021082703049:nic1.port1,lvl021082703049:nic1.port1 -> lvl02-0101-0827-03lt0:ethernet29/1,1
2026-09-04 03:26:00.0000000,lvl02-0101-0827-03lt0,ethernet29/1,lvl021082703049,nic1.port1,50,6,0,0,lvl02-0101-0827-03lt0:ethernet29/1 -> lvl021082703049:nic1.port1,lvl021082703049:nic1.port1 -> lvl02-0101-0827-03lt0:ethernet29/1,1
2026-09-04 03:26:00.0000000,lvl02-0101-0827-03lt0,ethernet31/1,lvl021082703053,nic1.port1,50,2,0,0,lvl02-0101-0827-03lt0:ethernet31/1 -> lvl021082703053:nic1.port1,lvl021082703053:nic1.port1 -> lvl02-0101-0827-03lt0:ethernet31/1,1
2026-09-04 03:26:00.0000000,lvl02-0101-0827-03lt0,ethernet31/1,lvl021082703053,nic1.port1,50,3,0,0,lvl02-0101-0827-03lt0:ethernet31/1 -> lvl021082703053:nic1.port1,lvl021082703053:nic1.port1 -> lvl02-0101-0827-03lt0:ethernet31/1,1
2026-09-04 03:26:00.0000000,lvl02-0101-0827-03lt0,ethernet31/1,lvl021082703053,nic1.port1,50,4,0,0,lvl02-0101-0827-03lt0:ethernet31/1 -> lvl021082703053:nic1.port1,lvl021082703053:nic1.port1 -> lvl02-0101-0827-03lt0:ethernet31/1,1
2026-09-04 03:26:00.0000000,lvl02-0101-0827-03lt0,ethernet31/1,lvl021082703053,nic1.port1,50,6,0,0,lvl02-0101-0827-03lt0:ethernet31/1 -> lvl021082703053:nic1.port1,lvl021082703053:nic1.port1 -> lvl02-0101-0827-03lt0:ethernet31/1,1
2026-09-04 03:26:00.0000000,lvl02-0101-0827-03lt0,ethernet4/1,lvl021082703007,nic1.port1,50,2,0,0,lvl02-0101-0827-03lt0:ethernet4/1 -> lvl021082703007:nic1.port1,lvl021082703007:nic1.port1 -> lvl02-0101-0827-03lt0:ethernet4/1,1
2026-09-04 03:26:00.0000000,lvl02-0101-0827-03lt0,ethernet4/1,lvl021082703007,nic1.port1,50,3,0,0,lvl02-0101-0827-03lt0:ethernet4/1 -> lvl021082703007:nic1.port1,lvl021082703007:nic1.port1 -> lvl02-0101-0827-03lt0:ethernet4/1,1
2026-09-04 03:26:00.0000000,lvl02-0101-0827-03lt0,ethernet4/1,lvl021082703007,nic1.port1,50,4,0,0,lvl02-0101-0827-03lt0:ethernet4/1 -> lvl021082703007:nic1.port1,lvl021082703007:nic1.port1 -> lvl02-0101-0827-03lt0:ethernet4/1,1
2026-09-04 03:26:00.0000000,lvl02-0101-0827-03lt0,ethernet4/1,lvl021082703007,nic1.port1,50,6,0,0,lvl02-0101-0827-03lt0:ethernet4/1 -> lvl021082703007:nic1.port1,lvl021082703007:nic1.port1 -> lvl02-0101-0827-03lt0:ethernet4/1,1
2026-09-04 03:28:00.0000000,lvl02-0101-0827-03t0,ethernet12/1,lvl021082703019,nic1.port1,50,2,0,0,lvl02-0101-0827-03t0:ethernet12/1 -> lvl021082703019:nic1.port1,lvl021082703019:nic1.port1 -> lvl02-0101-0827-03t0:ethernet12/1,1
2026-09-04 03:28:00.0000000,lvl02-0101-0827-03t0,ethernet12/1,lvl021082703019,nic1.port1,50,3,0,0,lvl02-0101-0827-03t0:ethernet12/1 -> lvl021082703019:nic1.port1,lvl021082703019:nic1.port1 -> lvl02-0101-0827-03t0:ethernet12/1,1
2026-09-04 03:28:00.0000000,lvl02-0101-0827-03t0,ethernet12/1,lvl021082703019,nic1.port1,50,4,0,0,lvl02-0101-0827-03t0:ethernet12/1 -> lvl021082703019:nic1.port1,lvl021082703019:nic1.port1 -> lvl02-0101-0827-03t0:ethernet12/1,1
2026-09-04 03:28:00.0000000,lvl02-0101-0827-03t0,ethernet12/1,lvl021082703019,nic1.port1,50,6,0,0,lvl02-0101-0827-03t0:ethernet12/1 -> lvl021082703019:nic1.port1,lvl021082703019:nic1.port1 -> lvl02-0101-0827-03t0:ethernet12/1,1
2026-09-04 03:28:00.0000000,lvl02-0101-0827-03t0,ethernet14/1,lvl021082703023,nic1.port1,50,2,0,0,lvl02-0101-0827-03t0:ethernet14/1 -> lvl021082703023:nic1.port1,lvl021082703023:nic1.port1 -> lvl02-0101-0827-03t0:ethernet14/1,1
2026-09-04 03:28:00.0000000,lvl02-0101-0827-03t0,ethernet14/1,lvl021082703023,nic1.port1,50,3,0,0,lvl02-0101-0827-03t0:ethernet14/1 -> lvl021082703023:nic1.port1,lvl021082703023:nic1.port1 -> lvl02-0101-0827-03t0:ethernet14/1,1
2026-09-04 03:28:00.0000000,lvl02-0101-0827-03t0,ethernet14/1,lvl021082703023,nic1.port1,50,4,0,0,lvl02-0101-0827-03t0:ethernet14/1 -> lvl021082703023:nic1.port1,lvl021082703023:nic1.port1 -> lvl02-0101-0827-03t0:ethernet14/1,1
2026-09-04 03:28:00.0000000,lvl02-0101-0827-03t0,ethernet14/1,lvl021082703023,nic1.port1,50,6,0,0,lvl02-0101-0827-03t0:ethernet14/1 -> lvl021082703023:nic1.port1,lvl021082703023:nic1.port1 -> lvl02-0101-0827-03t0:ethernet14/1,1
2026-09-04 03:28:00.0000000,lvl02-0101-0827-03t0,ethernet15/1,lvl021082703025,nic1.port1,50,2,0,0,lvl02-0101-0827-03t0:ethernet15/1 -> lvl021082703025:nic1.port1,lvl021082703025:nic1.port1 -> lvl02-0101-0827-03t0:ethernet15/1,1
2026-09-04 03:28:00.0000000,lvl02-0101-0827-03t0,ethernet15/1,lvl021082703025,nic1.port1,50,3,0,0,lvl02-0101-0827-03t0:ethernet15/1 -> lvl021082703025:nic1.port1,lvl021082703025:nic1.port1 -> lvl02-0101-0827-03t0:ethernet15/1,1
2026-09-04 03:28:00.0000000,lvl02-0101-0827-03t0,ethernet15/1,lvl021082703025,nic1.port1,50,4,0,0,lvl02-0101-0827-03t0:ethernet15/1 -> lvl021082703025:nic1.port1,lvl021082703025:nic1.port1 -> lvl02-0101-0827-03t0:ethernet15/1,1
2026-09-04 03:28:00.0000000,lvl02-0101-0827-03t0,ethernet15/1,lvl021082703025,nic1.port1,50,6,0,0,lvl02-0101-0827-03t0:ethernet15/1 -> lvl021082703025:nic1.port1,lvl021082703025:nic1.port1 -> lvl02-0101-0827-03t0:ethernet15/1,1
2026-09-04 03:28:00.0000000,lvl02-0101-0827-03t0,ethernet18/1,lvl021082703031,nic1.port1,50,2,0,0,lvl02-0101-0827-03t0:ethernet18/1 -> lvl021082703031:nic1.port1,lvl021082703031:nic1.port1 -> lvl02-0101-0827-03t0:ethernet18/1,1
2026-09-04 03:28:00.0000000,lvl02-0101-0827-03t0,ethernet18/1,lvl021082703031,nic1.port1,50,3,0,0,lvl02-0101-0827-03t0:ethernet18/1 -> lvl021082703031:nic1.port1,lvl021082703031:nic1.port1 -> lvl02-0101-0827-03t0:ethernet18/1,1
2026-09-04 03:28:00.0000000,lvl02-0101-0827-03t0,ethernet18/1,lvl021082703031,nic1.port1,50,4,0,0,lvl02-0101-0827-03t0:ethernet18/1 -> lvl021082703031:nic1.port1,lvl021082703031:nic1.port1 -> lvl02-0101-0827-03t0:ethernet18/1,1
2026-09-04 03:28:00.0000000,lvl02-0101-0827-03t0,ethernet18/1,lvl021082703031,nic1.port1,50,6,0,0,lvl02-0101-0827-03t0:ethernet18/1 -> lvl021082703031:nic1.port1,lvl021082703031:nic1.port1 -> lvl02-0101-0827-03t0:ethernet18/1,1
2026-09-04 03:28:00.0000000,lvl02-0101-0827-03t0,ethernet19/1,lvl021082703033,nic1.port1,50,2,0,0,lvl02-0101-0827-03t0:ethernet19/1 -> lvl021082703033:nic1.port1,lvl021082703033:nic1.port1 -> lvl02-0101-0827-03t0:ethernet19/1,1
2026-09-04 03:28:00.0000000,lvl02-0101-0827-03t0,ethernet19/1,lvl021082703033,nic1.port1,50,3,0,0,lvl02-0101-0827-03t0:ethernet19/1 -> lvl021082703033:nic1.port1,lvl021082703033:nic1.port1 -> lvl02-0101-0827-03t0:ethernet19/1,1
2026-09-04 03:28:00.0000000,lvl02-0101-0827-03t0,ethernet19/1,lvl021082703033,nic1.port1,50,4,0,0,lvl02-0101-0827-03t0:ethernet19/1 -> lvl021082703033:nic1.port1,lvl021082703033:nic1.port1 -> lvl02-0101-0827-03t0:ethernet19/1,1
2026-09-04 03:28:00.0000000,lvl02-0101-0827-03t0,ethernet19/1,lvl021082703033,nic1.port1,50,6,0,0,lvl02-0101-0827-03t0:ethernet19/1 -> lvl021082703033:nic1.port1,lvl021082703033:nic1.port1 -> lvl02-0101-0827-03t0:ethernet19/1,1
2026-09-04 03:28:00.0000000,lvl02-0101-0827-03t0,ethernet2/1,lvl021082703003,nic1.port1,50,2,0,0,lvl02-0101-0827-03t0:ethernet2/1 -> lvl021082703003:nic1.port1,lvl021082703003:nic1.port1 -> lvl02-0101-0827-03t0:ethernet2/1,1
2026-09-04 03:28:00.0000000,lvl02-0101-0827-03t0,ethernet2/1,lvl021082703003,nic1.port1,50,3,0,2,lvl02-0101-0827-03t0:ethernet2/1 -> lvl021082703003:nic1.port1,lvl021082703003:nic1.port1 -> lvl02-0101-0827-03t0:ethernet2/1,1
2026-09-04 03:28:00.0000000,lvl02-0101-0827-03t0,ethernet2/1,lvl021082703003,nic1.port1,50,4,0,2,lvl02-0101-0827-03t0:ethernet2/1 -> lvl021082703003:nic1.port1,lvl021082703003:nic1.port1 -> lvl02-0101-0827-03t0:ethernet2/1,1
2026-09-04 03:28:00.0000000,lvl02-0101-0827-03t0,ethernet2/1,lvl021082703003,nic1.port1,50,6,0,0,lvl02-0101-0827-03t0:ethernet2/1 -> lvl021082703003:nic1.port1,lvl021082703003:nic1.port1 -> lvl02-0101-0827-03t0:ethernet2/1,1
2026-09-04 03:28:00.0000000,lvl02-0101-0827-03t0,ethernet21/1,lvl021082703037,nic1.port1,50,2,0,0,lvl02-0101-0827-03t0:ethernet21/1 -> lvl021082703037:nic1.port1,lvl021082703037:nic1.port1 -> lvl02-0101-0827-03t0:ethernet21/1,1
2026-09-04 03:28:00.0000000,lvl02-0101-0827-03t0,ethernet21/1,lvl021082703037,nic1.port1,50,3,0,2,lvl02-0101-0827-03t0:ethernet21/1 -> lvl021082703037:nic1.port1,lvl021082703037:nic1.port1 -> lvl02-0101-0827-03t0:ethernet21/1,1
2026-09-04 03:28:00.0000000,lvl02-0101-0827-03t0,ethernet21/1,lvl021082703037,nic1.port1,50,4,0,2,lvl02-0101-0827-03t0:ethernet21/1 -> lvl021082703037:nic1.port1,lvl021082703037:nic1.port1 -> lvl02-0101-0827-03t0:ethernet21/1,1
2026-09-04 03:28:00.0000000,lvl02-0101-0827-03t0,ethernet21/1,lvl021082703037,nic1.port1,50,6,0,0,lvl02-0101-0827-03t0:ethernet21/1 -> lvl021082703037:nic1.port1,lvl021082703037:nic1.port1 -> lvl02-0101-0827-03t0:ethernet21/1,1
2026-09-04 03:28:00.0000000,lvl02-0101-0827-03t0,ethernet27/1,lvl021082703045,nic1.port1,50,2,0,0,lvl02-0101-0827-03t0:ethernet27/1 -> lvl021082703045:nic1.port1,lvl021082703045:nic1.port1 -> lvl02-0101-0827-03t0:ethernet27/1,1
2026-09-04 03:28:00.0000000,lvl02-0101-0827-03t0,ethernet27/1,lvl021082703045,nic1.port1,50,3,0,0,lvl02-0101-0827-03t0:ethernet27/1 -> lvl021082703045:nic1.port1,lvl021082703045:nic1.port1 -> lvl02-0101-0827-03t0:ethernet27/1,1
2026-09-04 03:28:00.0000000,lvl02-0101-0827-03t0,ethernet27/1,lvl021082703045,nic1.port1,50,4,0,0,lvl02-0101-0827-03t0:ethernet27/1 -> lvl021082703045:nic1.port1,lvl021082703045:nic1.port1 -> lvl02-0101-0827-03t0:ethernet27/1,1
2026-09-04 03:28:00.0000000,lvl02-0101-0827-03t0,ethernet27/1,lvl021082703045,nic1.port1,50,6,0,0,lvl02-0101-0827-03t0:ethernet27/1 -> lvl021082703045:nic1.port1,lvl021082703045:nic1.port1 -> lvl02-0101-0827-03t0:ethernet27/1,1
2026-09-04 03:28:00.0000000,lvl02-0101-0827-03t0,ethernet29/1,lvl021082703049,nic1.port1,50,2,0,0,lvl02-0101-0827-03t0:ethernet29/1 -> lvl021082703049:nic1.port1,lvl021082703049:nic1.port1 -> lvl02-0101-0827-03t0:ethernet29/1,1
2026-09-04 03:28:00.0000000,lvl02-0101-0827-03t0,ethernet29/1,lvl021082703049,nic1.port1,50,3,0,0,lvl02-0101-0827-03t0:ethernet29/1 -> lvl021082703049:nic1.port1,lvl021082703049:nic1.port1 -> lvl02-0101-0827-03t0:ethernet29/1,1
2026-09-04 03:28:00.0000000,lvl02-0101-0827-03t0,ethernet29/1,lvl021082703049,nic1.port1,50,4,0,0,lvl02-0101-0827-03t0:ethernet29/1 -> lvl021082703049:nic1.port1,lvl021082703049:nic1.port1 -> lvl02-0101-0827-03t0:ethernet29/1,1
2026-09-04 03:28:00.0000000,lvl02-0101-0827-03t0,ethernet29/1,lvl021082703049,nic1.port1,50,6,0,0,lvl02-0101-0827-03t0:ethernet29/1 -> lvl021082703049:nic1.port1,lvl021082703049:nic1.port1 -> lvl02-0101-0827-03t0:ethernet29/1,1
2026-09-04 03:28:00.0000000,lvl02-0101-0827-03t0,ethernet31/1,lvl021082703053,nic1.port1,50,2,0,0,lvl02-0101-0827-03t0:ethernet31/1 -> lvl021082703053:nic1.port1,lvl021082703053:nic1.port1 -> lvl02-0101-0827-03t0:ethernet31/1,1
2026-09-04 03:28:00.0000000,lvl02-0101-0827-03t0,ethernet31/1,lvl021082703053,nic1.port1,50,3,0,0,lvl02-0101-0827-03t0:ethernet31/1 -> lvl021082703053:nic1.port1,lvl021082703053:nic1.port1 -> lvl02-0101-0827-03t0:ethernet31/1,1
2026-09-04 03:28:00.0000000,lvl02-0101-0827-03t0,ethernet31/1,lvl021082703053,nic1.port1,50,4,0,0,lvl02-0101-0827-03t0:ethernet31/1 -> lvl021082703053:nic1.port1,lvl021082703053:nic1.port1 -> lvl02-0101-0827-03t0:ethernet31/1,1
2026-09-04 03:28:00.0000000,lvl02-0101-0827-03t0,ethernet31/1,lvl021082703053,nic1.port1,50,6,0,0,lvl02-0101-0827-03t0:ethernet31/1 -> lvl021082703053:nic1.port1,lvl021082703053:nic1.port1 -> lvl02-0101-0827-03t0:ethernet31/1,1
2026-09-04 03:28:00.0000000,lvl02-0101-0827-03t0,ethernet4/1,lvl021082703007,nic1.port1,50,2,0,0,lvl02-0101-0827-03t0:ethernet4/1 -> lvl021082703007:nic1.port1,lvl021082703007:nic1.port1 -> lvl02-0101-0827-03t0:ethernet4/1,1
2026-09-04 03:28:00.0000000,lvl02-0101-0827-03t0,ethernet4/1,lvl021082703007,nic1.port1,50,3,0,0,lvl02-0101-0827-03t0:ethernet4/1 -> lvl021082703007:nic1.port1,lvl021082703007:nic1.port1 -> lvl02-0101-0827-03t0:ethernet4/1,1
2026-09-04 03:28:00.0000000,lvl02-0101-0827-03t0,ethernet4/1,lvl021082703007,nic1.port1,50,4,0,0,lvl02-0101-0827-03t0:ethernet4/1 -> lvl021082703007:nic1.port1,lvl021082703007:nic1.port1 -> lvl02-0101-0827-03t0:ethernet4/1,1
2026-09-04 03:28:00.0000000,lvl02-0101-0827-03t0,ethernet4/1,lvl021082703007,nic1.port1,50,6,0,0,lvl02-0101-0827-03t0:ethernet4/1 -> lvl021082703007:nic1.port1,lvl021082703007:nic1.port1 -> lvl02-0101-0827-03t0:ethernet4/1,1
2026-09-04 03:31:00.0000000,lvl02-0101-0827-03lt0,ethernet12/1,lvl021082703019,nic1.port1,50,2,0,0,lvl02-0101-0827-03lt0:ethernet12/1 -> lvl021082703019:nic1.port1,lvl021082703019:nic1.port1 -> lvl02-0101-0827-03lt0:ethernet12/1,1
2026-09-04 03:31:00.0000000,lvl02-0101-0827-03lt0,ethernet12/1,lvl021082703019,nic1.port1,50,3,0,0,lvl02-0101-0827-03lt0:ethernet12/1 -> lvl021082703019:nic1.port1,lvl021082703019:nic1.port1 -> lvl02-0101-0827-03lt0:ethernet12/1,1
2026-09-04 03:31:00.0000000,lvl02-0101-0827-03lt0,ethernet12/1,lvl021082703019,nic1.port1,50,4,0,0,lvl02-0101-0827-03lt0:ethernet12/1 -> lvl021082703019:nic1.port1,lvl021082703019:nic1.port1 -> lvl02-0101-0827-03lt0:ethernet12/1,1
2026-09-04 03:31:00.0000000,lvl02-0101-0827-03lt0,ethernet12/1,lvl021082703019,nic1.port1,50,6,0,0,lvl02-0101-0827-03lt0:ethernet12/1 -> lvl021082703019:nic1.port1,lvl021082703019:nic1.port1 -> lvl02-0101-0827-03lt0:ethernet12/1,1
2026-09-04 03:31:00.0000000,lvl02-0101-0827-03lt0,ethernet14/1,lvl021082703023,nic1.port1,50,2,0,0,lvl02-0101-0827-03lt0:ethernet14/1 -> lvl021082703023:nic1.port1,lvl021082703023:nic1.port1 -> lvl02-0101-0827-03lt0:ethernet14/1,1
2026-09-04 03:31:00.0000000,lvl02-0101-0827-03lt0,ethernet14/1,lvl021082703023,nic1.port1,50,3,0,10,lvl02-0101-0827-03lt0:ethernet14/1 -> lvl021082703023:nic1.port1,lvl021082703023:nic1.port1 -> lvl02-0101-0827-03lt0:ethernet14/1,1
2026-09-04 03:31:00.0000000,lvl02-0101-0827-03lt0,ethernet14/1,lvl021082703023,nic1.port1,50,4,0,10,lvl02-0101-0827-03lt0:ethernet14/1 -> lvl021082703023:nic1.port1,lvl021082703023:nic1.port1 -> lvl02-0101-0827-03lt0:ethernet14/1,1
2026-09-04 03:31:00.0000000,lvl02-0101-0827-03lt0,ethernet14/1,lvl021082703023,nic1.port1,50,6,0,0,lvl02-0101-0827-03lt0:ethernet14/1 -> lvl021082703023:nic1.port1,lvl021082703023:nic1.port1 -> lvl02-0101-0827-03lt0:ethernet14/1,1
2026-09-04 03:31:00.0000000,lvl02-0101-0827-03lt0,ethernet15/1,lvl021082703025,nic1.port1,50,2,0,0,lvl02-0101-0827-03lt0:ethernet15/1 -> lvl021082703025:nic1.port1,lvl021082703025:nic1.port1 -> lvl02-0101-0827-03lt0:ethernet15/1,1
2026-09-04 03:31:00.0000000,lvl02-0101-0827-03lt0,ethernet15/1,lvl021082703025,nic1.port1,50,3,0,0,lvl02-0101-0827-03lt0:ethernet15/1 -> lvl021082703025:nic1.port1,lvl021082703025:nic1.port1 -> lvl02-0101-0827-03lt0:ethernet15/1,1
2026-09-04 03:31:00.0000000,lvl02-0101-0827-03lt0,ethernet15/1,lvl021082703025,nic1.port1,50,4,0,0,lvl02-0101-0827-03lt0:ethernet15/1 -> lvl021082703025:nic1.port1,lvl021082703025:nic1.port1 -> lvl02-0101-0827-03lt0:ethernet15/1,1
2026-09-04 03:31:00.0000000,lvl02-0101-0827-03lt0,ethernet15/1,lvl021082703025,nic1.port1,50,6,0,0,lvl02-0101-0827-03lt0:ethernet15/1 -> lvl021082703025:nic1.port1,lvl021082703025:nic1.port1 -> lvl02-0101-0827-03lt0:ethernet15/1,1
2026-09-04 03:31:00.0000000,lvl02-0101-0827-03lt0,ethernet18/1,lvl021082703031,nic1.port1,50,2,0,0,lvl02-0101-0827-03lt0:ethernet18/1 -> lvl021082703031:nic1.port1,lvl021082703031:nic1.port1 -> lvl02-0101-0827-03lt0:ethernet18/1,1
2026-09-04 03:31:00.0000000,lvl02-0101-0827-03lt0,ethernet18/1,lvl021082703031,nic1.port1,50,3,0,0,lvl02-0101-0827-03lt0:ethernet18/1 -> lvl021082703031:nic1.port1,lvl021082703031:nic1.port1 -> lvl02-0101-0827-03lt0:ethernet18/1,1
2026-09-04 03:31:00.0000000,lvl02-0101-0827-03lt0,ethernet18/1,lvl021082703031,nic1.port1,50,4,0,0,lvl02-0101-0827-03lt0:ethernet18/1 -> lvl021082703031:nic1.port1,lvl021082703031:nic1.port1 -> lvl02-0101-0827-03lt0:ethernet18/1,1
2026-09-04 03:31:00.0000000,lvl02-0101-0827-03lt0,ethernet18/1,lvl021082703031,nic1.port1,50,6,0,0,lvl02-0101-0827-03lt0:ethernet18/1 -> lvl021082703031:nic1.port1,lvl021082703031:nic1.port1 -> lvl02-0101-0827-03lt0:ethernet18/1,1
2026-09-04 03:31:00.0000000,lvl02-0101-0827-03lt0,ethernet19/1,lvl021082703033,nic1.port1,50,2,0,0,lvl02-0101-0827-03lt0:ethernet19/1 -> lvl021082703033:nic1.port1,lvl021082703033:nic1.port1 -> lvl02-0101-0827-03lt0:ethernet19/1,1
2026-09-04 03:31:00.0000000,lvl02-0101-0827-03lt0,ethernet19/1,lvl021082703033,nic1.port1,50,3,0,0,lvl02-0101-0827-03lt0:ethernet19/1 -> lvl021082703033:nic1.port1,lvl021082703033:nic1.port1 -> lvl02-0101-0827-03lt0:ethernet19/1,1
2026-09-04 03:31:00.0000000,lvl02-0101-0827-03lt0,ethernet19/1,lvl021082703033,nic1.port1,50,4,0,0,lvl02-0101-0827-03lt0:ethernet19/1 -> lvl021082703033:nic1.port1,lvl021082703033:nic1.port1 -> lvl02-0101-0827-03lt0:ethernet19/1,1
2026-09-04 03:31:00.0000000,lvl02-0101-0827-03lt0,ethernet19/1,lvl021082703033,nic1.port1,50,6,0,0,lvl02-0101-0827-03lt0:ethernet19/1 -> lvl021082703033:nic1.port1,lvl021082703033:nic1.port1 -> lvl02-0101-0827-03lt0:ethernet19/1,1
2026-09-04 03:31:00.0000000,lvl02-0101-0827-03lt0,ethernet2/1,lvl021082703003,nic1.port1,50,2,0,0,lvl02-0101-0827-03lt0:ethernet2/1 -> lvl021082703003:nic1.port1,lvl021082703003:nic1.port1 -> lvl02-0101-0827-03lt0:ethernet2/1,1
2026-09-04 03:31:00.0000000,lvl02-0101-0827-03lt0,ethernet2/1,lvl021082703003,nic1.port1,50,3,0,0,lvl02-0101-0827-03lt0:ethernet2/1 -> lvl021082703003:nic1.port1,lvl021082703003:nic1.port1 -> lvl02-0101-0827-03lt0:ethernet2/1,1
2026-09-04 03:31:00.0000000,lvl02-0101-0827-03lt0,ethernet2/1,lvl021082703003,nic1.port1,50,4,0,0,lvl02-0101-0827-03lt0:ethernet2/1 -> lvl021082703003:nic1.port1,lvl021082703003:nic1.port1 -> lvl02-0101-0827-03lt0:ethernet2/1,1
2026-09-04 03:31:00.0000000,lvl02-0101-0827-03lt0,ethernet2/1,lvl021082703003,nic1.port1,50,6,0,0,lvl02-0101-0827-03lt0:ethernet2/1 -> lvl021082703003:nic1.port1,lvl021082703003:nic1.port1 -> lvl02-0101-0827-03lt0:ethernet2/1,1
2026-09-04 03:31:00.0000000,lvl02-0101-0827-03lt0,ethernet21/1,lvl021082703037,nic1.port1,50,2,0,0,lvl02-0101-0827-03lt0:ethernet21/1 -> lvl021082703037:nic1.port1,lvl021082703037:nic1.port1 -> lvl02-0101-0827-03lt0:ethernet21/1,1
2026-09-04 03:31:00.0000000,lvl02-0101-0827-03lt0,ethernet21/1,lvl021082703037,nic1.port1,50,3,0,0,lvl02-0101-0827-03lt0:ethernet21/1 -> lvl021082703037:nic1.port1,lvl021082703037:nic1.port1 -> lvl02-0101-0827-03lt0:ethernet21/1,1
2026-09-04 03:31:00.0000000,lvl02-0101-0827-03lt0,ethernet21/1,lvl021082703037,nic1.port1,50,4,0,0,lvl02-0101-0827-03lt0:ethernet21/1 -> lvl021082703037:nic1.port1,lvl021082703037:nic1.port1 -> lvl02-0101-0827-03lt0:ethernet21/1,1
2026-09-04 03:31:00.0000000,lvl02-0101-0827-03lt0,ethernet21/1,lvl021082703037,nic1.port1,50,6,0,0,lvl02-0101-0827-03lt0:ethernet21/1 -> lvl021082703037:nic1.port1,lvl021082703037:nic1.port1 -> lvl02-0101-0827-03lt0:ethernet21/1,1
2026-09-04 03:31:00.0000000,lvl02-0101-0827-03lt0,ethernet27/1,lvl021082703045,nic1.port1,50,2,0,0,lvl02-0101-0827-03lt0:ethernet27/1 -> lvl021082703045:nic1.port1,lvl021082703045:nic1.port1 -> lvl02-0101-0827-03lt0:ethernet27/1,1
2026-09-04 03:31:00.0000000,lvl02-0101-0827-03lt0,ethernet27/1,lvl021082703045,nic1.port1,50,3,0,0,lvl02-0101-0827-03lt0:ethernet27/1 -> lvl021082703045:nic1.port1,lvl021082703045:nic1.port1 -> lvl02-0101-0827-03lt0:ethernet27/1,1
2026-09-04 03:31:00.0000000,lvl02-0101-0827-03lt0,ethernet27/1,lvl021082703045,nic1.port1,50,4,0,0,lvl02-0101-0827-03lt0:ethernet27/1 -> lvl021082703045:nic1.port1,lvl021082703045:nic1.port1 -> lvl02-0101-0827-03lt0:ethernet27/1,1
2026-09-04 03:31:00.0000000,lvl02-0101-0827-03lt0,ethernet27/1,lvl021082703045,nic1.port1,50,6,0,0,lvl02-0101-0827-03lt0:ethernet27/1 -> lvl021082703045:nic1.port1,lvl021082703045:nic1.port1 -> lvl02-0101-0827-03lt0:ethernet27/1,1
2026-09-04 03:31:00.0000000,lvl02-0101-0827-03lt0,ethernet29/1,lvl021082703049,nic1.port1,50,2,0,0,lvl02-0101-0827-03lt0:ethernet29/1 -> lvl021082703049:nic1.port1,lvl021082703049:nic1.port1 -> lvl02-0101-0827-03lt0:ethernet29/1,1
2026-09-04 03:31:00.0000000,lvl02-0101-0827-03lt0,ethernet29/1,lvl021082703049,nic1.port1,50,3,0,0,lvl02-0101-0827-03lt0:ethernet29/1 -> lvl021082703049:nic1.port1,lvl021082703049:nic1.port1 -> lvl02-0101-0827-03lt0:ethernet29/1,1
2026-09-04 03:31:00.0000000,lvl02-0101-0827-03lt0,ethernet29/1,lvl021082703049,nic1.port1,50,4,0,0,lvl02-0101-0827-03lt0:ethernet29/1 -> lvl021082703049:nic1.port1,lvl021082703049:nic1.port1 -> lvl02-0101-0827-03lt0:ethernet29/1,1
2026-09-04 03:31:00.0000000,lvl02-0101-0827-03lt0,ethernet29/1,lvl021082703049,nic1.port1,50,6,0,0,lvl02-0101-0827-03lt0:ethernet29/1 -> lvl021082703049:nic1.port1,lvl021082703049:nic1.port1 -> lvl02-0101-0827-03lt0:ethernet29/1,1
2026-09-04 03:31:00.0000000,lvl02-0101-0827-03lt0,ethernet31/1,lvl021082703053,nic1.port1,50,2,0,0,lvl02-0101-0827-03lt0:ethernet31/1 -> lvl021082703053:nic1.port1,lvl021082703053:nic1.port1 -> lvl02-0101-0827-03lt0:ethernet31/1,1
2026-09-04 03:31:00.0000000,lvl02-0101-0827-03lt0,ethernet31/1,lvl021082703053,nic1.port1,50,3,0,0,lvl02-0101-0827-03lt0:ethernet31/1 -> lvl021082703053:nic1.port1,lvl021082703053:nic1.port1 -> lvl02-0101-0827-03lt0:ethernet31/1,1
2026-09-04 03:31:00.0000000,lvl02-0101-0827-03lt0,ethernet31/1,lvl021082703053,nic1.port1,50,4,0,0,lvl02-0101-0827-03lt0:ethernet31/1 -> lvl021082703053:nic1.port1,lvl021082703053:nic1.port1 -> lvl02-0101-0827-03lt0:ethernet31/1,1
2026-09-04 03:31:00.0000000,lvl02-0101-0827-03lt0,ethernet31/1,lvl021082703053,nic1.port1,50,6,0,0,lvl02-0101-0827-03lt0:ethernet31/1 -> lvl021082703053:nic1.port1,lvl021082703053:nic1.port1 -> lvl02-0101-0827-03lt0:ethernet31/1,1
2026-09-04 03:31:00.0000000,lvl02-0101-0827-03lt0,ethernet4/1,lvl021082703007,nic1.port1,50,2,0,0,lvl02-0101-0827-03lt0:ethernet4/1 -> lvl021082703007:nic1.port1,lvl021082703007:nic1.port1 -> lvl02-0101-0827-03lt0:ethernet4/1,1
2026-09-04 03:31:00.0000000,lvl02-0101-0827-03lt0,ethernet4/1,lvl021082703007,nic1.port1,50,3,0,0,lvl02-0101-0827-03lt0:ethernet4/1 -> lvl021082703007:nic1.port1,lvl021082703007:nic1.port1 -> lvl02-0101-0827-03lt0:ethernet4/1,1
2026-09-04 03:31:00.0000000,lvl02-0101-0827-03lt0,ethernet4/1,lvl021082703007,nic1.port1,50,4,0,0,lvl02-0101-0827-03lt0:ethernet4/1 -> lvl021082703007:nic1.port1,lvl021082703007:nic1.port1 -> lvl02-0101-0827-03lt0:ethernet4/1,1
2026-09-04 03:31:00.0000000,lvl02-0101-0827-03lt0,ethernet4/1,lvl021082703007,nic1.port1,50,6,0,0,lvl02-0101-0827-03lt0:ethernet4/1 -> lvl021082703007:nic1.port1,lvl021082703007:nic1.port1 -> lvl02-0101-0827-03lt0:ethernet4/1,1
2026-09-04 03:33:00.0000000,lvl02-0101-0827-03t0,ethernet12/1,lvl021082703019,nic1.port1,50,2,0,0,lvl02-0101-0827-03t0:ethernet12/1 -> lvl021082703019:nic1.port1,lvl021082703019:nic1.port1 -> lvl02-0101-0827-03t0:ethernet12/1,1
2026-09-04 03:33:00.0000000,lvl02-0101-0827-03t0,ethernet12/1,lvl021082703019,nic1.port1,50,3,0,0,lvl02-0101-0827-03t0:ethernet12/1 -> lvl021082703019:nic1.port1,lvl021082703019:nic1.port1 -> lvl02-0101-0827-03t0:ethernet12/1,1
2026-09-04 03:33:00.0000000,lvl02-0101-0827-03t0,ethernet12/1,lvl021082703019,nic1.port1,50,4,0,0,lvl02-0101-0827-03t0:ethernet12/1 -> lvl021082703019:nic1.port1,lvl021082703019:nic1.port1 -> lvl02-0101-0827-03t0:ethernet12/1,1
2026-09-04 03:33:00.0000000,lvl02-0101-0827-03t0,ethernet12/1,lvl021082703019,nic1.port1,50,6,0,0,lvl02-0101-0827-03t0:ethernet12/1 -> lvl021082703019:nic1.port1,lvl021082703019:nic1.port1 -> lvl02-0101-0827-03t0:ethernet12/1,1
2026-09-04 03:33:00.0000000,lvl02-0101-0827-03t0,ethernet14/1,lvl021082703023,nic1.port1,50,2,0,0,lvl02-0101-0827-03t0:ethernet14/1 -> lvl021082703023:nic1.port1,lvl021082703023:nic1.port1 -> lvl02-0101-0827-03t0:ethernet14/1,1
2026-09-04 03:33:00.0000000,lvl02-0101-0827-03t0,ethernet14/1,lvl021082703023,nic1.port1,50,3,0,10,lvl02-0101-0827-03t0:ethernet14/1 -> lvl021082703023:nic1.port1,lvl021082703023:nic1.port1 -> lvl02-0101-0827-03t0:ethernet14/1,1
2026-09-04 03:33:00.0000000,lvl02-0101-0827-03t0,ethernet14/1,lvl021082703023,nic1.port1,50,4,0,10,lvl02-0101-0827-03t0:ethernet14/1 -> lvl021082703023:nic1.port1,lvl021082703023:nic1.port1 -> lvl02-0101-0827-03t0:ethernet14/1,1
2026-09-04 03:33:00.0000000,lvl02-0101-0827-03t0,ethernet14/1,lvl021082703023,nic1.port1,50,6,0,0,lvl02-0101-0827-03t0:ethernet14/1 -> lvl021082703023:nic1.port1,lvl021082703023:nic1.port1 -> lvl02-0101-0827-03t0:ethernet14/1,1
2026-09-04 03:33:00.0000000,lvl02-0101-0827-03t0,ethernet15/1,lvl021082703025,nic1.port1,50,2,0,0,lvl02-0101-0827-03t0:ethernet15/1 -> lvl021082703025:nic1.port1,lvl021082703025:nic1.port1 -> lvl02-0101-0827-03t0:ethernet15/1,1
2026-09-04 03:33:00.0000000,lvl02-0101-0827-03t0,ethernet15/1,lvl021082703025,nic1.port1,50,3,0,0,lvl02-0101-0827-03t0:ethernet15/1 -> lvl021082703025:nic1.port1,lvl021082703025:nic1.port1 -> lvl02-0101-0827-03t0:ethernet15/1,1
2026-09-04 03:33:00.0000000,lvl02-0101-0827-03t0,ethernet15/1,lvl021082703025,nic1.port1,50,4,0,0,lvl02-0101-0827-03t0:ethernet15/1 -> lvl021082703025:nic1.port1,lvl021082703025:nic1.port1 -> lvl02-0101-0827-03t0:ethernet15/1,1
2026-09-04 03:33:00.0000000,lvl02-0101-0827-03t0,ethernet15/1,lvl021082703025,nic1.port1,50,6,0,0,lvl02-0101-0827-03t0:ethernet15/1 -> lvl021082703025:nic1.port1,lvl021082703025:nic1.port1 -> lvl02-0101-0827-03t0:ethernet15/1,1
2026-09-04 03:33:00.0000000,lvl02-0101-0827-03t0,ethernet18/1,lvl021082703031,nic1.port1,50,2,0,0,lvl02-0101-0827-03t0:ethernet18/1 -> lvl021082703031:nic1.port1,lvl021082703031:nic1.port1 -> lvl02-0101-0827-03t0:ethernet18/1,1
2026-09-04 03:33:00.0000000,lvl02-0101-0827-03t0,ethernet18/1,lvl021082703031,nic1.port1,50,3,0,0,lvl02-0101-0827-03t0:ethernet18/1 -> lvl021082703031:nic1.port1,lvl021082703031:nic1.port1 -> lvl02-0101-0827-03t0:ethernet18/1,1
2026-09-04 03:33:00.0000000,lvl02-0101-0827-03t0,ethernet18/1,lvl021082703031,nic1.port1,50,4,0,0,lvl02-0101-0827-03t0:ethernet18/1 -> lvl021082703031:nic1.port1,lvl021082703031:nic1.port1 -> lvl02-0101-0827-03t0:ethernet18/1,1
2026-09-04 03:33:00.0000000,lvl02-0101-0827-03t0,ethernet18/1,lvl021082703031,nic1.port1,50,6,0,0,lvl02-0101-0827-03t0:ethernet18/1 -> lvl021082703031:nic1.port1,lvl021082703031:nic1.port1 -> lvl02-0101-0827-03t0:ethernet18/1,1
2026-09-04 03:33:00.0000000,lvl02-0101-0827-03t0,ethernet19/1,lvl021082703033,nic1.port1,50,2,0,0,lvl02-0101-0827-03t0:ethernet19/1 -> lvl021082703033:nic1.port1,lvl021082703033:nic1.port1 -> lvl02-0101-0827-03t0:ethernet19/1,1
2026-09-04 03:33:00.0000000,lvl02-0101-0827-03t0,ethernet19/1,lvl021082703033,nic1.port1,50,3,0,0,lvl02-0101-0827-03t0:ethernet19/1 -> lvl021082703033:nic1.port1,lvl021082703033:nic1.port1 -> lvl02-0101-0827-03t0:ethernet19/1,1
2026-09-04 03:33:00.0000000,lvl02-0101-0827-03t0,ethernet19/1,lvl021082703033,nic1.port1,50,4,0,0,lvl02-0101-0827-03t0:ethernet19/1 -> lvl021082703033:nic1.port1,lvl021082703033:nic1.port1 -> lvl02-0101-0827-03t0:ethernet19/1,1
2026-09-04 03:33:00.0000000,lvl02-0101-0827-03t0,ethernet19/1,lvl021082703033,nic1.port1,50,6,0,0,lvl02-0101-0827-03t0:ethernet19/1 -> lvl021082703033:nic1.port1,lvl021082703033:nic1.port1 -> lvl02-0101-0827-03t0:ethernet19/1,1
2026-09-04 03:33:00.0000000,lvl02-0101-0827-03t0,ethernet2/1,lvl021082703003,nic1.port1,50,2,0,0,lvl02-0101-0827-03t0:ethernet2/1 -> lvl021082703003:nic1.port1,lvl021082703003:nic1.port1 -> lvl02-0101-0827-03t0:ethernet2/1,1
2026-09-04 03:33:00.0000000,lvl02-0101-0827-03t0,ethernet2/1,lvl021082703003,nic1.port1,50,3,0,0,lvl02-0101-0827-03t0:ethernet2/1 -> lvl021082703003:nic1.port1,lvl021082703003:nic1.port1 -> lvl02-0101-0827-03t0:ethernet2/1,1
2026-09-04 03:33:00.0000000,lvl02-0101-0827-03t0,ethernet2/1,lvl021082703003,nic1.port1,50,4,0,0,lvl02-0101-0827-03t0:ethernet2/1 -> lvl021082703003:nic1.port1,lvl021082703003:nic1.port1 -> lvl02-0101-0827-03t0:ethernet2/1,1
2026-09-04 03:33:00.0000000,lvl02-0101-0827-03t0,ethernet2/1,lvl021082703003,nic1.port1,50,6,0,0,lvl02-0101-0827-03t0:ethernet2/1 -> lvl021082703003:nic1.port1,lvl021082703003:nic1.port1 -> lvl02-0101-0827-03t0:ethernet2/1,1
2026-09-04 03:33:00.0000000,lvl02-0101-0827-03t0,ethernet21/1,lvl021082703037,nic1.port1,50,2,0,0,lvl02-0101-0827-03t0:ethernet21/1 -> lvl021082703037:nic1.port1,lvl021082703037:nic1.port1 -> lvl02-0101-0827-03t0:ethernet21/1,1
2026-09-04 03:33:00.0000000,lvl02-0101-0827-03t0,ethernet21/1,lvl021082703037,nic1.port1,50,3,0,0,lvl02-0101-0827-03t0:ethernet21/1 -> lvl021082703037:nic1.port1,lvl021082703037:nic1.port1 -> lvl02-0101-0827-03t0:ethernet21/1,1
2026-09-04 03:33:00.0000000,lvl02-0101-0827-03t0,ethernet21/1,lvl021082703037,nic1.port1,50,4,0,0,lvl02-0101-0827-03t0:ethernet21/1 -> lvl021082703037:nic1.port1,lvl021082703037:nic1.port1 -> lvl02-0101-0827-03t0:ethernet21/1,1
2026-09-04 03:33:00.0000000,lvl02-0101-0827-03t0,ethernet21/1,lvl021082703037,nic1.port1,50,6,0,0,lvl02-0101-0827-03t0:ethernet21/1 -> lvl021082703037:nic1.port1,lvl021082703037:nic1.port1 -> lvl02-0101-0827-03t0:ethernet21/1,1
2026-09-04 03:33:00.0000000,lvl02-0101-0827-03t0,ethernet27/1,lvl021082703045,nic1.port1,50,2,0,0,lvl02-0101-0827-03t0:ethernet27/1 -> lvl021082703045:nic1.port1,lvl021082703045:nic1.port1 -> lvl02-0101-0827-03t0:ethernet27/1,1
2026-09-04 03:33:00.0000000,lvl02-0101-0827-03t0,ethernet27/1,lvl021082703045,nic1.port1,50,3,0,0,lvl02-0101-0827-03t0:ethernet27/1 -> lvl021082703045:nic1.port1,lvl021082703045:nic1.port1 -> lvl02-0101-0827-03t0:ethernet27/1,1
2026-09-04 03:33:00.0000000,lvl02-0101-0827-03t0,ethernet27/1,lvl021082703045,nic1.port1,50,4,0,0,lvl02-0101-0827-03t0:ethernet27/1 -> lvl021082703045:nic1.port1,lvl021082703045:nic1.port1 -> lvl02-0101-0827-03t0:ethernet27/1,1
2026-09-04 03:33:00.0000000,lvl02-0101-0827-03t0,ethernet27/1,lvl021082703045,nic1.port1,50,6,0,0,lvl02-0101-0827-03t0:ethernet27/1 -> lvl021082703045:nic1.port1,lvl021082703045:nic1.port1 -> lvl02-0101-0827-03t0:ethernet27/1,1
2026-09-04 03:33:00.0000000,lvl02-0101-0827-03t0,ethernet29/1,lvl021082703049,nic1.port1,50,2,0,0,lvl02-0101-0827-03t0:ethernet29/1 -> lvl021082703049:nic1.port1,lvl021082703049:nic1.port1 -> lvl02-0101-0827-03t0:ethernet29/1,1
2026-09-04 03:33:00.0000000,lvl02-0101-0827-03t0,ethernet29/1,lvl021082703049,nic1.port1,50,3,0,0,lvl02-0101-0827-03t0:ethernet29/1 -> lvl021082703049:nic1.port1,lvl021082703049:nic1.port1 -> lvl02-0101-0827-03t0:ethernet29/1,1
2026-09-04 03:33:00.0000000,lvl02-0101-0827-03t0,ethernet29/1,lvl021082703049,nic1.port1,50,4,0,0,lvl02-0101-0827-03t0:ethernet29/1 -> lvl021082703049:nic1.port1,lvl021082703049:nic1.port1 -> lvl02-0101-0827-03t0:ethernet29/1,1
2026-09-04 03:33:00.0000000,lvl02-0101-0827-03t0,ethernet29/1,lvl021082703049,nic1.port1,50,6,0,0,lvl02-0101-0827-03t0:ethernet29/1 -> lvl021082703049:nic1.port1,lvl021082703049:nic1.port1 -> lvl02-0101-0827-03t0:ethernet29/1,1
2026-09-04 03:33:00.0000000,lvl02-0101-0827-03t0,ethernet31/1,lvl021082703053,nic1.port1,50,2,0,0,lvl02-0101-0827-03t0:ethernet31/1 -> lvl021082703053:nic1.port1,lvl021082703053:nic1.port1 -> lvl02-0101-0827-03t0:ethernet31/1,1
2026-09-04 03:33:00.0000000,lvl02-0101-0827-03t0,ethernet31/1,lvl021082703053,nic1.port1,50,3,0,120,lvl02-0101-0827-03t0:ethernet31/1 -> lvl021082703053:nic1.port1,lvl021082703053:nic1.port1 -> lvl02-0101-0827-03t0:ethernet31/1,1
2026-09-04 03:33:00.0000000,lvl02-0101-0827-03t0,ethernet31/1,lvl021082703053,nic1.port1,50,4,0,120,lvl02-0101-0827-03t0:ethernet31/1 -> lvl021082703053:nic1.port1,lvl021082703053:nic1.port1 -> lvl02-0101-0827-03t0:ethernet31/1,1
2026-09-04 03:33:00.0000000,lvl02-0101-0827-03t0,ethernet31/1,lvl021082703053,nic1.port1,50,6,0,0,lvl02-0101-0827-03t0:ethernet31/1 -> lvl021082703053:nic1.port1,lvl021082703053:nic1.port1 -> lvl02-0101-0827-03t0:ethernet31/1,1
2026-09-04 03:33:00.0000000,lvl02-0101-0827-03t0,ethernet4/1,lvl021082703007,nic1.port1,50,2,0,0,lvl02-0101-0827-03t0:ethernet4/1 -> lvl021082703007:nic1.port1,lvl021082703007:nic1.port1 -> lvl02-0101-0827-03t0:ethernet4/1,1
2026-09-04 03:33:00.0000000,lvl02-0101-0827-03t0,ethernet4/1,lvl021082703007,nic1.port1,50,3,0,0,lvl02-0101-0827-03t0:ethernet4/1 -> lvl021082703007:nic1.port1,lvl021082703007:nic1.port1 -> lvl02-0101-0827-03t0:ethernet4/1,1
2026-09-04 03:33:00.0000000,lvl02-0101-0827-03t0,ethernet4/1,lvl021082703007,nic1.port1,50,4,0,0,lvl02-0101-0827-03t0:ethernet4/1 -> lvl021082703007:nic1.port1,lvl021082703007:nic1.port1 -> lvl02-0101-0827-03t0:ethernet4/1,1
2026-09-04 03:33:00.0000000,lvl02-0101-0827-03t0,ethernet4/1,lvl021082703007,nic1.port1,50,6,0,0,lvl02-0101-0827-03t0:ethernet4/1 -> lvl021082703007:nic1.port1,lvl021082703007:nic1.port1 -> lvl02-0101-0827-03t0:ethernet4/1,1
2026-09-04 03:36:00.0000000,lvl02-0101-0827-03lt0,ethernet12/1,lvl021082703019,nic1.port1,50,2,0,0,lvl02-0101-0827-03lt0:ethernet12/1 -> lvl021082703019:nic1.port1,lvl021082703019:nic1.port1 -> lvl02-0101-0827-03lt0:ethernet12/1,1
2026-09-04 03:36:00.0000000,lvl02-0101-0827-03lt0,ethernet12/1,lvl021082703019,nic1.port1,50,3,0,0,lvl02-0101-0827-03lt0:ethernet12/1 -> lvl021082703019:nic1.port1,lvl021082703019:nic1.port1 -> lvl02-0101-0827-03lt0:ethernet12/1,1
2026-09-04 03:36:00.0000000,lvl02-0101-0827-03lt0,ethernet12/1,lvl021082703019,nic1.port1,50,4,0,0,lvl02-0101-0827-03lt0:ethernet12/1 -> lvl021082703019:nic1.port1,lvl021082703019:nic1.port1 -> lvl02-0101-0827-03lt0:ethernet12/1,1
2026-09-04 03:36:00.0000000,lvl02-0101-0827-03lt0,ethernet12/1,lvl021082703019,nic1.port1,50,6,0,0,lvl02-0101-0827-03lt0:ethernet12/1 -> lvl021082703019:nic1.port1,lvl021082703019:nic1.port1 -> lvl02-0101-0827-03lt0:ethernet12/1,1
2026-09-04 03:36:00.0000000,lvl02-0101-0827-03lt0,ethernet14/1,lvl021082703023,nic1.port1,50,2,0,0,lvl02-0101-0827-03lt0:ethernet14/1 -> lvl021082703023:nic1.port1,lvl021082703023:nic1.port1 -> lvl02-0101-0827-03lt0:ethernet14/1,1
2026-09-04 03:36:00.0000000,lvl02-0101-0827-03lt0,ethernet14/1,lvl021082703023,nic1.port1,50,3,0,0,lvl02-0101-0827-03lt0:ethernet14/1 -> lvl021082703023:nic1.port1,lvl021082703023:nic1.port1 -> lvl02-0101-0827-03lt0:ethernet14/1,1
2026-09-04 03:36:00.0000000,lvl02-0101-0827-03lt0,ethernet14/1,lvl021082703023,nic1.port1,50,4,0,0,lvl02-0101-0827-03lt0:ethernet14/1 -> lvl021082703023:nic1.port1,lvl021082703023:nic1.port1 -> lvl02-0101-0827-03lt0:ethernet14/1,1
2026-09-04 03:36:00.0000000,lvl02-0101-0827-03lt0,ethernet14/1,lvl021082703023,nic1.port1,50,6,0,0,lvl02-0101-0827-03lt0:ethernet14/1 -> lvl021082703023:nic1.port1,lvl021082703023:nic1.port1 -> lvl02-0101-0827-03lt0:ethernet14/1,1
2026-09-04 03:36:00.0000000,lvl02-0101-0827-03lt0,ethernet15/1,lvl021082703025,nic1.port1,50,2,0,0,lvl02-0101-0827-03lt0:ethernet15/1 -> lvl021082703025:nic1.port1,lvl021082703025:nic1.port1 -> lvl02-0101-0827-03lt0:ethernet15/1,1
2026-09-04 03:36:00.0000000,lvl02-0101-0827-03lt0,ethernet15/1,lvl021082703025,nic1.port1,50,3,0,0,lvl02-0101-0827-03lt0:ethernet15/1 -> lvl021082703025:nic1.port1,lvl021082703025:nic1.port1 -> lvl02-0101-0827-03lt0:ethernet15/1,1
2026-09-04 03:36:00.0000000,lvl02-0101-0827-03lt0,ethernet15/1,lvl021082703025,nic1.port1,50,4,0,0,lvl02-0101-0827-03lt0:ethernet15/1 -> lvl021082703025:nic1.port1,lvl021082703025:nic1.port1 -> lvl02-0101-0827-03lt0:ethernet15/1,1
2026-09-04 03:36:00.0000000,lvl02-0101-0827-03lt0,ethernet15/1,lvl021082703025,nic1.port1,50,6,0,0,lvl02-0101-0827-03lt0:ethernet15/1 -> lvl021082703025:nic1.port1,lvl021082703025:nic1.port1 -> lvl02-0101-0827-03lt0:ethernet15/1,1
2026-09-04 03:36:00.0000000,lvl02-0101-0827-03lt0,ethernet18/1,lvl021082703031,nic1.port1,50,2,0,0,lvl02-0101-0827-03lt0:ethernet18/1 -> lvl021082703031:nic1.port1,lvl021082703031:nic1.port1 -> lvl02-0101-0827-03lt0:ethernet18/1,1
2026-09-04 03:36:00.0000000,lvl02-0101-0827-03lt0,ethernet18/1,lvl021082703031,nic1.port1,50,3,0,0,lvl02-0101-0827-03lt0:ethernet18/1 -> lvl021082703031:nic1.port1,lvl021082703031:nic1.port1 -> lvl02-0101-0827-03lt0:ethernet18/1,1
2026-09-04 03:36:00.0000000,lvl02-0101-0827-03lt0,ethernet18/1,lvl021082703031,nic1.port1,50,4,0,0,lvl02-0101-0827-03lt0:ethernet18/1 -> lvl021082703031:nic1.port1,lvl021082703031:nic1.port1 -> lvl02-0101-0827-03lt0:ethernet18/1,1
2026-09-04 03:36:00.0000000,lvl02-0101-0827-03lt0,ethernet18/1,lvl021082703031,nic1.port1,50,6,0,0,lvl02-0101-0827-03lt0:ethernet18/1 -> lvl021082703031:nic1.port1,lvl021082703031:nic1.port1 -> lvl02-0101-0827-03lt0:ethernet18/1,1
2026-09-04 03:36:00.0000000,lvl02-0101-0827-03lt0,ethernet19/1,lvl021082703033,nic1.port1,50,2,0,0,lvl02-0101-0827-03lt0:ethernet19/1 -> lvl021082703033:nic1.port1,lvl021082703033:nic1.port1 -> lvl02-0101-0827-03lt0:ethernet19/1,1
2026-09-04 03:36:00.0000000,lvl02-0101-0827-03lt0,ethernet19/1,lvl021082703033,nic1.port1,50,3,0,0,lvl02-0101-0827-03lt0:ethernet19/1 -> lvl021082703033:nic1.port1,lvl021082703033:nic1.port1 -> lvl02-0101-0827-03lt0:ethernet19/1,1
2026-09-04 03:36:00.0000000,lvl02-0101-0827-03lt0,ethernet19/1,lvl021082703033,nic1.port1,50,4,0,0,lvl02-0101-0827-03lt0:ethernet19/1 -> lvl021082703033:nic1.port1,lvl021082703033:nic1.port1 -> lvl02-0101-0827-03lt0:ethernet19/1,1
2026-09-04 03:36:00.0000000,lvl02-0101-0827-03lt0,ethernet19/1,lvl021082703033,nic1.port1,50,6,0,0,lvl02-0101-0827-03lt0:ethernet19/1 -> lvl021082703033:nic1.port1,lvl021082703033:nic1.port1 -> lvl02-0101-0827-03lt0:ethernet19/1,1
2026-09-04 03:36:00.0000000,lvl02-0101-0827-03lt0,ethernet2/1,lvl021082703003,nic1.port1,50,2,0,0,lvl02-0101-0827-03lt0:ethernet2/1 -> lvl021082703003:nic1.port1,lvl021082703003:nic1.port1 -> lvl02-0101-0827-03lt0:ethernet2/1,1
2026-09-04 03:36:00.0000000,lvl02-0101-0827-03lt0,ethernet2/1,lvl021082703003,nic1.port1,50,3,0,0,lvl02-0101-0827-03lt0:ethernet2/1 -> lvl021082703003:nic1.port1,lvl021082703003:nic1.port1 -> lvl02-0101-0827-03lt0:ethernet2/1,1
2026-09-04 03:36:00.0000000,lvl02-0101-0827-03lt0,ethernet2/1,lvl021082703003,nic1.port1,50,4,0,0,lvl02-0101-0827-03lt0:ethernet2/1 -> lvl021082703003:nic1.port1,lvl021082703003:nic1.port1 -> lvl02-0101-0827-03lt0:ethernet2/1,1
2026-09-04 03:36:00.0000000,lvl02-0101-0827-03lt0,ethernet2/1,lvl021082703003,nic1.port1,50,6,0,0,lvl02-0101-0827-03lt0:ethernet2/1 -> lvl021082703003:nic1.port1,lvl021082703003:nic1.port1 -> lvl02-0101-0827-03lt0:ethernet2/1,1
2026-09-04 03:36:00.0000000,lvl02-0101-0827-03lt0,ethernet21/1,lvl021082703037,nic1.port1,50,2,0,0,lvl02-0101-0827-03lt0:ethernet21/1 -> lvl021082703037:nic1.port1,lvl021082703037:nic1.port1 -> lvl02-0101-0827-03lt0:ethernet21/1,1
2026-09-04 03:36:00.0000000,lvl02-0101-0827-03lt0,ethernet21/1,lvl021082703037,nic1.port1,50,3,0,0,lvl02-0101-0827-03lt0:ethernet21/1 -> lvl021082703037:nic1.port1,lvl021082703037:nic1.port1 -> lvl02-0101-0827-03lt0:ethernet21/1,1
2026-09-04 03:36:00.0000000,lvl02-0101-0827-03lt0,ethernet21/1,lvl021082703037,nic1.port1,50,4,0,0,lvl02-0101-0827-03lt0:ethernet21/1 -> lvl021082703037:nic1.port1,lvl021082703037:nic1.port1 -> lvl02-0101-0827-03lt0:ethernet21/1,1
2026-09-04 03:36:00.0000000,lvl02-0101-0827-03lt0,ethernet21/1,lvl021082703037,nic1.port1,50,6,0,0,lvl02-0101-0827-03lt0:ethernet21/1 -> lvl021082703037:nic1.port1,lvl021082703037:nic1.port1 -> lvl02-0101-0827-03lt0:ethernet21/1,1
2026-09-04 03:36:00.0000000,lvl02-0101-0827-03lt0,ethernet27/1,lvl021082703045,nic1.port1,50,2,0,0,lvl02-0101-0827-03lt0:ethernet27/1 -> lvl021082703045:nic1.port1,lvl021082703045:nic1.port1 -> lvl02-0101-0827-03lt0:ethernet27/1,1
2026-09-04 03:36:00.0000000,lvl02-0101-0827-03lt0,ethernet27/1,lvl021082703045,nic1.port1,50,3,0,0,lvl02-0101-0827-03lt0:ethernet27/1 -> lvl021082703045:nic1.port1,lvl021082703045:nic1.port1 -> lvl02-0101-0827-03lt0:ethernet27/1,1
2026-09-04 03:36:00.0000000,lvl02-0101-0827-03lt0,ethernet27/1,lvl021082703045,nic1.port1,50,4,0,0,lvl02-0101-0827-03lt0:ethernet27/1 -> lvl021082703045:nic1.port1,lvl021082703045:nic1.port1 -> lvl02-0101-0827-03lt0:ethernet27/1,1
2026-09-04 03:36:00.0000000,lvl02-0101-0827-03lt0,ethernet27/1,lvl021082703045,nic1.port1,50,6,0,0,lvl02-0101-0827-03lt0:ethernet27/1 -> lvl021082703045:nic1.port1,lvl021082703045:nic1.port1 -> lvl02-0101-0827-03lt0:ethernet27/1,1
2026-09-04 03:36:00.0000000,lvl02-0101-0827-03lt0,ethernet29/1,lvl021082703049,nic1.port1,50,2,0,0,lvl02-0101-0827-03lt0:ethernet29/1 -> lvl021082703049:nic1.port1,lvl021082703049:nic1.port1 -> lvl02-0101-0827-03lt0:ethernet29/1,1
2026-09-04 03:36:00.0000000,lvl02-0101-0827-03lt0,ethernet29/1,lvl021082703049,nic1.port1,50,3,0,0,lvl02-0101-0827-03lt0:ethernet29/1 -> lvl021082703049:nic1.port1,lvl021082703049:nic1.port1 -> lvl02-0101-0827-03lt0:ethernet29/1,1
2026-09-04 03:36:00.0000000,lvl02-0101-0827-03lt0,ethernet29/1,lvl021082703049,nic1.port1,50,4,0,0,lvl02-0101-0827-03lt0:ethernet29/1 -> lvl021082703049:nic1.port1,lvl021082703049:nic1.port1 -> lvl02-0101-0827-03lt0:ethernet29/1,1
2026-09-04 03:36:00.0000000,lvl02-0101-0827-03lt0,ethernet29/1,lvl021082703049,nic1.port1,50,6,0,0,lvl02-0101-0827-03lt0:ethernet29/1 -> lvl021082703049:nic1.port1,lvl021082703049:nic1.port1 -> lvl02-0101-0827-03lt0:ethernet29/1,1
2026-09-04 03:36:00.0000000,lvl02-0101-0827-03lt0,ethernet31/1,lvl021082703053,nic1.port1,50,2,0,0,lvl02-0101-0827-03lt0:ethernet31/1 -> lvl021082703053:nic1.port1,lvl021082703053:nic1.port1 -> lvl02-0101-0827-03lt0:ethernet31/1,1
2026-09-04 03:36:00.0000000,lvl02-0101-0827-03lt0,ethernet31/1,lvl021082703053,nic1.port1,50,3,0,670,lvl02-0101-0827-03lt0:ethernet31/1 -> lvl021082703053:nic1.port1,lvl021082703053:nic1.port1 -> lvl02-0101-0827-03lt0:ethernet31/1,1
2026-09-04 03:36:00.0000000,lvl02-0101-0827-03lt0,ethernet31/1,lvl021082703053,nic1.port1,50,4,0,670,lvl02-0101-0827-03lt0:ethernet31/1 -> lvl021082703053:nic1.port1,lvl021082703053:nic1.port1 -> lvl02-0101-0827-03lt0:ethernet31/1,1
2026-09-04 03:36:00.0000000,lvl02-0101-0827-03lt0,ethernet31/1,lvl021082703053,nic1.port1,50,6,0,0,lvl02-0101-0827-03lt0:ethernet31/1 -> lvl021082703053:nic1.port1,lvl021082703053:nic1.port1 -> lvl02-0101-0827-03lt0:ethernet31/1,1
2026-09-04 03:36:00.0000000,lvl02-0101-0827-03lt0,ethernet4/1,lvl021082703007,nic1.port1,50,2,0,0,lvl02-0101-0827-03lt0:ethernet4/1 -> lvl021082703007:nic1.port1,lvl021082703007:nic1.port1 -> lvl02-0101-0827-03lt0:ethernet4/1,1
2026-09-04 03:36:00.0000000,lvl02-0101-0827-03lt0,ethernet4/1,lvl021082703007,nic1.port1,50,3,0,0,lvl02-0101-0827-03lt0:ethernet4/1 -> lvl021082703007:nic1.port1,lvl021082703007:nic1.port1 -> lvl02-0101-0827-03lt0:ethernet4/1,1
2026-09-04 03:36:00.0000000,lvl02-0101-0827-03lt0,ethernet4/1,lvl021082703007,nic1.port1,50,4,0,0,lvl02-0101-0827-03lt0:ethernet4/1 -> lvl021082703007:nic1.port1,lvl021082703007:nic1.port1 -> lvl02-0101-0827-03lt0:ethernet4/1,1
2026-09-04 03:36:00.0000000,lvl02-0101-0827-03lt0,ethernet4/1,lvl021082703007,nic1.port1,50,6,0,0,lvl02-0101-0827-03lt0:ethernet4/1 -> lvl021082703007:nic1.port1,lvl021082703007:nic1.port1 -> lvl02-0101-0827-03lt0:ethernet4/1,1
2026-09-04 03:38:00.0000000,lvl02-0101-0827-03t0,ethernet12/1,lvl021082703019,nic1.port1,50,2,0,0,lvl02-0101-0827-03t0:ethernet12/1 -> lvl021082703019:nic1.port1,lvl021082703019:nic1.port1 -> lvl02-0101-0827-03t0:ethernet12/1,1
2026-09-04 03:38:00.0000000,lvl02-0101-0827-03t0,ethernet12/1,lvl021082703019,nic1.port1,50,3,0,0,lvl02-0101-0827-03t0:ethernet12/1 -> lvl021082703019:nic1.port1,lvl021082703019:nic1.port1 -> lvl02-0101-0827-03t0:ethernet12/1,1
2026-09-04 03:38:00.0000000,lvl02-0101-0827-03t0,ethernet12/1,lvl021082703019,nic1.port1,50,4,0,0,lvl02-0101-0827-03t0:ethernet12/1 -> lvl021082703019:nic1.port1,lvl021082703019:nic1.port1 -> lvl02-0101-0827-03t0:ethernet12/1,1
2026-09-04 03:38:00.0000000,lvl02-0101-0827-03t0,ethernet12/1,lvl021082703019,nic1.port1,50,6,0,0,lvl02-0101-0827-03t0:ethernet12/1 -> lvl021082703019:nic1.port1,lvl021082703019:nic1.port1 -> lvl02-0101-0827-03t0:ethernet12/1,1
2026-09-04 03:38:00.0000000,lvl02-0101-0827-03t0,ethernet14/1,lvl021082703023,nic1.port1,50,2,0,0,lvl02-0101-0827-03t0:ethernet14/1 -> lvl021082703023:nic1.port1,lvl021082703023:nic1.port1 -> lvl02-0101-0827-03t0:ethernet14/1,1
2026-09-04 03:38:00.0000000,lvl02-0101-0827-03t0,ethernet14/1,lvl021082703023,nic1.port1,50,3,0,0,lvl02-0101-0827-03t0:ethernet14/1 -> lvl021082703023:nic1.port1,lvl021082703023:nic1.port1 -> lvl02-0101-0827-03t0:ethernet14/1,1
2026-09-04 03:38:00.0000000,lvl02-0101-0827-03t0,ethernet14/1,lvl021082703023,nic1.port1,50,4,0,0,lvl02-0101-0827-03t0:ethernet14/1 -> lvl021082703023:nic1.port1,lvl021082703023:nic1.port1 -> lvl02-0101-0827-03t0:ethernet14/1,1
2026-09-04 03:38:00.0000000,lvl02-0101-0827-03t0,ethernet14/1,lvl021082703023,nic1.port1,50,6,0,0,lvl02-0101-0827-03t0:ethernet14/1 -> lvl021082703023:nic1.port1,lvl021082703023:nic1.port1 -> lvl02-0101-0827-03t0:ethernet14/1,1
2026-09-04 03:38:00.0000000,lvl02-0101-0827-03t0,ethernet15/1,lvl021082703025,nic1.port1,50,2,0,0,lvl02-0101-0827-03t0:ethernet15/1 -> lvl021082703025:nic1.port1,lvl021082703025:nic1.port1 -> lvl02-0101-0827-03t0:ethernet15/1,1
2026-09-04 03:38:00.0000000,lvl02-0101-0827-03t0,ethernet15/1,lvl021082703025,nic1.port1,50,3,0,0,lvl02-0101-0827-03t0:ethernet15/1 -> lvl021082703025:nic1.port1,lvl021082703025:nic1.port1 -> lvl02-0101-0827-03t0:ethernet15/1,1
2026-09-04 03:38:00.0000000,lvl02-0101-0827-03t0,ethernet15/1,lvl021082703025,nic1.port1,50,4,0,0,lvl02-0101-0827-03t0:ethernet15/1 -> lvl021082703025:nic1.port1,lvl021082703025:nic1.port1 -> lvl02-0101-0827-03t0:ethernet15/1,1
2026-09-04 03:38:00.0000000,lvl02-0101-0827-03t0,ethernet15/1,lvl021082703025,nic1.port1,50,6,0,0,lvl02-0101-0827-03t0:ethernet15/1 -> lvl021082703025:nic1.port1,lvl021082703025:nic1.port1 -> lvl02-0101-0827-03t0:ethernet15/1,1
2026-09-04 03:38:00.0000000,lvl02-0101-0827-03t0,ethernet18/1,lvl021082703031,nic1.port1,50,2,0,0,lvl02-0101-0827-03t0:ethernet18/1 -> lvl021082703031:nic1.port1,lvl021082703031:nic1.port1 -> lvl02-0101-0827-03t0:ethernet18/1,1
2026-09-04 03:38:00.0000000,lvl02-0101-0827-03t0,ethernet18/1,lvl021082703031,nic1.port1,50,3,0,0,lvl02-0101-0827-03t0:ethernet18/1 -> lvl021082703031:nic1.port1,lvl021082703031:nic1.port1 -> lvl02-0101-0827-03t0:ethernet18/1,1
2026-09-04 03:38:00.0000000,lvl02-0101-0827-03t0,ethernet18/1,lvl021082703031,nic1.port1,50,4,0,0,lvl02-0101-0827-03t0:ethernet18/1 -> lvl021082703031:nic1.port1,lvl021082703031:nic1.port1 -> lvl02-0101-0827-03t0:ethernet18/1,1
2026-09-04 03:38:00.0000000,lvl02-0101-0827-03t0,ethernet18/1,lvl021082703031,nic1.port1,50,6,0,0,lvl02-0101-0827-03t0:ethernet18/1 -> lvl021082703031:nic1.port1,lvl021082703031:nic1.port1 -> lvl02-0101-0827-03t0:ethernet18/1,1
2026-09-04 03:38:00.0000000,lvl02-0101-0827-03t0,ethernet19/1,lvl021082703033,nic1.port1,50,2,0,0,lvl02-0101-0827-03t0:ethernet19/1 -> lvl021082703033:nic1.port1,lvl021082703033:nic1.port1 -> lvl02-0101-0827-03t0:ethernet19/1,1
2026-09-04 03:38:00.0000000,lvl02-0101-0827-03t0,ethernet19/1,lvl021082703033,nic1.port1,50,3,0,0,lvl02-0101-0827-03t0:ethernet19/1 -> lvl021082703033:nic1.port1,lvl021082703033:nic1.port1 -> lvl02-0101-0827-03t0:ethernet19/1,1
2026-09-04 03:38:00.0000000,lvl02-0101-0827-03t0,ethernet19/1,lvl021082703033,nic1.port1,50,4,0,0,lvl02-0101-0827-03t0:ethernet19/1 -> lvl021082703033:nic1.port1,lvl021082703033:nic1.port1 -> lvl02-0101-0827-03t0:ethernet19/1,1
2026-09-04 03:38:00.0000000,lvl02-0101-0827-03t0,ethernet19/1,lvl021082703033,nic1.port1,50,6,0,0,lvl02-0101-0827-03t0:ethernet19/1 -> lvl021082703033:nic1.port1,lvl021082703033:nic1.port1 -> lvl02-0101-0827-03t0:ethernet19/1,1
2026-09-04 03:38:00.0000000,lvl02-0101-0827-03t0,ethernet2/1,lvl021082703003,nic1.port1,50,2,0,0,lvl02-0101-0827-03t0:ethernet2/1 -> lvl021082703003:nic1.port1,lvl021082703003:nic1.port1 -> lvl02-0101-0827-03t0:ethernet2/1,1
2026-09-04 03:38:00.0000000,lvl02-0101-0827-03t0,ethernet2/1,lvl021082703003,nic1.port1,50,3,0,0,lvl02-0101-0827-03t0:ethernet2/1 -> lvl021082703003:nic1.port1,lvl021082703003:nic1.port1 -> lvl02-0101-0827-03t0:ethernet2/1,1
2026-09-04 03:38:00.0000000,lvl02-0101-0827-03t0,ethernet2/1,lvl021082703003,nic1.port1,50,4,0,0,lvl02-0101-0827-03t0:ethernet2/1 -> lvl021082703003:nic1.port1,lvl021082703003:nic1.port1 -> lvl02-0101-0827-03t0:ethernet2/1,1
2026-09-04 03:38:00.0000000,lvl02-0101-0827-03t0,ethernet2/1,lvl021082703003,nic1.port1,50,6,0,0,lvl02-0101-0827-03t0:ethernet2/1 -> lvl021082703003:nic1.port1,lvl021082703003:nic1.port1 -> lvl02-0101-0827-03t0:ethernet2/1,1
2026-09-04 03:38:00.0000000,lvl02-0101-0827-03t0,ethernet21/1,lvl021082703037,nic1.port1,50,2,0,0,lvl02-0101-0827-03t0:ethernet21/1 -> lvl021082703037:nic1.port1,lvl021082703037:nic1.port1 -> lvl02-0101-0827-03t0:ethernet21/1,1
2026-09-04 03:38:00.0000000,lvl02-0101-0827-03t0,ethernet21/1,lvl021082703037,nic1.port1,50,3,0,0,lvl02-0101-0827-03t0:ethernet21/1 -> lvl021082703037:nic1.port1,lvl021082703037:nic1.port1 -> lvl02-0101-0827-03t0:ethernet21/1,1
2026-09-04 03:38:00.0000000,lvl02-0101-0827-03t0,ethernet21/1,lvl021082703037,nic1.port1,50,4,0,0,lvl02-0101-0827-03t0:ethernet21/1 -> lvl021082703037:nic1.port1,lvl021082703037:nic1.port1 -> lvl02-0101-0827-03t0:ethernet21/1,1
2026-09-04 03:38:00.0000000,lvl02-0101-0827-03t0,ethernet21/1,lvl021082703037,nic1.port1,50,6,0,0,lvl02-0101-0827-03t0:ethernet21/1 -> lvl021082703037:nic1.port1,lvl021082703037:nic1.port1 -> lvl02-0101-0827-03t0:ethernet21/1,1
2026-09-04 03:38:00.0000000,lvl02-0101-0827-03t0,ethernet27/1,lvl021082703045,nic1.port1,50,2,0,0,lvl02-0101-0827-03t0:ethernet27/1 -> lvl021082703045:nic1.port1,lvl021082703045:nic1.port1 -> lvl02-0101-0827-03t0:ethernet27/1,1
2026-09-04 03:38:00.0000000,lvl02-0101-0827-03t0,ethernet27/1,lvl021082703045,nic1.port1,50,3,0,0,lvl02-0101-0827-03t0:ethernet27/1 -> lvl021082703045:nic1.port1,lvl021082703045:nic1.port1 -> lvl02-0101-0827-03t0:ethernet27/1,1
2026-09-04 03:38:00.0000000,lvl02-0101-0827-03t0,ethernet27/1,lvl021082703045,nic1.port1,50,4,0,0,lvl02-0101-0827-03t0:ethernet27/1 -> lvl021082703045:nic1.port1,lvl021082703045:nic1.port1 -> lvl02-0101-0827-03t0:ethernet27/1,1
2026-09-04 03:38:00.0000000,lvl02-0101-0827-03t0,ethernet27/1,lvl021082703045,nic1.port1,50,6,0,0,lvl02-0101-0827-03t0:ethernet27/1 -> lvl021082703045:nic1.port1,lvl021082703045:nic1.port1 -> lvl02-0101-0827-03t0:ethernet27/1,1
2026-09-04 03:38:00.0000000,lvl02-0101-0827-03t0,ethernet29/1,lvl021082703049,nic1.port1,50,2,0,0,lvl02-0101-0827-03t0:ethernet29/1 -> lvl021082703049:nic1.port1,lvl021082703049:nic1.port1 -> lvl02-0101-0827-03t0:ethernet29/1,1
2026-09-04 03:38:00.0000000,lvl02-0101-0827-03t0,ethernet29/1,lvl021082703049,nic1.port1,50,3,0,0,lvl02-0101-0827-03t0:ethernet29/1 -> lvl021082703049:nic1.port1,lvl021082703049:nic1.port1 -> lvl02-0101-0827-03t0:ethernet29/1,1
2026-09-04 03:38:00.0000000,lvl02-0101-0827-03t0,ethernet29/1,lvl021082703049,nic1.port1,50,4,0,0,lvl02-0101-0827-03t0:ethernet29/1 -> lvl021082703049:nic1.port1,lvl021082703049:nic1.port1 -> lvl02-0101-0827-03t0:ethernet29/1,1
2026-09-04 03:38:00.0000000,lvl02-0101-0827-03t0,ethernet29/1,lvl021082703049,nic1.port1,50,6,0,0,lvl02-0101-0827-03t0:ethernet29/1 -> lvl021082703049:nic1.port1,lvl021082703049:nic1.port1 -> lvl02-0101-0827-03t0:ethernet29/1,1
2026-09-04 03:38:00.0000000,lvl02-0101-0827-03t0,ethernet31/1,lvl021082703053,nic1.port1,50,2,0,0,lvl02-0101-0827-03t0:ethernet31/1 -> lvl021082703053:nic1.port1,lvl021082703053:nic1.port1 -> lvl02-0101-0827-03t0:ethernet31/1,1
2026-09-04 03:38:00.0000000,lvl02-0101-0827-03t0,ethernet31/1,lvl021082703053,nic1.port1,50,3,0,610,lvl02-0101-0827-03t0:ethernet31/1 -> lvl021082703053:nic1.port1,lvl021082703053:nic1.port1 -> lvl02-0101-0827-03t0:ethernet31/1,1
2026-09-04 03:38:00.0000000,lvl02-0101-0827-03t0,ethernet31/1,lvl021082703053,nic1.port1,50,4,0,610,lvl02-0101-0827-03t0:ethernet31/1 -> lvl021082703053:nic1.port1,lvl021082703053:nic1.port1 -> lvl02-0101-0827-03t0:ethernet31/1,1
2026-09-04 03:38:00.0000000,lvl02-0101-0827-03t0,ethernet31/1,lvl021082703053,nic1.port1,50,6,0,0,lvl02-0101-0827-03t0:ethernet31/1 -> lvl021082703053:nic1.port1,lvl021082703053:nic1.port1 -> lvl02-0101-0827-03t0:ethernet31/1,1
2026-09-04 03:38:00.0000000,lvl02-0101-0827-03t0,ethernet4/1,lvl021082703007,nic1.port1,50,2,0,0,lvl02-0101-0827-03t0:ethernet4/1 -> lvl021082703007:nic1.port1,lvl021082703007:nic1.port1 -> lvl02-0101-0827-03t0:ethernet4/1,1
2026-09-04 03:38:00.0000000,lvl02-0101-0827-03t0,ethernet4/1,lvl021082703007,nic1.port1,50,3,0,0,lvl02-0101-0827-03t0:ethernet4/1 -> lvl021082703007:nic1.port1,lvl021082703007:nic1.port1 -> lvl02-0101-0827-03t0:ethernet4/1,1
2026-09-04 03:38:00.0000000,lvl02-0101-0827-03t0,ethernet4/1,lvl021082703007,nic1.port1,50,4,0,0,lvl02-0101-0827-03t0:ethernet4/1 -> lvl021082703007:nic1.port1,lvl021082703007:nic1.port1 -> lvl02-0101-0827-03t0:ethernet4/1,1
2026-09-04 03:38:00.0000000,lvl02-0101-0827-03t0,ethernet4/1,lvl021082703007,nic1.port1,50,6,0,0,lvl02-0101-0827-03t0:ethernet4/1 -> lvl021082703007:nic1.port1,lvl021082703007:nic1.port1 -> lvl02-0101-0827-03t0:ethernet4/1,1
2026-09-04 03:41:00.0000000,lvl02-0101-0827-03lt0,ethernet12/1,lvl021082703019,nic1.port1,50,2,0,0,lvl02-0101-0827-03lt0:ethernet12/1 -> lvl021082703019:nic1.port1,lvl021082703019:nic1.port1 -> lvl02-0101-0827-03lt0:ethernet12/1,1
2026-09-04 03:41:00.0000000,lvl02-0101-0827-03lt0,ethernet12/1,lvl021082703019,nic1.port1,50,3,0,0,lvl02-0101-0827-03lt0:ethernet12/1 -> lvl021082703019:nic1.port1,lvl021082703019:nic1.port1 -> lvl02-0101-0827-03lt0:ethernet12/1,1
2026-09-04 03:41:00.0000000,lvl02-0101-0827-03lt0,ethernet12/1,lvl021082703019,nic1.port1,50,4,0,0,lvl02-0101-0827-03lt0:ethernet12/1 -> lvl021082703019:nic1.port1,lvl021082703019:nic1.port1 -> lvl02-0101-0827-03lt0:ethernet12/1,1
2026-09-04 03:41:00.0000000,lvl02-0101-0827-03lt0,ethernet12/1,lvl021082703019,nic1.port1,50,6,0,0,lvl02-0101-0827-03lt0:ethernet12/1 -> lvl021082703019:nic1.port1,lvl021082703019:nic1.port1 -> lvl02-0101-0827-03lt0:ethernet12/1,1
2026-09-04 03:41:00.0000000,lvl02-0101-0827-03lt0,ethernet14/1,lvl021082703023,nic1.port1,50,2,0,0,lvl02-0101-0827-03lt0:ethernet14/1 -> lvl021082703023:nic1.port1,lvl021082703023:nic1.port1 -> lvl02-0101-0827-03lt0:ethernet14/1,1
2026-09-04 03:41:00.0000000,lvl02-0101-0827-03lt0,ethernet14/1,lvl021082703023,nic1.port1,50,3,0,0,lvl02-0101-0827-03lt0:ethernet14/1 -> lvl021082703023:nic1.port1,lvl021082703023:nic1.port1 -> lvl02-0101-0827-03lt0:ethernet14/1,1
2026-09-04 03:41:00.0000000,lvl02-0101-0827-03lt0,ethernet14/1,lvl021082703023,nic1.port1,50,4,0,0,lvl02-0101-0827-03lt0:ethernet14/1 -> lvl021082703023:nic1.port1,lvl021082703023:nic1.port1 -> lvl02-0101-0827-03lt0:ethernet14/1,1
2026-09-04 03:41:00.0000000,lvl02-0101-0827-03lt0,ethernet14/1,lvl021082703023,nic1.port1,50,6,0,0,lvl02-0101-0827-03lt0:ethernet14/1 -> lvl021082703023:nic1.port1,lvl021082703023:nic1.port1 -> lvl02-0101-0827-03lt0:ethernet14/1,1
2026-09-04 03:41:00.0000000,lvl02-0101-0827-03lt0,ethernet15/1,lvl021082703025,nic1.port1,50,2,0,0,lvl02-0101-0827-03lt0:ethernet15/1 -> lvl021082703025:nic1.port1,lvl021082703025:nic1.port1 -> lvl02-0101-0827-03lt0:ethernet15/1,1
2026-09-04 03:41:00.0000000,lvl02-0101-0827-03lt0,ethernet15/1,lvl021082703025,nic1.port1,50,3,0,0,lvl02-0101-0827-03lt0:ethernet15/1 -> lvl021082703025:nic1.port1,lvl021082703025:nic1.port1 -> lvl02-0101-0827-03lt0:ethernet15/1,1
2026-09-04 03:41:00.0000000,lvl02-0101-0827-03lt0,ethernet15/1,lvl021082703025,nic1.port1,50,4,0,0,lvl02-0101-0827-03lt0:ethernet15/1 -> lvl021082703025:nic1.port1,lvl021082703025:nic1.port1 -> lvl02-0101-0827-03lt0:ethernet15/1,1
2026-09-04 03:41:00.0000000,lvl02-0101-0827-03lt0,ethernet15/1,lvl021082703025,nic1.port1,50,6,0,0,lvl02-0101-0827-03lt0:ethernet15/1 -> lvl021082703025:nic1.port1,lvl021082703025:nic1.port1 -> lvl02-0101-0827-03lt0:ethernet15/1,1
2026-09-04 03:41:00.0000000,lvl02-0101-0827-03lt0,ethernet18/1,lvl021082703031,nic1.port1,50,2,0,0,lvl02-0101-0827-03lt0:ethernet18/1 -> lvl021082703031:nic1.port1,lvl021082703031:nic1.port1 -> lvl02-0101-0827-03lt0:ethernet18/1,1
2026-09-04 03:41:00.0000000,lvl02-0101-0827-03lt0,ethernet18/1,lvl021082703031,nic1.port1,50,3,0,0,lvl02-0101-0827-03lt0:ethernet18/1 -> lvl021082703031:nic1.port1,lvl021082703031:nic1.port1 -> lvl02-0101-0827-03lt0:ethernet18/1,1
2026-09-04 03:41:00.0000000,lvl02-0101-0827-03lt0,ethernet18/1,lvl021082703031,nic1.port1,50,4,0,0,lvl02-0101-0827-03lt0:ethernet18/1 -> lvl021082703031:nic1.port1,lvl021082703031:nic1.port1 -> lvl02-0101-0827-03lt0:ethernet18/1,1
2026-09-04 03:41:00.0000000,lvl02-0101-0827-03lt0,ethernet18/1,lvl021082703031,nic1.port1,50,6,0,0,lvl02-0101-0827-03lt0:ethernet18/1 -> lvl021082703031:nic1.port1,lvl021082703031:nic1.port1 -> lvl02-0101-0827-03lt0:ethernet18/1,1
2026-09-04 03:41:00.0000000,lvl02-0101-0827-03lt0,ethernet19/1,lvl021082703033,nic1.port1,50,2,0,0,lvl02-0101-0827-03lt0:ethernet19/1 -> lvl021082703033:nic1.port1,lvl021082703033:nic1.port1 -> lvl02-0101-0827-03lt0:ethernet19/1,1
2026-09-04 03:41:00.0000000,lvl02-0101-0827-03lt0,ethernet19/1,lvl021082703033,nic1.port1,50,3,0,0,lvl02-0101-0827-03lt0:ethernet19/1 -> lvl021082703033:nic1.port1,lvl021082703033:nic1.port1 -> lvl02-0101-0827-03lt0:ethernet19/1,1
2026-09-04 03:41:00.0000000,lvl02-0101-0827-03lt0,ethernet19/1,lvl021082703033,nic1.port1,50,4,0,0,lvl02-0101-0827-03lt0:ethernet19/1 -> lvl021082703033:nic1.port1,lvl021082703033:nic1.port1 -> lvl02-0101-0827-03lt0:ethernet19/1,1
2026-09-04 03:41:00.0000000,lvl02-0101-0827-03lt0,ethernet19/1,lvl021082703033,nic1.port1,50,6,0,0,lvl02-0101-0827-03lt0:ethernet19/1 -> lvl021082703033:nic1.port1,lvl021082703033:nic1.port1 -> lvl02-0101-0827-03lt0:ethernet19/1,1
2026-09-04 03:41:00.0000000,lvl02-0101-0827-03lt0,ethernet2/1,lvl021082703003,nic1.port1,50,2,0,0,lvl02-0101-0827-03lt0:ethernet2/1 -> lvl021082703003:nic1.port1,lvl021082703003:nic1.port1 -> lvl02-0101-0827-03lt0:ethernet2/1,1
2026-09-04 03:41:00.0000000,lvl02-0101-0827-03lt0,ethernet2/1,lvl021082703003,nic1.port1,50,3,0,0,lvl02-0101-0827-03lt0:ethernet2/1 -> lvl021082703003:nic1.port1,lvl021082703003:nic1.port1 -> lvl02-0101-0827-03lt0:ethernet2/1,1
2026-09-04 03:41:00.0000000,lvl02-0101-0827-03lt0,ethernet2/1,lvl021082703003,nic1.port1,50,4,0,0,lvl02-0101-0827-03lt0:ethernet2/1 -> lvl021082703003:nic1.port1,lvl021082703003:nic1.port1 -> lvl02-0101-0827-03lt0:ethernet2/1,1
2026-09-04 03:41:00.0000000,lvl02-0101-0827-03lt0,ethernet2/1,lvl021082703003,nic1.port1,50,6,0,0,lvl02-0101-0827-03lt0:ethernet2/1 -> lvl021082703003:nic1.port1,lvl021082703003:nic1.port1 -> lvl02-0101-0827-03lt0:ethernet2/1,1
2026-09-04 03:41:00.0000000,lvl02-0101-0827-03lt0,ethernet21/1,lvl021082703037,nic1.port1,50,2,0,0,lvl02-0101-0827-03lt0:ethernet21/1 -> lvl021082703037:nic1.port1,lvl021082703037:nic1.port1 -> lvl02-0101-0827-03lt0:ethernet21/1,1
2026-09-04 03:41:00.0000000,lvl02-0101-0827-03lt0,ethernet21/1,lvl021082703037,nic1.port1,50,3,0,0,lvl02-0101-0827-03lt0:ethernet21/1 -> lvl021082703037:nic1.port1,lvl021082703037:nic1.port1 -> lvl02-0101-0827-03lt0:ethernet21/1,1
2026-09-04 03:41:00.0000000,lvl02-0101-0827-03lt0,ethernet21/1,lvl021082703037,nic1.port1,50,4,0,0,lvl02-0101-0827-03lt0:ethernet21/1 -> lvl021082703037:nic1.port1,lvl021082703037:nic1.port1 -> lvl02-0101-0827-03lt0:ethernet21/1,1
2026-09-04 03:41:00.0000000,lvl02-0101-0827-03lt0,ethernet21/1,lvl021082703037,nic1.port1,50,6,0,0,lvl02-0101-0827-03lt0:ethernet21/1 -> lvl021082703037:nic1.port1,lvl021082703037:nic1.port1 -> lvl02-0101-0827-03lt0:ethernet21/1,1
2026-09-04 03:41:00.0000000,lvl02-0101-0827-03lt0,ethernet27/1,lvl021082703045,nic1.port1,50,2,0,0,lvl02-0101-0827-03lt0:ethernet27/1 -> lvl021082703045:nic1.port1,lvl021082703045:nic1.port1 -> lvl02-0101-0827-03lt0:ethernet27/1,1
2026-09-04 03:41:00.0000000,lvl02-0101-0827-03lt0,ethernet27/1,lvl021082703045,nic1.port1,50,3,0,0,lvl02-0101-0827-03lt0:ethernet27/1 -> lvl021082703045:nic1.port1,lvl021082703045:nic1.port1 -> lvl02-0101-0827-03lt0:ethernet27/1,1
2026-09-04 03:41:00.0000000,lvl02-0101-0827-03lt0,ethernet27/1,lvl021082703045,nic1.port1,50,4,0,0,lvl02-0101-0827-03lt0:ethernet27/1 -> lvl021082703045:nic1.port1,lvl021082703045:nic1.port1 -> lvl02-0101-0827-03lt0:ethernet27/1,1
2026-09-04 03:41:00.0000000,lvl02-0101-0827-03lt0,ethernet27/1,lvl021082703045,nic1.port1,50,6,0,0,lvl02-0101-0827-03lt0:ethernet27/1 -> lvl021082703045:nic1.port1,lvl021082703045:nic1.port1 -> lvl02-0101-0827-03lt0:ethernet27/1,1
2026-09-04 03:41:00.0000000,lvl02-0101-0827-03lt0,ethernet29/1,lvl021082703049,nic1.port1,50,2,0,0,lvl02-0101-0827-03lt0:ethernet29/1 -> lvl021082703049:nic1.port1,lvl021082703049:nic1.port1 -> lvl02-0101-0827-03lt0:ethernet29/1,1
2026-09-04 03:41:00.0000000,lvl02-0101-0827-03lt0,ethernet29/1,lvl021082703049,nic1.port1,50,3,0,0,lvl02-0101-0827-03lt0:ethernet29/1 -> lvl021082703049:nic1.port1,lvl021082703049:nic1.port1 -> lvl02-0101-0827-03lt0:ethernet29/1,1
2026-09-04 03:41:00.0000000,lvl02-0101-0827-03lt0,ethernet29/1,lvl021082703049,nic1.port1,50,4,0,0,lvl02-0101-0827-03lt0:ethernet29/1 -> lvl021082703049:nic1.port1,lvl021082703049:nic1.port1 -> lvl02-0101-0827-03lt0:ethernet29/1,1
2026-09-04 03:41:00.0000000,lvl02-0101-0827-03lt0,ethernet29/1,lvl021082703049,nic1.port1,50,6,0,0,lvl02-0101-0827-03lt0:ethernet29/1 -> lvl021082703049:nic1.port1,lvl021082703049:nic1.port1 -> lvl02-0101-0827-03lt0:ethernet29/1,1
2026-09-04 03:41:00.0000000,lvl02-0101-0827-03lt0,ethernet31/1,lvl021082703053,nic1.port1,50,2,0,0,lvl02-0101-0827-03lt0:ethernet31/1 -> lvl021082703053:nic1.port1,lvl021082703053:nic1.port1 -> lvl02-0101-0827-03lt0:ethernet31/1,1
2026-09-04 03:41:00.0000000,lvl02-0101-0827-03lt0,ethernet31/1,lvl021082703053,nic1.port1,50,3,0,60,lvl02-0101-0827-03lt0:ethernet31/1 -> lvl021082703053:nic1.port1,lvl021082703053:nic1.port1 -> lvl02-0101-0827-03lt0:ethernet31/1,1
2026-09-04 03:41:00.0000000,lvl02-0101-0827-03lt0,ethernet31/1,lvl021082703053,nic1.port1,50,4,0,60,lvl02-0101-0827-03lt0:ethernet31/1 -> lvl021082703053:nic1.port1,lvl021082703053:nic1.port1 -> lvl02-0101-0827-03lt0:ethernet31/1,1
2026-09-04 03:41:00.0000000,lvl02-0101-0827-03lt0,ethernet31/1,lvl021082703053,nic1.port1,50,6,0,0,lvl02-0101-0827-03lt0:ethernet31/1 -> lvl021082703053:nic1.port1,lvl021082703053:nic1.port1 -> lvl02-0101-0827-03lt0:ethernet31/1,1
2026-09-04 03:41:00.0000000,lvl02-0101-0827-03lt0,ethernet4/1,lvl021082703007,nic1.port1,50,2,0,0,lvl02-0101-0827-03lt0:ethernet4/1 -> lvl021082703007:nic1.port1,lvl021082703007:nic1.port1 -> lvl02-0101-0827-03lt0:ethernet4/1,1
2026-09-04 03:41:00.0000000,lvl02-0101-0827-03lt0,ethernet4/1,lvl021082703007,nic1.port1,50,3,0,0,lvl02-0101-0827-03lt0:ethernet4/1 -> lvl021082703007:nic1.port1,lvl021082703007:nic1.port1 -> lvl02-0101-0827-03lt0:ethernet4/1,1
2026-09-04 03:41:00.0000000,lvl02-0101-0827-03lt0,ethernet4/1,lvl021082703007,nic1.port1,50,4,0,0,lvl02-0101-0827-03lt0:ethernet4/1 -> lvl021082703007:nic1.port1,lvl021082703007:nic1.port1 -> lvl02-0101-0827-03lt0:ethernet4/1,1
2026-09-04 03:41:00.0000000,lvl02-0101-0827-03lt0,ethernet4/1,lvl021082703007,nic1.port1,50,6,0,0,lvl02-0101-0827-03lt0:ethernet4/1 -> lvl021082703007:nic1.port1,lvl021082703007:nic1.port1 -> lvl02-0101-0827-03lt0:ethernet4/1,1
2026-09-04 03:43:00.0000000,lvl02-0101-0827-03t0,ethernet12/1,lvl021082703019,nic1.port1,50,2,0,0,lvl02-0101-0827-03t0:ethernet12/1 -> lvl021082703019:nic1.port1,lvl021082703019:nic1.port1 -> lvl02-0101-0827-03t0:ethernet12/1,1
2026-09-04 03:43:00.0000000,lvl02-0101-0827-03t0,ethernet12/1,lvl021082703019,nic1.port1,50,3,0,0,lvl02-0101-0827-03t0:ethernet12/1 -> lvl021082703019:nic1.port1,lvl021082703019:nic1.port1 -> lvl02-0101-0827-03t0:ethernet12/1,1
2026-09-04 03:43:00.0000000,lvl02-0101-0827-03t0,ethernet12/1,lvl021082703019,nic1.port1,50,4,0,0,lvl02-0101-0827-03t0:ethernet12/1 -> lvl021082703019:nic1.port1,lvl021082703019:nic1.port1 -> lvl02-0101-0827-03t0:ethernet12/1,1
2026-09-04 03:43:00.0000000,lvl02-0101-0827-03t0,ethernet12/1,lvl021082703019,nic1.port1,50,6,0,0,lvl02-0101-0827-03t0:ethernet12/1 -> lvl021082703019:nic1.port1,lvl021082703019:nic1.port1 -> lvl02-0101-0827-03t0:ethernet12/1,1
2026-09-04 03:43:00.0000000,lvl02-0101-0827-03t0,ethernet14/1,lvl021082703023,nic1.port1,50,2,0,0,lvl02-0101-0827-03t0:ethernet14/1 -> lvl021082703023:nic1.port1,lvl021082703023:nic1.port1 -> lvl02-0101-0827-03t0:ethernet14/1,1
2026-09-04 03:43:00.0000000,lvl02-0101-0827-03t0,ethernet14/1,lvl021082703023,nic1.port1,50,3,0,0,lvl02-0101-0827-03t0:ethernet14/1 -> lvl021082703023:nic1.port1,lvl021082703023:nic1.port1 -> lvl02-0101-0827-03t0:ethernet14/1,1
2026-09-04 03:43:00.0000000,lvl02-0101-0827-03t0,ethernet14/1,lvl021082703023,nic1.port1,50,4,0,0,lvl02-0101-0827-03t0:ethernet14/1 -> lvl021082703023:nic1.port1,lvl021082703023:nic1.port1 -> lvl02-0101-0827-03t0:ethernet14/1,1
2026-09-04 03:43:00.0000000,lvl02-0101-0827-03t0,ethernet14/1,lvl021082703023,nic1.port1,50,6,0,0,lvl02-0101-0827-03t0:ethernet14/1 -> lvl021082703023:nic1.port1,lvl021082703023:nic1.port1 -> lvl02-0101-0827-03t0:ethernet14/1,1
2026-09-04 03:43:00.0000000,lvl02-0101-0827-03t0,ethernet15/1,lvl021082703025,nic1.port1,50,2,0,0,lvl02-0101-0827-03t0:ethernet15/1 -> lvl021082703025:nic1.port1,lvl021082703025:nic1.port1 -> lvl02-0101-0827-03t0:ethernet15/1,1
2026-09-04 03:43:00.0000000,lvl02-0101-0827-03t0,ethernet15/1,lvl021082703025,nic1.port1,50,3,0,0,lvl02-0101-0827-03t0:ethernet15/1 -> lvl021082703025:nic1.port1,lvl021082703025:nic1.port1 -> lvl02-0101-0827-03t0:ethernet15/1,1
2026-09-04 03:43:00.0000000,lvl02-0101-0827-03t0,ethernet15/1,lvl021082703025,nic1.port1,50,4,0,0,lvl02-0101-0827-03t0:ethernet15/1 -> lvl021082703025:nic1.port1,lvl021082703025:nic1.port1 -> lvl02-0101-0827-03t0:ethernet15/1,1
2026-09-04 03:43:00.0000000,lvl02-0101-0827-03t0,ethernet15/1,lvl021082703025,nic1.port1,50,6,0,0,lvl02-0101-0827-03t0:ethernet15/1 -> lvl021082703025:nic1.port1,lvl021082703025:nic1.port1 -> lvl02-0101-0827-03t0:ethernet15/1,1
2026-09-04 03:43:00.0000000,lvl02-0101-0827-03t0,ethernet18/1,lvl021082703031,nic1.port1,50,2,0,0,lvl02-0101-0827-03t0:ethernet18/1 -> lvl021082703031:nic1.port1,lvl021082703031:nic1.port1 -> lvl02-0101-0827-03t0:ethernet18/1,1
2026-09-04 03:43:00.0000000,lvl02-0101-0827-03t0,ethernet18/1,lvl021082703031,nic1.port1,50,3,0,0,lvl02-0101-0827-03t0:ethernet18/1 -> lvl021082703031:nic1.port1,lvl021082703031:nic1.port1 -> lvl02-0101-0827-03t0:ethernet18/1,1
2026-09-04 03:43:00.0000000,lvl02-0101-0827-03t0,ethernet18/1,lvl021082703031,nic1.port1,50,4,0,0,lvl02-0101-0827-03t0:ethernet18/1 -> lvl021082703031:nic1.port1,lvl021082703031:nic1.port1 -> lvl02-0101-0827-03t0:ethernet18/1,1
2026-09-04 03:43:00.0000000,lvl02-0101-0827-03t0,ethernet18/1,lvl021082703031,nic1.port1,50,6,0,0,lvl02-0101-0827-03t0:ethernet18/1 -> lvl021082703031:nic1.port1,lvl021082703031:nic1.port1 -> lvl02-0101-0827-03t0:ethernet18/1,1
2026-09-04 03:43:00.0000000,lvl02-0101-0827-03t0,ethernet19/1,lvl021082703033,nic1.port1,50,2,0,0,lvl02-0101-0827-03t0:ethernet19/1 -> lvl021082703033:nic1.port1,lvl021082703033:nic1.port1 -> lvl02-0101-0827-03t0:ethernet19/1,1
2026-09-04 03:43:00.0000000,lvl02-0101-0827-03t0,ethernet19/1,lvl021082703033,nic1.port1,50,3,0,0,lvl02-0101-0827-03t0:ethernet19/1 -> lvl021082703033:nic1.port1,lvl021082703033:nic1.port1 -> lvl02-0101-0827-03t0:ethernet19/1,1
2026-09-04 03:43:00.0000000,lvl02-0101-0827-03t0,ethernet19/1,lvl021082703033,nic1.port1,50,4,0,0,lvl02-0101-0827-03t0:ethernet19/1 -> lvl021082703033:nic1.port1,lvl021082703033:nic1.port1 -> lvl02-0101-0827-03t0:ethernet19/1,1
2026-09-04 03:43:00.0000000,lvl02-0101-0827-03t0,ethernet19/1,lvl021082703033,nic1.port1,50,6,0,0,lvl02-0101-0827-03t0:ethernet19/1 -> lvl021082703033:nic1.port1,lvl021082703033:nic1.port1 -> lvl02-0101-0827-03t0:ethernet19/1,1
2026-09-04 03:43:00.0000000,lvl02-0101-0827-03t0,ethernet2/1,lvl021082703003,nic1.port1,50,2,0,0,lvl02-0101-0827-03t0:ethernet2/1 -> lvl021082703003:nic1.port1,lvl021082703003:nic1.port1 -> lvl02-0101-0827-03t0:ethernet2/1,1
2026-09-04 03:43:00.0000000,lvl02-0101-0827-03t0,ethernet2/1,lvl021082703003,nic1.port1,50,3,0,0,lvl02-0101-0827-03t0:ethernet2/1 -> lvl021082703003:nic1.port1,lvl021082703003:nic1.port1 -> lvl02-0101-0827-03t0:ethernet2/1,1
2026-09-04 03:43:00.0000000,lvl02-0101-0827-03t0,ethernet2/1,lvl021082703003,nic1.port1,50,4,0,0,lvl02-0101-0827-03t0:ethernet2/1 -> lvl021082703003:nic1.port1,lvl021082703003:nic1.port1 -> lvl02-0101-0827-03t0:ethernet2/1,1
2026-09-04 03:43:00.0000000,lvl02-0101-0827-03t0,ethernet2/1,lvl021082703003,nic1.port1,50,6,0,0,lvl02-0101-0827-03t0:ethernet2/1 -> lvl021082703003:nic1.port1,lvl021082703003:nic1.port1 -> lvl02-0101-0827-03t0:ethernet2/1,1
2026-09-04 03:43:00.0000000,lvl02-0101-0827-03t0,ethernet21/1,lvl021082703037,nic1.port1,50,2,0,0,lvl02-0101-0827-03t0:ethernet21/1 -> lvl021082703037:nic1.port1,lvl021082703037:nic1.port1 -> lvl02-0101-0827-03t0:ethernet21/1,1
2026-09-04 03:43:00.0000000,lvl02-0101-0827-03t0,ethernet21/1,lvl021082703037,nic1.port1,50,3,0,0,lvl02-0101-0827-03t0:ethernet21/1 -> lvl021082703037:nic1.port1,lvl021082703037:nic1.port1 -> lvl02-0101-0827-03t0:ethernet21/1,1
2026-09-04 03:43:00.0000000,lvl02-0101-0827-03t0,ethernet21/1,lvl021082703037,nic1.port1,50,4,0,0,lvl02-0101-0827-03t0:ethernet21/1 -> lvl021082703037:nic1.port1,lvl021082703037:nic1.port1 -> lvl02-0101-0827-03t0:ethernet21/1,1
2026-09-04 03:43:00.0000000,lvl02-0101-0827-03t0,ethernet21/1,lvl021082703037,nic1.port1,50,6,0,0,lvl02-0101-0827-03t0:ethernet21/1 -> lvl021082703037:nic1.port1,lvl021082703037:nic1.port1 -> lvl02-0101-0827-03t0:ethernet21/1,1
2026-09-04 03:43:00.0000000,lvl02-0101-0827-03t0,ethernet27/1,lvl021082703045,nic1.port1,50,2,0,0,lvl02-0101-0827-03t0:ethernet27/1 -> lvl021082703045:nic1.port1,lvl021082703045:nic1.port1 -> lvl02-0101-0827-03t0:ethernet27/1,1
2026-09-04 03:43:00.0000000,lvl02-0101-0827-03t0,ethernet27/1,lvl021082703045,nic1.port1,50,3,0,0,lvl02-0101-0827-03t0:ethernet27/1 -> lvl021082703045:nic1.port1,lvl021082703045:nic1.port1 -> lvl02-0101-0827-03t0:ethernet27/1,1
2026-09-04 03:43:00.0000000,lvl02-0101-0827-03t0,ethernet27/1,lvl021082703045,nic1.port1,50,4,0,0,lvl02-0101-0827-03t0:ethernet27/1 -> lvl021082703045:nic1.port1,lvl021082703045:nic1.port1 -> lvl02-0101-0827-03t0:ethernet27/1,1
2026-09-04 03:43:00.0000000,lvl02-0101-0827-03t0,ethernet27/1,lvl021082703045,nic1.port1,50,6,0,0,lvl02-0101-0827-03t0:ethernet27/1 -> lvl021082703045:nic1.port1,lvl021082703045:nic1.port1 -> lvl02-0101-0827-03t0:ethernet27/1,1
2026-09-04 03:43:00.0000000,lvl02-0101-0827-03t0,ethernet29/1,lvl021082703049,nic1.port1,50,2,0,0,lvl02-0101-0827-03t0:ethernet29/1 -> lvl021082703049:nic1.port1,lvl021082703049:nic1.port1 -> lvl02-0101-0827-03t0:ethernet29/1,1
2026-09-04 03:43:00.0000000,lvl02-0101-0827-03t0,ethernet29/1,lvl021082703049,nic1.port1,50,3,0,0,lvl02-0101-0827-03t0:ethernet29/1 -> lvl021082703049:nic1.port1,lvl021082703049:nic1.port1 -> lvl02-0101-0827-03t0:ethernet29/1,1
2026-09-04 03:43:00.0000000,lvl02-0101-0827-03t0,ethernet29/1,lvl021082703049,nic1.port1,50,4,0,0,lvl02-0101-0827-03t0:ethernet29/1 -> lvl021082703049:nic1.port1,lvl021082703049:nic1.port1 -> lvl02-0101-0827-03t0:ethernet29/1,1
2026-09-04 03:43:00.0000000,lvl02-0101-0827-03t0,ethernet29/1,lvl021082703049,nic1.port1,50,6,0,0,lvl02-0101-0827-03t0:ethernet29/1 -> lvl021082703049:nic1.port1,lvl021082703049:nic1.port1 -> lvl02-0101-0827-03t0:ethernet29/1,1
2026-09-04 03:43:00.0000000,lvl02-0101-0827-03t0,ethernet31/1,lvl021082703053,nic1.port1,50,2,0,0,lvl02-0101-0827-03t0:ethernet31/1 -> lvl021082703053:nic1.port1,lvl021082703053:nic1.port1 -> lvl02-0101-0827-03t0:ethernet31/1,1
2026-09-04 03:43:00.0000000,lvl02-0101-0827-03t0,ethernet31/1,lvl021082703053,nic1.port1,50,3,0,0,lvl02-0101-0827-03t0:ethernet31/1 -> lvl021082703053:nic1.port1,lvl021082703053:nic1.port1 -> lvl02-0101-0827-03t0:ethernet31/1,1
2026-09-04 03:43:00.0000000,lvl02-0101-0827-03t0,ethernet31/1,lvl021082703053,nic1.port1,50,4,0,0,lvl02-0101-0827-03t0:ethernet31/1 -> lvl021082703053:nic1.port1,lvl021082703053:nic1.port1 -> lvl02-0101-0827-03t0:ethernet31/1,1
2026-09-04 03:43:00.0000000,lvl02-0101-0827-03t0,ethernet31/1,lvl021082703053,nic1.port1,50,6,0,0,lvl02-0101-0827-03t0:ethernet31/1 -> lvl021082703053:nic1.port1,lvl021082703053:nic1.port1 -> lvl02-0101-0827-03t0:ethernet31/1,1
2026-09-04 03:43:00.0000000,lvl02-0101-0827-03t0,ethernet4/1,lvl021082703007,nic1.port1,50,2,0,0,lvl02-0101-0827-03t0:ethernet4/1 -> lvl021082703007:nic1.port1,lvl021082703007:nic1.port1 -> lvl02-0101-0827-03t0:ethernet4/1,1
2026-09-04 03:43:00.0000000,lvl02-0101-0827-03t0,ethernet4/1,lvl021082703007,nic1.port1,50,3,0,0,lvl02-0101-0827-03t0:ethernet4/1 -> lvl021082703007:nic1.port1,lvl021082703007:nic1.port1 -> lvl02-0101-0827-03t0:ethernet4/1,1
2026-09-04 03:43:00.0000000,lvl02-0101-0827-03t0,ethernet4/1,lvl021082703007,nic1.port1,50,4,0,0,lvl02-0101-0827-03t0:ethernet4/1 -> lvl021082703007:nic1.port1,lvl021082703007:nic1.port1 -> lvl02-0101-0827-03t0:ethernet4/1,1
2026-09-04 03:43:00.0000000,lvl02-0101-0827-03t0,ethernet4/1,lvl021082703007,nic1.port1,50,6,0,0,lvl02-0101-0827-03t0:ethernet4/1 -> lvl021082703007:nic1.port1,lvl021082703007:nic1.port1 -> lvl02-0101-0827-03t0:ethernet4/1,1
2026-09-04 03:46:00.0000000,lvl02-0101-0827-03lt0,ethernet12/1,lvl021082703019,nic1.port1,50,2,0,0,lvl02-0101-0827-03lt0:ethernet12/1 -> lvl021082703019:nic1.port1,lvl021082703019:nic1.port1 -> lvl02-0101-0827-03lt0:ethernet12/1,1
2026-09-04 03:46:00.0000000,lvl02-0101-0827-03lt0,ethernet12/1,lvl021082703019,nic1.port1,50,3,0,0,lvl02-0101-0827-03lt0:ethernet12/1 -> lvl021082703019:nic1.port1,lvl021082703019:nic1.port1 -> lvl02-0101-0827-03lt0:ethernet12/1,1
2026-09-04 03:46:00.0000000,lvl02-0101-0827-03lt0,ethernet12/1,lvl021082703019,nic1.port1,50,4,0,0,lvl02-0101-0827-03lt0:ethernet12/1 -> lvl021082703019:nic1.port1,lvl021082703019:nic1.port1 -> lvl02-0101-0827-03lt0:ethernet12/1,1
2026-09-04 03:46:00.0000000,lvl02-0101-0827-03lt0,ethernet12/1,lvl021082703019,nic1.port1,50,6,0,0,lvl02-0101-0827-03lt0:ethernet12/1 -> lvl021082703019:nic1.port1,lvl021082703019:nic1.port1 -> lvl02-0101-0827-03lt0:ethernet12/1,1
2026-09-04 03:46:00.0000000,lvl02-0101-0827-03lt0,ethernet14/1,lvl021082703023,nic1.port1,50,2,0,0,lvl02-0101-0827-03lt0:ethernet14/1 -> lvl021082703023:nic1.port1,lvl021082703023:nic1.port1 -> lvl02-0101-0827-03lt0:ethernet14/1,1
2026-09-04 03:46:00.0000000,lvl02-0101-0827-03lt0,ethernet14/1,lvl021082703023,nic1.port1,50,3,0,2,lvl02-0101-0827-03lt0:ethernet14/1 -> lvl021082703023:nic1.port1,lvl021082703023:nic1.port1 -> lvl02-0101-0827-03lt0:ethernet14/1,1
2026-09-04 03:46:00.0000000,lvl02-0101-0827-03lt0,ethernet14/1,lvl021082703023,nic1.port1,50,4,0,2,lvl02-0101-0827-03lt0:ethernet14/1 -> lvl021082703023:nic1.port1,lvl021082703023:nic1.port1 -> lvl02-0101-0827-03lt0:ethernet14/1,1
2026-09-04 03:46:00.0000000,lvl02-0101-0827-03lt0,ethernet14/1,lvl021082703023,nic1.port1,50,6,0,0,lvl02-0101-0827-03lt0:ethernet14/1 -> lvl021082703023:nic1.port1,lvl021082703023:nic1.port1 -> lvl02-0101-0827-03lt0:ethernet14/1,1
2026-09-04 03:46:00.0000000,lvl02-0101-0827-03lt0,ethernet15/1,lvl021082703025,nic1.port1,50,2,0,0,lvl02-0101-0827-03lt0:ethernet15/1 -> lvl021082703025:nic1.port1,lvl021082703025:nic1.port1 -> lvl02-0101-0827-03lt0:ethernet15/1,1
2026-09-04 03:46:00.0000000,lvl02-0101-0827-03lt0,ethernet15/1,lvl021082703025,nic1.port1,50,3,0,0,lvl02-0101-0827-03lt0:ethernet15/1 -> lvl021082703025:nic1.port1,lvl021082703025:nic1.port1 -> lvl02-0101-0827-03lt0:ethernet15/1,1
2026-09-04 03:46:00.0000000,lvl02-0101-0827-03lt0,ethernet15/1,lvl021082703025,nic1.port1,50,4,0,0,lvl02-0101-0827-03lt0:ethernet15/1 -> lvl021082703025:nic1.port1,lvl021082703025:nic1.port1 -> lvl02-0101-0827-03lt0:ethernet15/1,1
2026-09-04 03:46:00.0000000,lvl02-0101-0827-03lt0,ethernet15/1,lvl021082703025,nic1.port1,50,6,0,0,lvl02-0101-0827-03lt0:ethernet15/1 -> lvl021082703025:nic1.port1,lvl021082703025:nic1.port1 -> lvl02-0101-0827-03lt0:ethernet15/1,1
2026-09-04 03:46:00.0000000,lvl02-0101-0827-03lt0,ethernet18/1,lvl021082703031,nic1.port1,50,2,0,0,lvl02-0101-0827-03lt0:ethernet18/1 -> lvl021082703031:nic1.port1,lvl021082703031:nic1.port1 -> lvl02-0101-0827-03lt0:ethernet18/1,1
2026-09-04 03:46:00.0000000,lvl02-0101-0827-03lt0,ethernet18/1,lvl021082703031,nic1.port1,50,3,0,0,lvl02-0101-0827-03lt0:ethernet18/1 -> lvl021082703031:nic1.port1,lvl021082703031:nic1.port1 -> lvl02-0101-0827-03lt0:ethernet18/1,1
2026-09-04 03:46:00.0000000,lvl02-0101-0827-03lt0,ethernet18/1,lvl021082703031,nic1.port1,50,4,0,0,lvl02-0101-0827-03lt0:ethernet18/1 -> lvl021082703031:nic1.port1,lvl021082703031:nic1.port1 -> lvl02-0101-0827-03lt0:ethernet18/1,1
2026-09-04 03:46:00.0000000,lvl02-0101-0827-03lt0,ethernet18/1,lvl021082703031,nic1.port1,50,6,0,0,lvl02-0101-0827-03lt0:ethernet18/1 -> lvl021082703031:nic1.port1,lvl021082703031:nic1.port1 -> lvl02-0101-0827-03lt0:ethernet18/1,1
2026-09-04 03:46:00.0000000,lvl02-0101-0827-03lt0,ethernet19/1,lvl021082703033,nic1.port1,50,2,0,0,lvl02-0101-0827-03lt0:ethernet19/1 -> lvl021082703033:nic1.port1,lvl021082703033:nic1.port1 -> lvl02-0101-0827-03lt0:ethernet19/1,1
2026-09-04 03:46:00.0000000,lvl02-0101-0827-03lt0,ethernet19/1,lvl021082703033,nic1.port1,50,3,0,0,lvl02-0101-0827-03lt0:ethernet19/1 -> lvl021082703033:nic1.port1,lvl021082703033:nic1.port1 -> lvl02-0101-0827-03lt0:ethernet19/1,1
2026-09-04 03:46:00.0000000,lvl02-0101-0827-03lt0,ethernet19/1,lvl021082703033,nic1.port1,50,4,0,0,lvl02-0101-0827-03lt0:ethernet19/1 -> lvl021082703033:nic1.port1,lvl021082703033:nic1.port1 -> lvl02-0101-0827-03lt0:ethernet19/1,1
2026-09-04 03:46:00.0000000,lvl02-0101-0827-03lt0,ethernet19/1,lvl021082703033,nic1.port1,50,6,0,0,lvl02-0101-0827-03lt0:ethernet19/1 -> lvl021082703033:nic1.port1,lvl021082703033:nic1.port1 -> lvl02-0101-0827-03lt0:ethernet19/1,1
2026-09-04 03:46:00.0000000,lvl02-0101-0827-03lt0,ethernet2/1,lvl021082703003,nic1.port1,50,2,0,0,lvl02-0101-0827-03lt0:ethernet2/1 -> lvl021082703003:nic1.port1,lvl021082703003:nic1.port1 -> lvl02-0101-0827-03lt0:ethernet2/1,1
2026-09-04 03:46:00.0000000,lvl02-0101-0827-03lt0,ethernet2/1,lvl021082703003,nic1.port1,50,3,0,0,lvl02-0101-0827-03lt0:ethernet2/1 -> lvl021082703003:nic1.port1,lvl021082703003:nic1.port1 -> lvl02-0101-0827-03lt0:ethernet2/1,1
2026-09-04 03:46:00.0000000,lvl02-0101-0827-03lt0,ethernet2/1,lvl021082703003,nic1.port1,50,4,0,0,lvl02-0101-0827-03lt0:ethernet2/1 -> lvl021082703003:nic1.port1,lvl021082703003:nic1.port1 -> lvl02-0101-0827-03lt0:ethernet2/1,1
2026-09-04 03:46:00.0000000,lvl02-0101-0827-03lt0,ethernet2/1,lvl021082703003,nic1.port1,50,6,0,0,lvl02-0101-0827-03lt0:ethernet2/1 -> lvl021082703003:nic1.port1,lvl021082703003:nic1.port1 -> lvl02-0101-0827-03lt0:ethernet2/1,1
2026-09-04 03:46:00.0000000,lvl02-0101-0827-03lt0,ethernet21/1,lvl021082703037,nic1.port1,50,2,0,0,lvl02-0101-0827-03lt0:ethernet21/1 -> lvl021082703037:nic1.port1,lvl021082703037:nic1.port1 -> lvl02-0101-0827-03lt0:ethernet21/1,1
2026-09-04 03:46:00.0000000,lvl02-0101-0827-03lt0,ethernet21/1,lvl021082703037,nic1.port1,50,3,0,0,lvl02-0101-0827-03lt0:ethernet21/1 -> lvl021082703037:nic1.port1,lvl021082703037:nic1.port1 -> lvl02-0101-0827-03lt0:ethernet21/1,1
2026-09-04 03:46:00.0000000,lvl02-0101-0827-03lt0,ethernet21/1,lvl021082703037,nic1.port1,50,4,0,0,lvl02-0101-0827-03lt0:ethernet21/1 -> lvl021082703037:nic1.port1,lvl021082703037:nic1.port1 -> lvl02-0101-0827-03lt0:ethernet21/1,1
2026-09-04 03:46:00.0000000,lvl02-0101-0827-03lt0,ethernet21/1,lvl021082703037,nic1.port1,50,6,0,0,lvl02-0101-0827-03lt0:ethernet21/1 -> lvl021082703037:nic1.port1,lvl021082703037:nic1.port1 -> lvl02-0101-0827-03lt0:ethernet21/1,1
2026-09-04 03:46:00.0000000,lvl02-0101-0827-03lt0,ethernet27/1,lvl021082703045,nic1.port1,50,2,0,0,lvl02-0101-0827-03lt0:ethernet27/1 -> lvl021082703045:nic1.port1,lvl021082703045:nic1.port1 -> lvl02-0101-0827-03lt0:ethernet27/1,1
2026-09-04 03:46:00.0000000,lvl02-0101-0827-03lt0,ethernet27/1,lvl021082703045,nic1.port1,50,3,0,0,lvl02-0101-0827-03lt0:ethernet27/1 -> lvl021082703045:nic1.port1,lvl021082703045:nic1.port1 -> lvl02-0101-0827-03lt0:ethernet27/1,1
2026-09-04 03:46:00.0000000,lvl02-0101-0827-03lt0,ethernet27/1,lvl021082703045,nic1.port1,50,4,0,0,lvl02-0101-0827-03lt0:ethernet27/1 -> lvl021082703045:nic1.port1,lvl021082703045:nic1.port1 -> lvl02-0101-0827-03lt0:ethernet27/1,1
2026-09-04 03:46:00.0000000,lvl02-0101-0827-03lt0,ethernet27/1,lvl021082703045,nic1.port1,50,6,0,0,lvl02-0101-0827-03lt0:ethernet27/1 -> lvl021082703045:nic1.port1,lvl021082703045:nic1.port1 -> lvl02-0101-0827-03lt0:ethernet27/1,1
2026-09-04 03:46:00.0000000,lvl02-0101-0827-03lt0,ethernet29/1,lvl021082703049,nic1.port1,50,2,0,0,lvl02-0101-0827-03lt0:ethernet29/1 -> lvl021082703049:nic1.port1,lvl021082703049:nic1.port1 -> lvl02-0101-0827-03lt0:ethernet29/1,1
2026-09-04 03:46:00.0000000,lvl02-0101-0827-03lt0,ethernet29/1,lvl021082703049,nic1.port1,50,3,0,0,lvl02-0101-0827-03lt0:ethernet29/1 -> lvl021082703049:nic1.port1,lvl021082703049:nic1.port1 -> lvl02-0101-0827-03lt0:ethernet29/1,1
2026-09-04 03:46:00.0000000,lvl02-0101-0827-03lt0,ethernet29/1,lvl021082703049,nic1.port1,50,4,0,0,lvl02-0101-0827-03lt0:ethernet29/1 -> lvl021082703049:nic1.port1,lvl021082703049:nic1.port1 -> lvl02-0101-0827-03lt0:ethernet29/1,1
2026-09-04 03:46:00.0000000,lvl02-0101-0827-03lt0,ethernet29/1,lvl021082703049,nic1.port1,50,6,0,0,lvl02-0101-0827-03lt0:ethernet29/1 -> lvl021082703049:nic1.port1,lvl021082703049:nic1.port1 -> lvl02-0101-0827-03lt0:ethernet29/1,1
2026-09-04 03:46:00.0000000,lvl02-0101-0827-03lt0,ethernet31/1,lvl021082703053,nic1.port1,50,2,0,0,lvl02-0101-0827-03lt0:ethernet31/1 -> lvl021082703053:nic1.port1,lvl021082703053:nic1.port1 -> lvl02-0101-0827-03lt0:ethernet31/1,1
2026-09-04 03:46:00.0000000,lvl02-0101-0827-03lt0,ethernet31/1,lvl021082703053,nic1.port1,50,3,0,4,lvl02-0101-0827-03lt0:ethernet31/1 -> lvl021082703053:nic1.port1,lvl021082703053:nic1.port1 -> lvl02-0101-0827-03lt0:ethernet31/1,1
2026-09-04 03:46:00.0000000,lvl02-0101-0827-03lt0,ethernet31/1,lvl021082703053,nic1.port1,50,4,0,4,lvl02-0101-0827-03lt0:ethernet31/1 -> lvl021082703053:nic1.port1,lvl021082703053:nic1.port1 -> lvl02-0101-0827-03lt0:ethernet31/1,1
2026-09-04 03:46:00.0000000,lvl02-0101-0827-03lt0,ethernet31/1,lvl021082703053,nic1.port1,50,6,0,0,lvl02-0101-0827-03lt0:ethernet31/1 -> lvl021082703053:nic1.port1,lvl021082703053:nic1.port1 -> lvl02-0101-0827-03lt0:ethernet31/1,1
2026-09-04 03:46:00.0000000,lvl02-0101-0827-03lt0,ethernet4/1,lvl021082703007,nic1.port1,50,2,0,0,lvl02-0101-0827-03lt0:ethernet4/1 -> lvl021082703007:nic1.port1,lvl021082703007:nic1.port1 -> lvl02-0101-0827-03lt0:ethernet4/1,1
2026-09-04 03:46:00.0000000,lvl02-0101-0827-03lt0,ethernet4/1,lvl021082703007,nic1.port1,50,3,0,0,lvl02-0101-0827-03lt0:ethernet4/1 -> lvl021082703007:nic1.port1,lvl021082703007:nic1.port1 -> lvl02-0101-0827-03lt0:ethernet4/1,1
2026-09-04 03:46:00.0000000,lvl02-0101-0827-03lt0,ethernet4/1,lvl021082703007,nic1.port1,50,4,0,0,lvl02-0101-0827-03lt0:ethernet4/1 -> lvl021082703007:nic1.port1,lvl021082703007:nic1.port1 -> lvl02-0101-0827-03lt0:ethernet4/1,1
2026-09-04 03:46:00.0000000,lvl02-0101-0827-03lt0,ethernet4/1,lvl021082703007,nic1.port1,50,6,0,0,lvl02-0101-0827-03lt0:ethernet4/1 -> lvl021082703007:nic1.port1,lvl021082703007:nic1.port1 -> lvl02-0101-0827-03lt0:ethernet4/1,1
2026-09-04 03:48:00.0000000,lvl02-0101-0827-03t0,ethernet12/1,lvl021082703019,nic1.port1,50,2,0,0,lvl02-0101-0827-03t0:ethernet12/1 -> lvl021082703019:nic1.port1,lvl021082703019:nic1.port1 -> lvl02-0101-0827-03t0:ethernet12/1,1
2026-09-04 03:48:00.0000000,lvl02-0101-0827-03t0,ethernet12/1,lvl021082703019,nic1.port1,50,3,0,0,lvl02-0101-0827-03t0:ethernet12/1 -> lvl021082703019:nic1.port1,lvl021082703019:nic1.port1 -> lvl02-0101-0827-03t0:ethernet12/1,1
2026-09-04 03:48:00.0000000,lvl02-0101-0827-03t0,ethernet12/1,lvl021082703019,nic1.port1,50,4,0,0,lvl02-0101-0827-03t0:ethernet12/1 -> lvl021082703019:nic1.port1,lvl021082703019:nic1.port1 -> lvl02-0101-0827-03t0:ethernet12/1,1
2026-09-04 03:48:00.0000000,lvl02-0101-0827-03t0,ethernet12/1,lvl021082703019,nic1.port1,50,6,0,0,lvl02-0101-0827-03t0:ethernet12/1 -> lvl021082703019:nic1.port1,lvl021082703019:nic1.port1 -> lvl02-0101-0827-03t0:ethernet12/1,1
2026-09-04 03:48:00.0000000,lvl02-0101-0827-03t0,ethernet14/1,lvl021082703023,nic1.port1,50,2,0,0,lvl02-0101-0827-03t0:ethernet14/1 -> lvl021082703023:nic1.port1,lvl021082703023:nic1.port1 -> lvl02-0101-0827-03t0:ethernet14/1,1
2026-09-04 03:48:00.0000000,lvl02-0101-0827-03t0,ethernet14/1,lvl021082703023,nic1.port1,50,3,0,2,lvl02-0101-0827-03t0:ethernet14/1 -> lvl021082703023:nic1.port1,lvl021082703023:nic1.port1 -> lvl02-0101-0827-03t0:ethernet14/1,1
2026-09-04 03:48:00.0000000,lvl02-0101-0827-03t0,ethernet14/1,lvl021082703023,nic1.port1,50,4,0,2,lvl02-0101-0827-03t0:ethernet14/1 -> lvl021082703023:nic1.port1,lvl021082703023:nic1.port1 -> lvl02-0101-0827-03t0:ethernet14/1,1
2026-09-04 03:48:00.0000000,lvl02-0101-0827-03t0,ethernet14/1,lvl021082703023,nic1.port1,50,6,0,0,lvl02-0101-0827-03t0:ethernet14/1 -> lvl021082703023:nic1.port1,lvl021082703023:nic1.port1 -> lvl02-0101-0827-03t0:ethernet14/1,1
2026-09-04 03:48:00.0000000,lvl02-0101-0827-03t0,ethernet15/1,lvl021082703025,nic1.port1,50,2,0,0,lvl02-0101-0827-03t0:ethernet15/1 -> lvl021082703025:nic1.port1,lvl021082703025:nic1.port1 -> lvl02-0101-0827-03t0:ethernet15/1,1
2026-09-04 03:48:00.0000000,lvl02-0101-0827-03t0,ethernet15/1,lvl021082703025,nic1.port1,50,3,0,0,lvl02-0101-0827-03t0:ethernet15/1 -> lvl021082703025:nic1.port1,lvl021082703025:nic1.port1 -> lvl02-0101-0827-03t0:ethernet15/1,1
2026-09-04 03:48:00.0000000,lvl02-0101-0827-03t0,ethernet15/1,lvl021082703025,nic1.port1,50,4,0,0,lvl02-0101-0827-03t0:ethernet15/1 -> lvl021082703025:nic1.port1,lvl021082703025:nic1.port1 -> lvl02-0101-0827-03t0:ethernet15/1,1
2026-09-04 03:48:00.0000000,lvl02-0101-0827-03t0,ethernet15/1,lvl021082703025,nic1.port1,50,6,0,0,lvl02-0101-0827-03t0:ethernet15/1 -> lvl021082703025:nic1.port1,lvl021082703025:nic1.port1 -> lvl02-0101-0827-03t0:ethernet15/1,1
2026-09-04 03:48:00.0000000,lvl02-0101-0827-03t0,ethernet18/1,lvl021082703031,nic1.port1,50,2,0,0,lvl02-0101-0827-03t0:ethernet18/1 -> lvl021082703031:nic1.port1,lvl021082703031:nic1.port1 -> lvl02-0101-0827-03t0:ethernet18/1,1
2026-09-04 03:48:00.0000000,lvl02-0101-0827-03t0,ethernet18/1,lvl021082703031,nic1.port1,50,3,0,0,lvl02-0101-0827-03t0:ethernet18/1 -> lvl021082703031:nic1.port1,lvl021082703031:nic1.port1 -> lvl02-0101-0827-03t0:ethernet18/1,1
2026-09-04 03:48:00.0000000,lvl02-0101-0827-03t0,ethernet18/1,lvl021082703031,nic1.port1,50,4,0,0,lvl02-0101-0827-03t0:ethernet18/1 -> lvl021082703031:nic1.port1,lvl021082703031:nic1.port1 -> lvl02-0101-0827-03t0:ethernet18/1,1
2026-09-04 03:48:00.0000000,lvl02-0101-0827-03t0,ethernet18/1,lvl021082703031,nic1.port1,50,6,0,0,lvl02-0101-0827-03t0:ethernet18/1 -> lvl021082703031:nic1.port1,lvl021082703031:nic1.port1 -> lvl02-0101-0827-03t0:ethernet18/1,1
2026-09-04 03:48:00.0000000,lvl02-0101-0827-03t0,ethernet19/1,lvl021082703033,nic1.port1,50,2,0,0,lvl02-0101-0827-03t0:ethernet19/1 -> lvl021082703033:nic1.port1,lvl021082703033:nic1.port1 -> lvl02-0101-0827-03t0:ethernet19/1,1
2026-09-04 03:48:00.0000000,lvl02-0101-0827-03t0,ethernet19/1,lvl021082703033,nic1.port1,50,3,0,0,lvl02-0101-0827-03t0:ethernet19/1 -> lvl021082703033:nic1.port1,lvl021082703033:nic1.port1 -> lvl02-0101-0827-03t0:ethernet19/1,1
2026-09-04 03:48:00.0000000,lvl02-0101-0827-03t0,ethernet19/1,lvl021082703033,nic1.port1,50,4,0,0,lvl02-0101-0827-03t0:ethernet19/1 -> lvl021082703033:nic1.port1,lvl021082703033:nic1.port1 -> lvl02-0101-0827-03t0:ethernet19/1,1
2026-09-04 03:48:00.0000000,lvl02-0101-0827-03t0,ethernet19/1,lvl021082703033,nic1.port1,50,6,0,0,lvl02-0101-0827-03t0:ethernet19/1 -> lvl021082703033:nic1.port1,lvl021082703033:nic1.port1 -> lvl02-0101-0827-03t0:ethernet19/1,1
2026-09-04 03:48:00.0000000,lvl02-0101-0827-03t0,ethernet2/1,lvl021082703003,nic1.port1,50,2,0,0,lvl02-0101-0827-03t0:ethernet2/1 -> lvl021082703003:nic1.port1,lvl021082703003:nic1.port1 -> lvl02-0101-0827-03t0:ethernet2/1,1
2026-09-04 03:48:00.0000000,lvl02-0101-0827-03t0,ethernet2/1,lvl021082703003,nic1.port1,50,3,0,0,lvl02-0101-0827-03t0:ethernet2/1 -> lvl021082703003:nic1.port1,lvl021082703003:nic1.port1 -> lvl02-0101-0827-03t0:ethernet2/1,1
2026-09-04 03:48:00.0000000,lvl02-0101-0827-03t0,ethernet2/1,lvl021082703003,nic1.port1,50,4,0,0,lvl02-0101-0827-03t0:ethernet2/1 -> lvl021082703003:nic1.port1,lvl021082703003:nic1.port1 -> lvl02-0101-0827-03t0:ethernet2/1,1
2026-09-04 03:48:00.0000000,lvl02-0101-0827-03t0,ethernet2/1,lvl021082703003,nic1.port1,50,6,0,0,lvl02-0101-0827-03t0:ethernet2/1 -> lvl021082703003:nic1.port1,lvl021082703003:nic1.port1 -> lvl02-0101-0827-03t0:ethernet2/1,1
2026-09-04 03:48:00.0000000,lvl02-0101-0827-03t0,ethernet21/1,lvl021082703037,nic1.port1,50,2,0,0,lvl02-0101-0827-03t0:ethernet21/1 -> lvl021082703037:nic1.port1,lvl021082703037:nic1.port1 -> lvl02-0101-0827-03t0:ethernet21/1,1
2026-09-04 03:48:00.0000000,lvl02-0101-0827-03t0,ethernet21/1,lvl021082703037,nic1.port1,50,3,0,0,lvl02-0101-0827-03t0:ethernet21/1 -> lvl021082703037:nic1.port1,lvl021082703037:nic1.port1 -> lvl02-0101-0827-03t0:ethernet21/1,1
2026-09-04 03:48:00.0000000,lvl02-0101-0827-03t0,ethernet21/1,lvl021082703037,nic1.port1,50,4,0,0,lvl02-0101-0827-03t0:ethernet21/1 -> lvl021082703037:nic1.port1,lvl021082703037:nic1.port1 -> lvl02-0101-0827-03t0:ethernet21/1,1
2026-09-04 03:48:00.0000000,lvl02-0101-0827-03t0,ethernet21/1,lvl021082703037,nic1.port1,50,6,0,0,lvl02-0101-0827-03t0:ethernet21/1 -> lvl021082703037:nic1.port1,lvl021082703037:nic1.port1 -> lvl02-0101-0827-03t0:ethernet21/1,1
2026-09-04 03:48:00.0000000,lvl02-0101-0827-03t0,ethernet27/1,lvl021082703045,nic1.port1,50,2,0,0,lvl02-0101-0827-03t0:ethernet27/1 -> lvl021082703045:nic1.port1,lvl021082703045:nic1.port1 -> lvl02-0101-0827-03t0:ethernet27/1,1
2026-09-04 03:48:00.0000000,lvl02-0101-0827-03t0,ethernet27/1,lvl021082703045,nic1.port1,50,3,0,0,lvl02-0101-0827-03t0:ethernet27/1 -> lvl021082703045:nic1.port1,lvl021082703045:nic1.port1 -> lvl02-0101-0827-03t0:ethernet27/1,1
2026-09-04 03:48:00.0000000,lvl02-0101-0827-03t0,ethernet27/1,lvl021082703045,nic1.port1,50,4,0,0,lvl02-0101-0827-03t0:ethernet27/1 -> lvl021082703045:nic1.port1,lvl021082703045:nic1.port1 -> lvl02-0101-0827-03t0:ethernet27/1,1
2026-09-04 03:48:00.0000000,lvl02-0101-0827-03t0,ethernet27/1,lvl021082703045,nic1.port1,50,6,0,0,lvl02-0101-0827-03t0:ethernet27/1 -> lvl021082703045:nic1.port1,lvl021082703045:nic1.port1 -> lvl02-0101-0827-03t0:ethernet27/1,1
2026-09-04 03:48:00.0000000,lvl02-0101-0827-03t0,ethernet29/1,lvl021082703049,nic1.port1,50,2,0,0,lvl02-0101-0827-03t0:ethernet29/1 -> lvl021082703049:nic1.port1,lvl021082703049:nic1.port1 -> lvl02-0101-0827-03t0:ethernet29/1,1
2026-09-04 03:48:00.0000000,lvl02-0101-0827-03t0,ethernet29/1,lvl021082703049,nic1.port1,50,3,0,0,lvl02-0101-0827-03t0:ethernet29/1 -> lvl021082703049:nic1.port1,lvl021082703049:nic1.port1 -> lvl02-0101-0827-03t0:ethernet29/1,1
2026-09-04 03:48:00.0000000,lvl02-0101-0827-03t0,ethernet29/1,lvl021082703049,nic1.port1,50,4,0,0,lvl02-0101-0827-03t0:ethernet29/1 -> lvl021082703049:nic1.port1,lvl021082703049:nic1.port1 -> lvl02-0101-0827-03t0:ethernet29/1,1
2026-09-04 03:48:00.0000000,lvl02-0101-0827-03t0,ethernet29/1,lvl021082703049,nic1.port1,50,6,0,0,lvl02-0101-0827-03t0:ethernet29/1 -> lvl021082703049:nic1.port1,lvl021082703049:nic1.port1 -> lvl02-0101-0827-03t0:ethernet29/1,1
2026-09-04 03:48:00.0000000,lvl02-0101-0827-03t0,ethernet31/1,lvl021082703053,nic1.port1,50,2,0,0,lvl02-0101-0827-03t0:ethernet31/1 -> lvl021082703053:nic1.port1,lvl021082703053:nic1.port1 -> lvl02-0101-0827-03t0:ethernet31/1,1
2026-09-04 03:48:00.0000000,lvl02-0101-0827-03t0,ethernet31/1,lvl021082703053,nic1.port1,50,3,0,4,lvl02-0101-0827-03t0:ethernet31/1 -> lvl021082703053:nic1.port1,lvl021082703053:nic1.port1 -> lvl02-0101-0827-03t0:ethernet31/1,1
2026-09-04 03:48:00.0000000,lvl02-0101-0827-03t0,ethernet31/1,lvl021082703053,nic1.port1,50,4,0,4,lvl02-0101-0827-03t0:ethernet31/1 -> lvl021082703053:nic1.port1,lvl021082703053:nic1.port1 -> lvl02-0101-0827-03t0:ethernet31/1,1
2026-09-04 03:48:00.0000000,lvl02-0101-0827-03t0,ethernet31/1,lvl021082703053,nic1.port1,50,6,0,0,lvl02-0101-0827-03t0:ethernet31/1 -> lvl021082703053:nic1.port1,lvl021082703053:nic1.port1 -> lvl02-0101-0827-03t0:ethernet31/1,1
2026-09-04 03:48:00.0000000,lvl02-0101-0827-03t0,ethernet4/1,lvl021082703007,nic1.port1,50,2,0,0,lvl02-0101-0827-03t0:ethernet4/1 -> lvl021082703007:nic1.port1,lvl021082703007:nic1.port1 -> lvl02-0101-0827-03t0:ethernet4/1,1
2026-09-04 03:48:00.0000000,lvl02-0101-0827-03t0,ethernet4/1,lvl021082703007,nic1.port1,50,3,0,0,lvl02-0101-0827-03t0:ethernet4/1 -> lvl021082703007:nic1.port1,lvl021082703007:nic1.port1 -> lvl02-0101-0827-03t0:ethernet4/1,1
2026-09-04 03:48:00.0000000,lvl02-0101-0827-03t0,ethernet4/1,lvl021082703007,nic1.port1,50,4,0,0,lvl02-0101-0827-03t0:ethernet4/1 -> lvl021082703007:nic1.port1,lvl021082703007:nic1.port1 -> lvl02-0101-0827-03t0:ethernet4/1,1
2026-09-04 03:48:00.0000000,lvl02-0101-0827-03t0,ethernet4/1,lvl021082703007,nic1.port1,50,6,0,0,lvl02-0101-0827-03t0:ethernet4/1 -> lvl021082703007:nic1.port1,lvl021082703007:nic1.port1 -> lvl02-0101-0827-03t0:ethernet4/1,1
2026-09-04 03:51:00.0000000,lvl02-0101-0827-03lt0,ethernet12/1,lvl021082703019,nic1.port1,50,2,0,0,lvl02-0101-0827-03lt0:ethernet12/1 -> lvl021082703019:nic1.port1,lvl021082703019:nic1.port1 -> lvl02-0101-0827-03lt0:ethernet12/1,1
2026-09-04 03:51:00.0000000,lvl02-0101-0827-03lt0,ethernet12/1,lvl021082703019,nic1.port1,50,3,0,0,lvl02-0101-0827-03lt0:ethernet12/1 -> lvl021082703019:nic1.port1,lvl021082703019:nic1.port1 -> lvl02-0101-0827-03lt0:ethernet12/1,1
2026-09-04 03:51:00.0000000,lvl02-0101-0827-03lt0,ethernet12/1,lvl021082703019,nic1.port1,50,4,0,0,lvl02-0101-0827-03lt0:ethernet12/1 -> lvl021082703019:nic1.port1,lvl021082703019:nic1.port1 -> lvl02-0101-0827-03lt0:ethernet12/1,1
2026-09-04 03:51:00.0000000,lvl02-0101-0827-03lt0,ethernet12/1,lvl021082703019,nic1.port1,50,6,0,0,lvl02-0101-0827-03lt0:ethernet12/1 -> lvl021082703019:nic1.port1,lvl021082703019:nic1.port1 -> lvl02-0101-0827-03lt0:ethernet12/1,1
2026-09-04 03:51:00.0000000,lvl02-0101-0827-03lt0,ethernet14/1,lvl021082703023,nic1.port1,50,2,0,0,lvl02-0101-0827-03lt0:ethernet14/1 -> lvl021082703023:nic1.port1,lvl021082703023:nic1.port1 -> lvl02-0101-0827-03lt0:ethernet14/1,1
2026-09-04 03:51:00.0000000,lvl02-0101-0827-03lt0,ethernet14/1,lvl021082703023,nic1.port1,50,3,0,0,lvl02-0101-0827-03lt0:ethernet14/1 -> lvl021082703023:nic1.port1,lvl021082703023:nic1.port1 -> lvl02-0101-0827-03lt0:ethernet14/1,1
2026-09-04 03:51:00.0000000,lvl02-0101-0827-03lt0,ethernet14/1,lvl021082703023,nic1.port1,50,4,0,0,lvl02-0101-0827-03lt0:ethernet14/1 -> lvl021082703023:nic1.port1,lvl021082703023:nic1.port1 -> lvl02-0101-0827-03lt0:ethernet14/1,1
2026-09-04 03:51:00.0000000,lvl02-0101-0827-03lt0,ethernet14/1,lvl021082703023,nic1.port1,50,6,0,0,lvl02-0101-0827-03lt0:ethernet14/1 -> lvl021082703023:nic1.port1,lvl021082703023:nic1.port1 -> lvl02-0101-0827-03lt0:ethernet14/1,1
2026-09-04 03:51:00.0000000,lvl02-0101-0827-03lt0,ethernet15/1,lvl021082703025,nic1.port1,50,2,0,0,lvl02-0101-0827-03lt0:ethernet15/1 -> lvl021082703025:nic1.port1,lvl021082703025:nic1.port1 -> lvl02-0101-0827-03lt0:ethernet15/1,1
2026-09-04 03:51:00.0000000,lvl02-0101-0827-03lt0,ethernet15/1,lvl021082703025,nic1.port1,50,3,0,0,lvl02-0101-0827-03lt0:ethernet15/1 -> lvl021082703025:nic1.port1,lvl021082703025:nic1.port1 -> lvl02-0101-0827-03lt0:ethernet15/1,1
2026-09-04 03:51:00.0000000,lvl02-0101-0827-03lt0,ethernet15/1,lvl021082703025,nic1.port1,50,4,0,0,lvl02-0101-0827-03lt0:ethernet15/1 -> lvl021082703025:nic1.port1,lvl021082703025:nic1.port1 -> lvl02-0101-0827-03lt0:ethernet15/1,1
2026-09-04 03:51:00.0000000,lvl02-0101-0827-03lt0,ethernet15/1,lvl021082703025,nic1.port1,50,6,0,0,lvl02-0101-0827-03lt0:ethernet15/1 -> lvl021082703025:nic1.port1,lvl021082703025:nic1.port1 -> lvl02-0101-0827-03lt0:ethernet15/1,1
2026-09-04 03:51:00.0000000,lvl02-0101-0827-03lt0,ethernet18/1,lvl021082703031,nic1.port1,50,2,0,0,lvl02-0101-0827-03lt0:ethernet18/1 -> lvl021082703031:nic1.port1,lvl021082703031:nic1.port1 -> lvl02-0101-0827-03lt0:ethernet18/1,1
2026-09-04 03:51:00.0000000,lvl02-0101-0827-03lt0,ethernet18/1,lvl021082703031,nic1.port1,50,3,0,0,lvl02-0101-0827-03lt0:ethernet18/1 -> lvl021082703031:nic1.port1,lvl021082703031:nic1.port1 -> lvl02-0101-0827-03lt0:ethernet18/1,1
2026-09-04 03:51:00.0000000,lvl02-0101-0827-03lt0,ethernet18/1,lvl021082703031,nic1.port1,50,4,0,0,lvl02-0101-0827-03lt0:ethernet18/1 -> lvl021082703031:nic1.port1,lvl021082703031:nic1.port1 -> lvl02-0101-0827-03lt0:ethernet18/1,1
2026-09-04 03:51:00.0000000,lvl02-0101-0827-03lt0,ethernet18/1,lvl021082703031,nic1.port1,50,6,0,0,lvl02-0101-0827-03lt0:ethernet18/1 -> lvl021082703031:nic1.port1,lvl021082703031:nic1.port1 -> lvl02-0101-0827-03lt0:ethernet18/1,1
2026-09-04 03:51:00.0000000,lvl02-0101-0827-03lt0,ethernet19/1,lvl021082703033,nic1.port1,50,2,0,0,lvl02-0101-0827-03lt0:ethernet19/1 -> lvl021082703033:nic1.port1,lvl021082703033:nic1.port1 -> lvl02-0101-0827-03lt0:ethernet19/1,1
2026-09-04 03:51:00.0000000,lvl02-0101-0827-03lt0,ethernet19/1,lvl021082703033,nic1.port1,50,3,0,0,lvl02-0101-0827-03lt0:ethernet19/1 -> lvl021082703033:nic1.port1,lvl021082703033:nic1.port1 -> lvl02-0101-0827-03lt0:ethernet19/1,1
2026-09-04 03:51:00.0000000,lvl02-0101-0827-03lt0,ethernet19/1,lvl021082703033,nic1.port1,50,4,0,0,lvl02-0101-0827-03lt0:ethernet19/1 -> lvl021082703033:nic1.port1,lvl021082703033:nic1.port1 -> lvl02-0101-0827-03lt0:ethernet19/1,1
2026-09-04 03:51:00.0000000,lvl02-0101-0827-03lt0,ethernet19/1,lvl021082703033,nic1.port1,50,6,0,0,lvl02-0101-0827-03lt0:ethernet19/1 -> lvl021082703033:nic1.port1,lvl021082703033:nic1.port1 -> lvl02-0101-0827-03lt0:ethernet19/1,1
2026-09-04 03:51:00.0000000,lvl02-0101-0827-03lt0,ethernet2/1,lvl021082703003,nic1.port1,50,2,0,0,lvl02-0101-0827-03lt0:ethernet2/1 -> lvl021082703003:nic1.port1,lvl021082703003:nic1.port1 -> lvl02-0101-0827-03lt0:ethernet2/1,1
2026-09-04 03:51:00.0000000,lvl02-0101-0827-03lt0,ethernet2/1,lvl021082703003,nic1.port1,50,3,0,0,lvl02-0101-0827-03lt0:ethernet2/1 -> lvl021082703003:nic1.port1,lvl021082703003:nic1.port1 -> lvl02-0101-0827-03lt0:ethernet2/1,1
2026-09-04 03:51:00.0000000,lvl02-0101-0827-03lt0,ethernet2/1,lvl021082703003,nic1.port1,50,4,0,0,lvl02-0101-0827-03lt0:ethernet2/1 -> lvl021082703003:nic1.port1,lvl021082703003:nic1.port1 -> lvl02-0101-0827-03lt0:ethernet2/1,1
2026-09-04 03:51:00.0000000,lvl02-0101-0827-03lt0,ethernet2/1,lvl021082703003,nic1.port1,50,6,0,0,lvl02-0101-0827-03lt0:ethernet2/1 -> lvl021082703003:nic1.port1,lvl021082703003:nic1.port1 -> lvl02-0101-0827-03lt0:ethernet2/1,1
2026-09-04 03:51:00.0000000,lvl02-0101-0827-03lt0,ethernet21/1,lvl021082703037,nic1.port1,50,2,0,0,lvl02-0101-0827-03lt0:ethernet21/1 -> lvl021082703037:nic1.port1,lvl021082703037:nic1.port1 -> lvl02-0101-0827-03lt0:ethernet21/1,1
2026-09-04 03:51:00.0000000,lvl02-0101-0827-03lt0,ethernet21/1,lvl021082703037,nic1.port1,50,3,0,2,lvl02-0101-0827-03lt0:ethernet21/1 -> lvl021082703037:nic1.port1,lvl021082703037:nic1.port1 -> lvl02-0101-0827-03lt0:ethernet21/1,1
2026-09-04 03:51:00.0000000,lvl02-0101-0827-03lt0,ethernet21/1,lvl021082703037,nic1.port1,50,4,0,2,lvl02-0101-0827-03lt0:ethernet21/1 -> lvl021082703037:nic1.port1,lvl021082703037:nic1.port1 -> lvl02-0101-0827-03lt0:ethernet21/1,1
2026-09-04 03:51:00.0000000,lvl02-0101-0827-03lt0,ethernet21/1,lvl021082703037,nic1.port1,50,6,0,0,lvl02-0101-0827-03lt0:ethernet21/1 -> lvl021082703037:nic1.port1,lvl021082703037:nic1.port1 -> lvl02-0101-0827-03lt0:ethernet21/1,1
2026-09-04 03:51:00.0000000,lvl02-0101-0827-03lt0,ethernet27/1,lvl021082703045,nic1.port1,50,2,0,0,lvl02-0101-0827-03lt0:ethernet27/1 -> lvl021082703045:nic1.port1,lvl021082703045:nic1.port1 -> lvl02-0101-0827-03lt0:ethernet27/1,1
2026-09-04 03:51:00.0000000,lvl02-0101-0827-03lt0,ethernet27/1,lvl021082703045,nic1.port1,50,3,0,0,lvl02-0101-0827-03lt0:ethernet27/1 -> lvl021082703045:nic1.port1,lvl021082703045:nic1.port1 -> lvl02-0101-0827-03lt0:ethernet27/1,1
2026-09-04 03:51:00.0000000,lvl02-0101-0827-03lt0,ethernet27/1,lvl021082703045,nic1.port1,50,4,0,0,lvl02-0101-0827-03lt0:ethernet27/1 -> lvl021082703045:nic1.port1,lvl021082703045:nic1.port1 -> lvl02-0101-0827-03lt0:ethernet27/1,1
2026-09-04 03:51:00.0000000,lvl02-0101-0827-03lt0,ethernet27/1,lvl021082703045,nic1.port1,50,6,0,0,lvl02-0101-0827-03lt0:ethernet27/1 -> lvl021082703045:nic1.port1,lvl021082703045:nic1.port1 -> lvl02-0101-0827-03lt0:ethernet27/1,1
2026-09-04 03:51:00.0000000,lvl02-0101-0827-03lt0,ethernet29/1,lvl021082703049,nic1.port1,50,2,0,0,lvl02-0101-0827-03lt0:ethernet29/1 -> lvl021082703049:nic1.port1,lvl021082703049:nic1.port1 -> lvl02-0101-0827-03lt0:ethernet29/1,1
2026-09-04 03:51:00.0000000,lvl02-0101-0827-03lt0,ethernet29/1,lvl021082703049,nic1.port1,50,3,0,0,lvl02-0101-0827-03lt0:ethernet29/1 -> lvl021082703049:nic1.port1,lvl021082703049:nic1.port1 -> lvl02-0101-0827-03lt0:ethernet29/1,1
2026-09-04 03:51:00.0000000,lvl02-0101-0827-03lt0,ethernet29/1,lvl021082703049,nic1.port1,50,4,0,0,lvl02-0101-0827-03lt0:ethernet29/1 -> lvl021082703049:nic1.port1,lvl021082703049:nic1.port1 -> lvl02-0101-0827-03lt0:ethernet29/1,1
2026-09-04 03:51:00.0000000,lvl02-0101-0827-03lt0,ethernet29/1,lvl021082703049,nic1.port1,50,6,0,0,lvl02-0101-0827-03lt0:ethernet29/1 -> lvl021082703049:nic1.port1,lvl021082703049:nic1.port1 -> lvl02-0101-0827-03lt0:ethernet29/1,1
2026-09-04 03:51:00.0000000,lvl02-0101-0827-03lt0,ethernet31/1,lvl021082703053,nic1.port1,50,2,0,0,lvl02-0101-0827-03lt0:ethernet31/1 -> lvl021082703053:nic1.port1,lvl021082703053:nic1.port1 -> lvl02-0101-0827-03lt0:ethernet31/1,1
2026-09-04 03:51:00.0000000,lvl02-0101-0827-03lt0,ethernet31/1,lvl021082703053,nic1.port1,50,3,0,272,lvl02-0101-0827-03lt0:ethernet31/1 -> lvl021082703053:nic1.port1,lvl021082703053:nic1.port1 -> lvl02-0101-0827-03lt0:ethernet31/1,1
2026-09-04 03:51:00.0000000,lvl02-0101-0827-03lt0,ethernet31/1,lvl021082703053,nic1.port1,50,4,0,272,lvl02-0101-0827-03lt0:ethernet31/1 -> lvl021082703053:nic1.port1,lvl021082703053:nic1.port1 -> lvl02-0101-0827-03lt0:ethernet31/1,1
2026-09-04 03:51:00.0000000,lvl02-0101-0827-03lt0,ethernet31/1,lvl021082703053,nic1.port1,50,6,0,0,lvl02-0101-0827-03lt0:ethernet31/1 -> lvl021082703053:nic1.port1,lvl021082703053:nic1.port1 -> lvl02-0101-0827-03lt0:ethernet31/1,1
2026-09-04 03:51:00.0000000,lvl02-0101-0827-03lt0,ethernet4/1,lvl021082703007,nic1.port1,50,2,0,0,lvl02-0101-0827-03lt0:ethernet4/1 -> lvl021082703007:nic1.port1,lvl021082703007:nic1.port1 -> lvl02-0101-0827-03lt0:ethernet4/1,1
2026-09-04 03:51:00.0000000,lvl02-0101-0827-03lt0,ethernet4/1,lvl021082703007,nic1.port1,50,3,0,0,lvl02-0101-0827-03lt0:ethernet4/1 -> lvl021082703007:nic1.port1,lvl021082703007:nic1.port1 -> lvl02-0101-0827-03lt0:ethernet4/1,1
2026-09-04 03:51:00.0000000,lvl02-0101-0827-03lt0,ethernet4/1,lvl021082703007,nic1.port1,50,4,0,0,lvl02-0101-0827-03lt0:ethernet4/1 -> lvl021082703007:nic1.port1,lvl021082703007:nic1.port1 -> lvl02-0101-0827-03lt0:ethernet4/1,1
2026-09-04 03:51:00.0000000,lvl02-0101-0827-03lt0,ethernet4/1,lvl021082703007,nic1.port1,50,6,0,0,lvl02-0101-0827-03lt0:ethernet4/1 -> lvl021082703007:nic1.port1,lvl021082703007:nic1.port1 -> lvl02-0101-0827-03lt0:ethernet4/1,1
2026-09-04 03:53:00.0000000,lvl02-0101-0827-03t0,ethernet12/1,lvl021082703019,nic1.port1,50,2,0,0,lvl02-0101-0827-03t0:ethernet12/1 -> lvl021082703019:nic1.port1,lvl021082703019:nic1.port1 -> lvl02-0101-0827-03t0:ethernet12/1,1
2026-09-04 03:53:00.0000000,lvl02-0101-0827-03t0,ethernet12/1,lvl021082703019,nic1.port1,50,3,0,0,lvl02-0101-0827-03t0:ethernet12/1 -> lvl021082703019:nic1.port1,lvl021082703019:nic1.port1 -> lvl02-0101-0827-03t0:ethernet12/1,1
2026-09-04 03:53:00.0000000,lvl02-0101-0827-03t0,ethernet12/1,lvl021082703019,nic1.port1,50,4,0,0,lvl02-0101-0827-03t0:ethernet12/1 -> lvl021082703019:nic1.port1,lvl021082703019:nic1.port1 -> lvl02-0101-0827-03t0:ethernet12/1,1
2026-09-04 03:53:00.0000000,lvl02-0101-0827-03t0,ethernet12/1,lvl021082703019,nic1.port1,50,6,0,0,lvl02-0101-0827-03t0:ethernet12/1 -> lvl021082703019:nic1.port1,lvl021082703019:nic1.port1 -> lvl02-0101-0827-03t0:ethernet12/1,1
2026-09-04 03:53:00.0000000,lvl02-0101-0827-03t0,ethernet14/1,lvl021082703023,nic1.port1,50,2,0,0,lvl02-0101-0827-03t0:ethernet14/1 -> lvl021082703023:nic1.port1,lvl021082703023:nic1.port1 -> lvl02-0101-0827-03t0:ethernet14/1,1
2026-09-04 03:53:00.0000000,lvl02-0101-0827-03t0,ethernet14/1,lvl021082703023,nic1.port1,50,3,0,0,lvl02-0101-0827-03t0:ethernet14/1 -> lvl021082703023:nic1.port1,lvl021082703023:nic1.port1 -> lvl02-0101-0827-03t0:ethernet14/1,1
2026-09-04 03:53:00.0000000,lvl02-0101-0827-03t0,ethernet14/1,lvl021082703023,nic1.port1,50,4,0,0,lvl02-0101-0827-03t0:ethernet14/1 -> lvl021082703023:nic1.port1,lvl021082703023:nic1.port1 -> lvl02-0101-0827-03t0:ethernet14/1,1
2026-09-04 03:53:00.0000000,lvl02-0101-0827-03t0,ethernet14/1,lvl021082703023,nic1.port1,50,6,0,0,lvl02-0101-0827-03t0:ethernet14/1 -> lvl021082703023:nic1.port1,lvl021082703023:nic1.port1 -> lvl02-0101-0827-03t0:ethernet14/1,1
2026-09-04 03:53:00.0000000,lvl02-0101-0827-03t0,ethernet15/1,lvl021082703025,nic1.port1,50,2,0,0,lvl02-0101-0827-03t0:ethernet15/1 -> lvl021082703025:nic1.port1,lvl021082703025:nic1.port1 -> lvl02-0101-0827-03t0:ethernet15/1,1
2026-09-04 03:53:00.0000000,lvl02-0101-0827-03t0,ethernet15/1,lvl021082703025,nic1.port1,50,3,0,0,lvl02-0101-0827-03t0:ethernet15/1 -> lvl021082703025:nic1.port1,lvl021082703025:nic1.port1 -> lvl02-0101-0827-03t0:ethernet15/1,1
2026-09-04 03:53:00.0000000,lvl02-0101-0827-03t0,ethernet15/1,lvl021082703025,nic1.port1,50,4,0,0,lvl02-0101-0827-03t0:ethernet15/1 -> lvl021082703025:nic1.port1,lvl021082703025:nic1.port1 -> lvl02-0101-0827-03t0:ethernet15/1,1
2026-09-04 03:53:00.0000000,lvl02-0101-0827-03t0,ethernet15/1,lvl021082703025,nic1.port1,50,6,0,0,lvl02-0101-0827-03t0:ethernet15/1 -> lvl021082703025:nic1.port1,lvl021082703025:nic1.port1 -> lvl02-0101-0827-03t0:ethernet15/1,1
2026-09-04 03:53:00.0000000,lvl02-0101-0827-03t0,ethernet18/1,lvl021082703031,nic1.port1,50,2,0,0,lvl02-0101-0827-03t0:ethernet18/1 -> lvl021082703031:nic1.port1,lvl021082703031:nic1.port1 -> lvl02-0101-0827-03t0:ethernet18/1,1
2026-09-04 03:53:00.0000000,lvl02-0101-0827-03t0,ethernet18/1,lvl021082703031,nic1.port1,50,3,0,0,lvl02-0101-0827-03t0:ethernet18/1 -> lvl021082703031:nic1.port1,lvl021082703031:nic1.port1 -> lvl02-0101-0827-03t0:ethernet18/1,1
2026-09-04 03:53:00.0000000,lvl02-0101-0827-03t0,ethernet18/1,lvl021082703031,nic1.port1,50,4,0,0,lvl02-0101-0827-03t0:ethernet18/1 -> lvl021082703031:nic1.port1,lvl021082703031:nic1.port1 -> lvl02-0101-0827-03t0:ethernet18/1,1
2026-09-04 03:53:00.0000000,lvl02-0101-0827-03t0,ethernet18/1,lvl021082703031,nic1.port1,50,6,0,0,lvl02-0101-0827-03t0:ethernet18/1 -> lvl021082703031:nic1.port1,lvl021082703031:nic1.port1 -> lvl02-0101-0827-03t0:ethernet18/1,1
2026-09-04 03:53:00.0000000,lvl02-0101-0827-03t0,ethernet19/1,lvl021082703033,nic1.port1,50,2,0,0,lvl02-0101-0827-03t0:ethernet19/1 -> lvl021082703033:nic1.port1,lvl021082703033:nic1.port1 -> lvl02-0101-0827-03t0:ethernet19/1,1
2026-09-04 03:53:00.0000000,lvl02-0101-0827-03t0,ethernet19/1,lvl021082703033,nic1.port1,50,3,0,0,lvl02-0101-0827-03t0:ethernet19/1 -> lvl021082703033:nic1.port1,lvl021082703033:nic1.port1 -> lvl02-0101-0827-03t0:ethernet19/1,1
2026-09-04 03:53:00.0000000,lvl02-0101-0827-03t0,ethernet19/1,lvl021082703033,nic1.port1,50,4,0,0,lvl02-0101-0827-03t0:ethernet19/1 -> lvl021082703033:nic1.port1,lvl021082703033:nic1.port1 -> lvl02-0101-0827-03t0:ethernet19/1,1
2026-09-04 03:53:00.0000000,lvl02-0101-0827-03t0,ethernet19/1,lvl021082703033,nic1.port1,50,6,0,0,lvl02-0101-0827-03t0:ethernet19/1 -> lvl021082703033:nic1.port1,lvl021082703033:nic1.port1 -> lvl02-0101-0827-03t0:ethernet19/1,1
2026-09-04 03:53:00.0000000,lvl02-0101-0827-03t0,ethernet2/1,lvl021082703003,nic1.port1,50,2,0,0,lvl02-0101-0827-03t0:ethernet2/1 -> lvl021082703003:nic1.port1,lvl021082703003:nic1.port1 -> lvl02-0101-0827-03t0:ethernet2/1,1
2026-09-04 03:53:00.0000000,lvl02-0101-0827-03t0,ethernet2/1,lvl021082703003,nic1.port1,50,3,0,0,lvl02-0101-0827-03t0:ethernet2/1 -> lvl021082703003:nic1.port1,lvl021082703003:nic1.port1 -> lvl02-0101-0827-03t0:ethernet2/1,1
2026-09-04 03:53:00.0000000,lvl02-0101-0827-03t0,ethernet2/1,lvl021082703003,nic1.port1,50,4,0,0,lvl02-0101-0827-03t0:ethernet2/1 -> lvl021082703003:nic1.port1,lvl021082703003:nic1.port1 -> lvl02-0101-0827-03t0:ethernet2/1,1
2026-09-04 03:53:00.0000000,lvl02-0101-0827-03t0,ethernet2/1,lvl021082703003,nic1.port1,50,6,0,0,lvl02-0101-0827-03t0:ethernet2/1 -> lvl021082703003:nic1.port1,lvl021082703003:nic1.port1 -> lvl02-0101-0827-03t0:ethernet2/1,1
2026-09-04 03:53:00.0000000,lvl02-0101-0827-03t0,ethernet21/1,lvl021082703037,nic1.port1,50,2,0,0,lvl02-0101-0827-03t0:ethernet21/1 -> lvl021082703037:nic1.port1,lvl021082703037:nic1.port1 -> lvl02-0101-0827-03t0:ethernet21/1,1
2026-09-04 03:53:00.0000000,lvl02-0101-0827-03t0,ethernet21/1,lvl021082703037,nic1.port1,50,3,0,2,lvl02-0101-0827-03t0:ethernet21/1 -> lvl021082703037:nic1.port1,lvl021082703037:nic1.port1 -> lvl02-0101-0827-03t0:ethernet21/1,1
2026-09-04 03:53:00.0000000,lvl02-0101-0827-03t0,ethernet21/1,lvl021082703037,nic1.port1,50,4,0,2,lvl02-0101-0827-03t0:ethernet21/1 -> lvl021082703037:nic1.port1,lvl021082703037:nic1.port1 -> lvl02-0101-0827-03t0:ethernet21/1,1
2026-09-04 03:53:00.0000000,lvl02-0101-0827-03t0,ethernet21/1,lvl021082703037,nic1.port1,50,6,0,0,lvl02-0101-0827-03t0:ethernet21/1 -> lvl021082703037:nic1.port1,lvl021082703037:nic1.port1 -> lvl02-0101-0827-03t0:ethernet21/1,1
2026-09-04 03:53:00.0000000,lvl02-0101-0827-03t0,ethernet27/1,lvl021082703045,nic1.port1,50,2,0,0,lvl02-0101-0827-03t0:ethernet27/1 -> lvl021082703045:nic1.port1,lvl021082703045:nic1.port1 -> lvl02-0101-0827-03t0:ethernet27/1,1
2026-09-04 03:53:00.0000000,lvl02-0101-0827-03t0,ethernet27/1,lvl021082703045,nic1.port1,50,3,0,0,lvl02-0101-0827-03t0:ethernet27/1 -> lvl021082703045:nic1.port1,lvl021082703045:nic1.port1 -> lvl02-0101-0827-03t0:ethernet27/1,1
2026-09-04 03:53:00.0000000,lvl02-0101-0827-03t0,ethernet27/1,lvl021082703045,nic1.port1,50,4,0,0,lvl02-0101-0827-03t0:ethernet27/1 -> lvl021082703045:nic1.port1,lvl021082703045:nic1.port1 -> lvl02-0101-0827-03t0:ethernet27/1,1
2026-09-04 03:53:00.0000000,lvl02-0101-0827-03t0,ethernet27/1,lvl021082703045,nic1.port1,50,6,0,0,lvl02-0101-0827-03t0:ethernet27/1 -> lvl021082703045:nic1.port1,lvl021082703045:nic1.port1 -> lvl02-0101-0827-03t0:ethernet27/1,1
2026-09-04 03:53:00.0000000,lvl02-0101-0827-03t0,ethernet29/1,lvl021082703049,nic1.port1,50,2,0,0,lvl02-0101-0827-03t0:ethernet29/1 -> lvl021082703049:nic1.port1,lvl021082703049:nic1.port1 -> lvl02-0101-0827-03t0:ethernet29/1,1
2026-09-04 03:53:00.0000000,lvl02-0101-0827-03t0,ethernet29/1,lvl021082703049,nic1.port1,50,3,0,0,lvl02-0101-0827-03t0:ethernet29/1 -> lvl021082703049:nic1.port1,lvl021082703049:nic1.port1 -> lvl02-0101-0827-03t0:ethernet29/1,1
2026-09-04 03:53:00.0000000,lvl02-0101-0827-03t0,ethernet29/1,lvl021082703049,nic1.port1,50,4,0,0,lvl02-0101-0827-03t0:ethernet29/1 -> lvl021082703049:nic1.port1,lvl021082703049:nic1.port1 -> lvl02-0101-0827-03t0:ethernet29/1,1
2026-09-04 03:53:00.0000000,lvl02-0101-0827-03t0,ethernet29/1,lvl021082703049,nic1.port1,50,6,0,0,lvl02-0101-0827-03t0:ethernet29/1 -> lvl021082703049:nic1.port1,lvl021082703049:nic1.port1 -> lvl02-0101-0827-03t0:ethernet29/1,1
2026-09-04 03:53:00.0000000,lvl02-0101-0827-03t0,ethernet31/1,lvl021082703053,nic1.port1,50,2,0,0,lvl02-0101-0827-03t0:ethernet31/1 -> lvl021082703053:nic1.port1,lvl021082703053:nic1.port1 -> lvl02-0101-0827-03t0:ethernet31/1,1
2026-09-04 03:53:00.0000000,lvl02-0101-0827-03t0,ethernet31/1,lvl021082703053,nic1.port1,50,3,0,272,lvl02-0101-0827-03t0:ethernet31/1 -> lvl021082703053:nic1.port1,lvl021082703053:nic1.port1 -> lvl02-0101-0827-03t0:ethernet31/1,1
2026-09-04 03:53:00.0000000,lvl02-0101-0827-03t0,ethernet31/1,lvl021082703053,nic1.port1,50,4,0,272,lvl02-0101-0827-03t0:ethernet31/1 -> lvl021082703053:nic1.port1,lvl021082703053:nic1.port1 -> lvl02-0101-0827-03t0:ethernet31/1,1
2026-09-04 03:53:00.0000000,lvl02-0101-0827-03t0,ethernet31/1,lvl021082703053,nic1.port1,50,6,0,0,lvl02-0101-0827-03t0:ethernet31/1 -> lvl021082703053:nic1.port1,lvl021082703053:nic1.port1 -> lvl02-0101-0827-03t0:ethernet31/1,1
2026-09-04 03:53:00.0000000,lvl02-0101-0827-03t0,ethernet4/1,lvl021082703007,nic1.port1,50,2,0,0,lvl02-0101-0827-03t0:ethernet4/1 -> lvl021082703007:nic1.port1,lvl021082703007:nic1.port1 -> lvl02-0101-0827-03t0:ethernet4/1,1
2026-09-04 03:53:00.0000000,lvl02-0101-0827-03t0,ethernet4/1,lvl021082703007,nic1.port1,50,3,0,0,lvl02-0101-0827-03t0:ethernet4/1 -> lvl021082703007:nic1.port1,lvl021082703007:nic1.port1 -> lvl02-0101-0827-03t0:ethernet4/1,1
2026-09-04 03:53:00.0000000,lvl02-0101-0827-03t0,ethernet4/1,lvl021082703007,nic1.port1,50,4,0,0,lvl02-0101-0827-03t0:ethernet4/1 -> lvl021082703007:nic1.port1,lvl021082703007:nic1.port1 -> lvl02-0101-0827-03t0:ethernet4/1,1
2026-09-04 03:53:00.0000000,lvl02-0101-0827-03t0,ethernet4/1,lvl021082703007,nic1.port1,50,6,0,0,lvl02-0101-0827-03t0:ethernet4/1 -> lvl021082703007:nic1.port1,lvl021082703007:nic1.port1 -> lvl02-0101-0827-03t0:ethernet4/1,1
2026-09-04 03:56:00.0000000,lvl02-0101-0827-03lt0,ethernet12/1,lvl021082703019,nic1.port1,50,2,0,0,lvl02-0101-0827-03lt0:ethernet12/1 -> lvl021082703019:nic1.port1,lvl021082703019:nic1.port1 -> lvl02-0101-0827-03lt0:ethernet12/1,1
2026-09-04 03:56:00.0000000,lvl02-0101-0827-03lt0,ethernet12/1,lvl021082703019,nic1.port1,50,3,0,0,lvl02-0101-0827-03lt0:ethernet12/1 -> lvl021082703019:nic1.port1,lvl021082703019:nic1.port1 -> lvl02-0101-0827-03lt0:ethernet12/1,1
2026-09-04 03:56:00.0000000,lvl02-0101-0827-03lt0,ethernet12/1,lvl021082703019,nic1.port1,50,4,0,0,lvl02-0101-0827-03lt0:ethernet12/1 -> lvl021082703019:nic1.port1,lvl021082703019:nic1.port1 -> lvl02-0101-0827-03lt0:ethernet12/1,1
2026-09-04 03:56:00.0000000,lvl02-0101-0827-03lt0,ethernet12/1,lvl021082703019,nic1.port1,50,6,0,0,lvl02-0101-0827-03lt0:ethernet12/1 -> lvl021082703019:nic1.port1,lvl021082703019:nic1.port1 -> lvl02-0101-0827-03lt0:ethernet12/1,1
2026-09-04 03:56:00.0000000,lvl02-0101-0827-03lt0,ethernet14/1,lvl021082703023,nic1.port1,50,2,0,0,lvl02-0101-0827-03lt0:ethernet14/1 -> lvl021082703023:nic1.port1,lvl021082703023:nic1.port1 -> lvl02-0101-0827-03lt0:ethernet14/1,1
2026-09-04 03:56:00.0000000,lvl02-0101-0827-03lt0,ethernet14/1,lvl021082703023,nic1.port1,50,3,0,0,lvl02-0101-0827-03lt0:ethernet14/1 -> lvl021082703023:nic1.port1,lvl021082703023:nic1.port1 -> lvl02-0101-0827-03lt0:ethernet14/1,1
2026-09-04 03:56:00.0000000,lvl02-0101-0827-03lt0,ethernet14/1,lvl021082703023,nic1.port1,50,4,0,0,lvl02-0101-0827-03lt0:ethernet14/1 -> lvl021082703023:nic1.port1,lvl021082703023:nic1.port1 -> lvl02-0101-0827-03lt0:ethernet14/1,1
2026-09-04 03:56:00.0000000,lvl02-0101-0827-03lt0,ethernet14/1,lvl021082703023,nic1.port1,50,6,0,0,lvl02-0101-0827-03lt0:ethernet14/1 -> lvl021082703023:nic1.port1,lvl021082703023:nic1.port1 -> lvl02-0101-0827-03lt0:ethernet14/1,1
2026-09-04 03:56:00.0000000,lvl02-0101-0827-03lt0,ethernet15/1,lvl021082703025,nic1.port1,50,2,0,0,lvl02-0101-0827-03lt0:ethernet15/1 -> lvl021082703025:nic1.port1,lvl021082703025:nic1.port1 -> lvl02-0101-0827-03lt0:ethernet15/1,1
2026-09-04 03:56:00.0000000,lvl02-0101-0827-03lt0,ethernet15/1,lvl021082703025,nic1.port1,50,3,0,0,lvl02-0101-0827-03lt0:ethernet15/1 -> lvl021082703025:nic1.port1,lvl021082703025:nic1.port1 -> lvl02-0101-0827-03lt0:ethernet15/1,1
2026-09-04 03:56:00.0000000,lvl02-0101-0827-03lt0,ethernet15/1,lvl021082703025,nic1.port1,50,4,0,0,lvl02-0101-0827-03lt0:ethernet15/1 -> lvl021082703025:nic1.port1,lvl021082703025:nic1.port1 -> lvl02-0101-0827-03lt0:ethernet15/1,1
2026-09-04 03:56:00.0000000,lvl02-0101-0827-03lt0,ethernet15/1,lvl021082703025,nic1.port1,50,6,0,0,lvl02-0101-0827-03lt0:ethernet15/1 -> lvl021082703025:nic1.port1,lvl021082703025:nic1.port1 -> lvl02-0101-0827-03lt0:ethernet15/1,1
2026-09-04 03:56:00.0000000,lvl02-0101-0827-03lt0,ethernet18/1,lvl021082703031,nic1.port1,50,2,0,0,lvl02-0101-0827-03lt0:ethernet18/1 -> lvl021082703031:nic1.port1,lvl021082703031:nic1.port1 -> lvl02-0101-0827-03lt0:ethernet18/1,1
2026-09-04 03:56:00.0000000,lvl02-0101-0827-03lt0,ethernet18/1,lvl021082703031,nic1.port1,50,3,0,0,lvl02-0101-0827-03lt0:ethernet18/1 -> lvl021082703031:nic1.port1,lvl021082703031:nic1.port1 -> lvl02-0101-0827-03lt0:ethernet18/1,1
2026-09-04 03:56:00.0000000,lvl02-0101-0827-03lt0,ethernet18/1,lvl021082703031,nic1.port1,50,4,0,0,lvl02-0101-0827-03lt0:ethernet18/1 -> lvl021082703031:nic1.port1,lvl021082703031:nic1.port1 -> lvl02-0101-0827-03lt0:ethernet18/1,1
2026-09-04 03:56:00.0000000,lvl02-0101-0827-03lt0,ethernet18/1,lvl021082703031,nic1.port1,50,6,0,0,lvl02-0101-0827-03lt0:ethernet18/1 -> lvl021082703031:nic1.port1,lvl021082703031:nic1.port1 -> lvl02-0101-0827-03lt0:ethernet18/1,1
2026-09-04 03:56:00.0000000,lvl02-0101-0827-03lt0,ethernet19/1,lvl021082703033,nic1.port1,50,2,0,0,lvl02-0101-0827-03lt0:ethernet19/1 -> lvl021082703033:nic1.port1,lvl021082703033:nic1.port1 -> lvl02-0101-0827-03lt0:ethernet19/1,1
2026-09-04 03:56:00.0000000,lvl02-0101-0827-03lt0,ethernet19/1,lvl021082703033,nic1.port1,50,3,0,0,lvl02-0101-0827-03lt0:ethernet19/1 -> lvl021082703033:nic1.port1,lvl021082703033:nic1.port1 -> lvl02-0101-0827-03lt0:ethernet19/1,1
2026-09-04 03:56:00.0000000,lvl02-0101-0827-03lt0,ethernet19/1,lvl021082703033,nic1.port1,50,4,0,0,lvl02-0101-0827-03lt0:ethernet19/1 -> lvl021082703033:nic1.port1,lvl021082703033:nic1.port1 -> lvl02-0101-0827-03lt0:ethernet19/1,1
2026-09-04 03:56:00.0000000,lvl02-0101-0827-03lt0,ethernet19/1,lvl021082703033,nic1.port1,50,6,0,0,lvl02-0101-0827-03lt0:ethernet19/1 -> lvl021082703033:nic1.port1,lvl021082703033:nic1.port1 -> lvl02-0101-0827-03lt0:ethernet19/1,1
2026-09-04 03:56:00.0000000,lvl02-0101-0827-03lt0,ethernet2/1,lvl021082703003,nic1.port1,50,2,0,0,lvl02-0101-0827-03lt0:ethernet2/1 -> lvl021082703003:nic1.port1,lvl021082703003:nic1.port1 -> lvl02-0101-0827-03lt0:ethernet2/1,1
2026-09-04 03:56:00.0000000,lvl02-0101-0827-03lt0,ethernet2/1,lvl021082703003,nic1.port1,50,3,0,0,lvl02-0101-0827-03lt0:ethernet2/1 -> lvl021082703003:nic1.port1,lvl021082703003:nic1.port1 -> lvl02-0101-0827-03lt0:ethernet2/1,1
2026-09-04 03:56:00.0000000,lvl02-0101-0827-03lt0,ethernet2/1,lvl021082703003,nic1.port1,50,4,0,0,lvl02-0101-0827-03lt0:ethernet2/1 -> lvl021082703003:nic1.port1,lvl021082703003:nic1.port1 -> lvl02-0101-0827-03lt0:ethernet2/1,1
2026-09-04 03:56:00.0000000,lvl02-0101-0827-03lt0,ethernet2/1,lvl021082703003,nic1.port1,50,6,0,0,lvl02-0101-0827-03lt0:ethernet2/1 -> lvl021082703003:nic1.port1,lvl021082703003:nic1.port1 -> lvl02-0101-0827-03lt0:ethernet2/1,1
2026-09-04 03:56:00.0000000,lvl02-0101-0827-03lt0,ethernet21/1,lvl021082703037,nic1.port1,50,2,0,0,lvl02-0101-0827-03lt0:ethernet21/1 -> lvl021082703037:nic1.port1,lvl021082703037:nic1.port1 -> lvl02-0101-0827-03lt0:ethernet21/1,1
2026-09-04 03:56:00.0000000,lvl02-0101-0827-03lt0,ethernet21/1,lvl021082703037,nic1.port1,50,3,0,0,lvl02-0101-0827-03lt0:ethernet21/1 -> lvl021082703037:nic1.port1,lvl021082703037:nic1.port1 -> lvl02-0101-0827-03lt0:ethernet21/1,1
2026-09-04 03:56:00.0000000,lvl02-0101-0827-03lt0,ethernet21/1,lvl021082703037,nic1.port1,50,4,0,0,lvl02-0101-0827-03lt0:ethernet21/1 -> lvl021082703037:nic1.port1,lvl021082703037:nic1.port1 -> lvl02-0101-0827-03lt0:ethernet21/1,1
2026-09-04 03:56:00.0000000,lvl02-0101-0827-03lt0,ethernet21/1,lvl021082703037,nic1.port1,50,6,0,0,lvl02-0101-0827-03lt0:ethernet21/1 -> lvl021082703037:nic1.port1,lvl021082703037:nic1.port1 -> lvl02-0101-0827-03lt0:ethernet21/1,1
2026-09-04 03:56:00.0000000,lvl02-0101-0827-03lt0,ethernet27/1,lvl021082703045,nic1.port1,50,2,0,0,lvl02-0101-0827-03lt0:ethernet27/1 -> lvl021082703045:nic1.port1,lvl021082703045:nic1.port1 -> lvl02-0101-0827-03lt0:ethernet27/1,1
2026-09-04 03:56:00.0000000,lvl02-0101-0827-03lt0,ethernet27/1,lvl021082703045,nic1.port1,50,3,0,0,lvl02-0101-0827-03lt0:ethernet27/1 -> lvl021082703045:nic1.port1,lvl021082703045:nic1.port1 -> lvl02-0101-0827-03lt0:ethernet27/1,1
2026-09-04 03:56:00.0000000,lvl02-0101-0827-03lt0,ethernet27/1,lvl021082703045,nic1.port1,50,4,0,0,lvl02-0101-0827-03lt0:ethernet27/1 -> lvl021082703045:nic1.port1,lvl021082703045:nic1.port1 -> lvl02-0101-0827-03lt0:ethernet27/1,1
2026-09-04 03:56:00.0000000,lvl02-0101-0827-03lt0,ethernet27/1,lvl021082703045,nic1.port1,50,6,0,0,lvl02-0101-0827-03lt0:ethernet27/1 -> lvl021082703045:nic1.port1,lvl021082703045:nic1.port1 -> lvl02-0101-0827-03lt0:ethernet27/1,1
2026-09-04 03:56:00.0000000,lvl02-0101-0827-03lt0,ethernet29/1,lvl021082703049,nic1.port1,50,2,0,0,lvl02-0101-0827-03lt0:ethernet29/1 -> lvl021082703049:nic1.port1,lvl021082703049:nic1.port1 -> lvl02-0101-0827-03lt0:ethernet29/1,1
2026-09-04 03:56:00.0000000,lvl02-0101-0827-03lt0,ethernet29/1,lvl021082703049,nic1.port1,50,3,0,0,lvl02-0101-0827-03lt0:ethernet29/1 -> lvl021082703049:nic1.port1,lvl021082703049:nic1.port1 -> lvl02-0101-0827-03lt0:ethernet29/1,1
2026-09-04 03:56:00.0000000,lvl02-0101-0827-03lt0,ethernet29/1,lvl021082703049,nic1.port1,50,4,0,0,lvl02-0101-0827-03lt0:ethernet29/1 -> lvl021082703049:nic1.port1,lvl021082703049:nic1.port1 -> lvl02-0101-0827-03lt0:ethernet29/1,1
2026-09-04 03:56:00.0000000,lvl02-0101-0827-03lt0,ethernet29/1,lvl021082703049,nic1.port1,50,6,0,0,lvl02-0101-0827-03lt0:ethernet29/1 -> lvl021082703049:nic1.port1,lvl021082703049:nic1.port1 -> lvl02-0101-0827-03lt0:ethernet29/1,1
2026-09-04 03:56:00.0000000,lvl02-0101-0827-03lt0,ethernet31/1,lvl021082703053,nic1.port1,50,2,0,0,lvl02-0101-0827-03lt0:ethernet31/1 -> lvl021082703053:nic1.port1,lvl021082703053:nic1.port1 -> lvl02-0101-0827-03lt0:ethernet31/1,1
2026-09-04 03:56:00.0000000,lvl02-0101-0827-03lt0,ethernet31/1,lvl021082703053,nic1.port1,50,3,0,12,lvl02-0101-0827-03lt0:ethernet31/1 -> lvl021082703053:nic1.port1,lvl021082703053:nic1.port1 -> lvl02-0101-0827-03lt0:ethernet31/1,1
2026-09-04 03:56:00.0000000,lvl02-0101-0827-03lt0,ethernet31/1,lvl021082703053,nic1.port1,50,4,0,12,lvl02-0101-0827-03lt0:ethernet31/1 -> lvl021082703053:nic1.port1,lvl021082703053:nic1.port1 -> lvl02-0101-0827-03lt0:ethernet31/1,1
2026-09-04 03:56:00.0000000,lvl02-0101-0827-03lt0,ethernet31/1,lvl021082703053,nic1.port1,50,6,0,0,lvl02-0101-0827-03lt0:ethernet31/1 -> lvl021082703053:nic1.port1,lvl021082703053:nic1.port1 -> lvl02-0101-0827-03lt0:ethernet31/1,1
2026-09-04 03:56:00.0000000,lvl02-0101-0827-03lt0,ethernet4/1,lvl021082703007,nic1.port1,50,2,0,0,lvl02-0101-0827-03lt0:ethernet4/1 -> lvl021082703007:nic1.port1,lvl021082703007:nic1.port1 -> lvl02-0101-0827-03lt0:ethernet4/1,1
2026-09-04 03:56:00.0000000,lvl02-0101-0827-03lt0,ethernet4/1,lvl021082703007,nic1.port1,50,3,0,0,lvl02-0101-0827-03lt0:ethernet4/1 -> lvl021082703007:nic1.port1,lvl021082703007:nic1.port1 -> lvl02-0101-0827-03lt0:ethernet4/1,1
2026-09-04 03:56:00.0000000,lvl02-0101-0827-03lt0,ethernet4/1,lvl021082703007,nic1.port1,50,4,0,0,lvl02-0101-0827-03lt0:ethernet4/1 -> lvl021082703007:nic1.port1,lvl021082703007:nic1.port1 -> lvl02-0101-0827-03lt0:ethernet4/1,1
2026-09-04 03:56:00.0000000,lvl02-0101-0827-03lt0,ethernet4/1,lvl021082703007,nic1.port1,50,6,0,0,lvl02-0101-0827-03lt0:ethernet4/1 -> lvl021082703007:nic1.port1,lvl021082703007:nic1.port1 -> lvl02-0101-0827-03lt0:ethernet4/1,1
2026-09-04 03:58:00.0000000,lvl02-0101-0827-03t0,ethernet12/1,lvl021082703019,nic1.port1,50,2,0,0,lvl02-0101-0827-03t0:ethernet12/1 -> lvl021082703019:nic1.port1,lvl021082703019:nic1.port1 -> lvl02-0101-0827-03t0:ethernet12/1,1
2026-09-04 03:58:00.0000000,lvl02-0101-0827-03t0,ethernet12/1,lvl021082703019,nic1.port1,50,3,0,0,lvl02-0101-0827-03t0:ethernet12/1 -> lvl021082703019:nic1.port1,lvl021082703019:nic1.port1 -> lvl02-0101-0827-03t0:ethernet12/1,1
2026-09-04 03:58:00.0000000,lvl02-0101-0827-03t0,ethernet12/1,lvl021082703019,nic1.port1,50,4,0,0,lvl02-0101-0827-03t0:ethernet12/1 -> lvl021082703019:nic1.port1,lvl021082703019:nic1.port1 -> lvl02-0101-0827-03t0:ethernet12/1,1
2026-09-04 03:58:00.0000000,lvl02-0101-0827-03t0,ethernet12/1,lvl021082703019,nic1.port1,50,6,0,0,lvl02-0101-0827-03t0:ethernet12/1 -> lvl021082703019:nic1.port1,lvl021082703019:nic1.port1 -> lvl02-0101-0827-03t0:ethernet12/1,1
2026-09-04 03:58:00.0000000,lvl02-0101-0827-03t0,ethernet14/1,lvl021082703023,nic1.port1,50,2,0,0,lvl02-0101-0827-03t0:ethernet14/1 -> lvl021082703023:nic1.port1,lvl021082703023:nic1.port1 -> lvl02-0101-0827-03t0:ethernet14/1,1
2026-09-04 03:58:00.0000000,lvl02-0101-0827-03t0,ethernet14/1,lvl021082703023,nic1.port1,50,3,0,0,lvl02-0101-0827-03t0:ethernet14/1 -> lvl021082703023:nic1.port1,lvl021082703023:nic1.port1 -> lvl02-0101-0827-03t0:ethernet14/1,1
2026-09-04 03:58:00.0000000,lvl02-0101-0827-03t0,ethernet14/1,lvl021082703023,nic1.port1,50,4,0,0,lvl02-0101-0827-03t0:ethernet14/1 -> lvl021082703023:nic1.port1,lvl021082703023:nic1.port1 -> lvl02-0101-0827-03t0:ethernet14/1,1
2026-09-04 03:58:00.0000000,lvl02-0101-0827-03t0,ethernet14/1,lvl021082703023,nic1.port1,50,6,0,0,lvl02-0101-0827-03t0:ethernet14/1 -> lvl021082703023:nic1.port1,lvl021082703023:nic1.port1 -> lvl02-0101-0827-03t0:ethernet14/1,1
2026-09-04 03:58:00.0000000,lvl02-0101-0827-03t0,ethernet15/1,lvl021082703025,nic1.port1,50,2,0,0,lvl02-0101-0827-03t0:ethernet15/1 -> lvl021082703025:nic1.port1,lvl021082703025:nic1.port1 -> lvl02-0101-0827-03t0:ethernet15/1,1
2026-09-04 03:58:00.0000000,lvl02-0101-0827-03t0,ethernet15/1,lvl021082703025,nic1.port1,50,3,0,0,lvl02-0101-0827-03t0:ethernet15/1 -> lvl021082703025:nic1.port1,lvl021082703025:nic1.port1 -> lvl02-0101-0827-03t0:ethernet15/1,1
2026-09-04 03:58:00.0000000,lvl02-0101-0827-03t0,ethernet15/1,lvl021082703025,nic1.port1,50,4,0,0,lvl02-0101-0827-03t0:ethernet15/1 -> lvl021082703025:nic1.port1,lvl021082703025:nic1.port1 -> lvl02-0101-0827-03t0:ethernet15/1,1
2026-09-04 03:58:00.0000000,lvl02-0101-0827-03t0,ethernet15/1,lvl021082703025,nic1.port1,50,6,0,0,lvl02-0101-0827-03t0:ethernet15/1 -> lvl021082703025:nic1.port1,lvl021082703025:nic1.port1 -> lvl02-0101-0827-03t0:ethernet15/1,1
2026-09-04 03:58:00.0000000,lvl02-0101-0827-03t0,ethernet18/1,lvl021082703031,nic1.port1,50,2,0,0,lvl02-0101-0827-03t0:ethernet18/1 -> lvl021082703031:nic1.port1,lvl021082703031:nic1.port1 -> lvl02-0101-0827-03t0:ethernet18/1,1
2026-09-04 03:58:00.0000000,lvl02-0101-0827-03t0,ethernet18/1,lvl021082703031,nic1.port1,50,3,0,0,lvl02-0101-0827-03t0:ethernet18/1 -> lvl021082703031:nic1.port1,lvl021082703031:nic1.port1 -> lvl02-0101-0827-03t0:ethernet18/1,1
2026-09-04 03:58:00.0000000,lvl02-0101-0827-03t0,ethernet18/1,lvl021082703031,nic1.port1,50,4,0,0,lvl02-0101-0827-03t0:ethernet18/1 -> lvl021082703031:nic1.port1,lvl021082703031:nic1.port1 -> lvl02-0101-0827-03t0:ethernet18/1,1
2026-09-04 03:58:00.0000000,lvl02-0101-0827-03t0,ethernet18/1,lvl021082703031,nic1.port1,50,6,0,0,lvl02-0101-0827-03t0:ethernet18/1 -> lvl021082703031:nic1.port1,lvl021082703031:nic1.port1 -> lvl02-0101-0827-03t0:ethernet18/1,1
2026-09-04 03:58:00.0000000,lvl02-0101-0827-03t0,ethernet19/1,lvl021082703033,nic1.port1,50,2,0,0,lvl02-0101-0827-03t0:ethernet19/1 -> lvl021082703033:nic1.port1,lvl021082703033:nic1.port1 -> lvl02-0101-0827-03t0:ethernet19/1,1
2026-09-04 03:58:00.0000000,lvl02-0101-0827-03t0,ethernet19/1,lvl021082703033,nic1.port1,50,3,0,0,lvl02-0101-0827-03t0:ethernet19/1 -> lvl021082703033:nic1.port1,lvl021082703033:nic1.port1 -> lvl02-0101-0827-03t0:ethernet19/1,1
2026-09-04 03:58:00.0000000,lvl02-0101-0827-03t0,ethernet19/1,lvl021082703033,nic1.port1,50,4,0,0,lvl02-0101-0827-03t0:ethernet19/1 -> lvl021082703033:nic1.port1,lvl021082703033:nic1.port1 -> lvl02-0101-0827-03t0:ethernet19/1,1
2026-09-04 03:58:00.0000000,lvl02-0101-0827-03t0,ethernet19/1,lvl021082703033,nic1.port1,50,6,0,0,lvl02-0101-0827-03t0:ethernet19/1 -> lvl021082703033:nic1.port1,lvl021082703033:nic1.port1 -> lvl02-0101-0827-03t0:ethernet19/1,1
2026-09-04 03:58:00.0000000,lvl02-0101-0827-03t0,ethernet2/1,lvl021082703003,nic1.port1,50,2,0,0,lvl02-0101-0827-03t0:ethernet2/1 -> lvl021082703003:nic1.port1,lvl021082703003:nic1.port1 -> lvl02-0101-0827-03t0:ethernet2/1,1
2026-09-04 03:58:00.0000000,lvl02-0101-0827-03t0,ethernet2/1,lvl021082703003,nic1.port1,50,3,0,0,lvl02-0101-0827-03t0:ethernet2/1 -> lvl021082703003:nic1.port1,lvl021082703003:nic1.port1 -> lvl02-0101-0827-03t0:ethernet2/1,1
2026-09-04 03:58:00.0000000,lvl02-0101-0827-03t0,ethernet2/1,lvl021082703003,nic1.port1,50,4,0,0,lvl02-0101-0827-03t0:ethernet2/1 -> lvl021082703003:nic1.port1,lvl021082703003:nic1.port1 -> lvl02-0101-0827-03t0:ethernet2/1,1
2026-09-04 03:58:00.0000000,lvl02-0101-0827-03t0,ethernet2/1,lvl021082703003,nic1.port1,50,6,0,0,lvl02-0101-0827-03t0:ethernet2/1 -> lvl021082703003:nic1.port1,lvl021082703003:nic1.port1 -> lvl02-0101-0827-03t0:ethernet2/1,1
2026-09-04 03:58:00.0000000,lvl02-0101-0827-03t0,ethernet21/1,lvl021082703037,nic1.port1,50,2,0,0,lvl02-0101-0827-03t0:ethernet21/1 -> lvl021082703037:nic1.port1,lvl021082703037:nic1.port1 -> lvl02-0101-0827-03t0:ethernet21/1,1
2026-09-04 03:58:00.0000000,lvl02-0101-0827-03t0,ethernet21/1,lvl021082703037,nic1.port1,50,3,0,0,lvl02-0101-0827-03t0:ethernet21/1 -> lvl021082703037:nic1.port1,lvl021082703037:nic1.port1 -> lvl02-0101-0827-03t0:ethernet21/1,1
2026-09-04 03:58:00.0000000,lvl02-0101-0827-03t0,ethernet21/1,lvl021082703037,nic1.port1,50,4,0,0,lvl02-0101-0827-03t0:ethernet21/1 -> lvl021082703037:nic1.port1,lvl021082703037:nic1.port1 -> lvl02-0101-0827-03t0:ethernet21/1,1
2026-09-04 03:58:00.0000000,lvl02-0101-0827-03t0,ethernet21/1,lvl021082703037,nic1.port1,50,6,0,0,lvl02-0101-0827-03t0:ethernet21/1 -> lvl021082703037:nic1.port1,lvl021082703037:nic1.port1 -> lvl02-0101-0827-03t0:ethernet21/1,1
2026-09-04 03:58:00.0000000,lvl02-0101-0827-03t0,ethernet27/1,lvl021082703045,nic1.port1,50,2,0,0,lvl02-0101-0827-03t0:ethernet27/1 -> lvl021082703045:nic1.port1,lvl021082703045:nic1.port1 -> lvl02-0101-0827-03t0:ethernet27/1,1
2026-09-04 03:58:00.0000000,lvl02-0101-0827-03t0,ethernet27/1,lvl021082703045,nic1.port1,50,3,0,0,lvl02-0101-0827-03t0:ethernet27/1 -> lvl021082703045:nic1.port1,lvl021082703045:nic1.port1 -> lvl02-0101-0827-03t0:ethernet27/1,1
2026-09-04 03:58:00.0000000,lvl02-0101-0827-03t0,ethernet27/1,lvl021082703045,nic1.port1,50,4,0,0,lvl02-0101-0827-03t0:ethernet27/1 -> lvl021082703045:nic1.port1,lvl021082703045:nic1.port1 -> lvl02-0101-0827-03t0:ethernet27/1,1
2026-09-04 03:58:00.0000000,lvl02-0101-0827-03t0,ethernet27/1,lvl021082703045,nic1.port1,50,6,0,0,lvl02-0101-0827-03t0:ethernet27/1 -> lvl021082703045:nic1.port1,lvl021082703045:nic1.port1 -> lvl02-0101-0827-03t0:ethernet27/1,1
2026-09-04 03:58:00.0000000,lvl02-0101-0827-03t0,ethernet29/1,lvl021082703049,nic1.port1,50,2,0,0,lvl02-0101-0827-03t0:ethernet29/1 -> lvl021082703049:nic1.port1,lvl021082703049:nic1.port1 -> lvl02-0101-0827-03t0:ethernet29/1,1
2026-09-04 03:58:00.0000000,lvl02-0101-0827-03t0,ethernet29/1,lvl021082703049,nic1.port1,50,3,0,0,lvl02-0101-0827-03t0:ethernet29/1 -> lvl021082703049:nic1.port1,lvl021082703049:nic1.port1 -> lvl02-0101-0827-03t0:ethernet29/1,1
2026-09-04 03:58:00.0000000,lvl02-0101-0827-03t0,ethernet29/1,lvl021082703049,nic1.port1,50,4,0,0,lvl02-0101-0827-03t0:ethernet29/1 -> lvl021082703049:nic1.port1,lvl021082703049:nic1.port1 -> lvl02-0101-0827-03t0:ethernet29/1,1
2026-09-04 03:58:00.0000000,lvl02-0101-0827-03t0,ethernet29/1,lvl021082703049,nic1.port1,50,6,0,0,lvl02-0101-0827-03t0:ethernet29/1 -> lvl021082703049:nic1.port1,lvl021082703049:nic1.port1 -> lvl02-0101-0827-03t0:ethernet29/1,1
2026-09-04 03:58:00.0000000,lvl02-0101-0827-03t0,ethernet31/1,lvl021082703053,nic1.port1,50,2,0,0,lvl02-0101-0827-03t0:ethernet31/1 -> lvl021082703053:nic1.port1,lvl021082703053:nic1.port1 -> lvl02-0101-0827-03t0:ethernet31/1,1
2026-09-04 03:58:00.0000000,lvl02-0101-0827-03t0,ethernet31/1,lvl021082703053,nic1.port1,50,3,0,8316,lvl02-0101-0827-03t0:ethernet31/1 -> lvl021082703053:nic1.port1,lvl021082703053:nic1.port1 -> lvl02-0101-0827-03t0:ethernet31/1,1
2026-09-04 03:58:00.0000000,lvl02-0101-0827-03t0,ethernet31/1,lvl021082703053,nic1.port1,50,4,0,8316,lvl02-0101-0827-03t0:ethernet31/1 -> lvl021082703053:nic1.port1,lvl021082703053:nic1.port1 -> lvl02-0101-0827-03t0:ethernet31/1,1
2026-09-04 03:58:00.0000000,lvl02-0101-0827-03t0,ethernet31/1,lvl021082703053,nic1.port1,50,6,0,0,lvl02-0101-0827-03t0:ethernet31/1 -> lvl021082703053:nic1.port1,lvl021082703053:nic1.port1 -> lvl02-0101-0827-03t0:ethernet31/1,1
2026-09-04 03:58:00.0000000,lvl02-0101-0827-03t0,ethernet4/1,lvl021082703007,nic1.port1,50,2,0,0,lvl02-0101-0827-03t0:ethernet4/1 -> lvl021082703007:nic1.port1,lvl021082703007:nic1.port1 -> lvl02-0101-0827-03t0:ethernet4/1,1
2026-09-04 03:58:00.0000000,lvl02-0101-0827-03t0,ethernet4/1,lvl021082703007,nic1.port1,50,3,0,0,lvl02-0101-0827-03t0:ethernet4/1 -> lvl021082703007:nic1.port1,lvl021082703007:nic1.port1 -> lvl02-0101-0827-03t0:ethernet4/1,1
2026-09-04 03:58:00.0000000,lvl02-0101-0827-03t0,ethernet4/1,lvl021082703007,nic1.port1,50,4,0,0,lvl02-0101-0827-03t0:ethernet4/1 -> lvl021082703007:nic1.port1,lvl021082703007:nic1.port1 -> lvl02-0101-0827-03t0:ethernet4/1,1
2026-09-04 03:58:00.0000000,lvl02-0101-0827-03t0,ethernet4/1,lvl021082703007,nic1.port1,50,6,0,0,lvl02-0101-0827-03t0:ethernet4/1 -> lvl021082703007:nic1.port1,lvl021082703007:nic1.port1 -> lvl02-0101-0827-03t0:ethernet4/1,1
2026-09-04 04:01:00.0000000,lvl02-0101-0827-03lt0,ethernet12/1,lvl021082703019,nic1.port1,50,2,0,0,lvl02-0101-0827-03lt0:ethernet12/1 -> lvl021082703019:nic1.port1,lvl021082703019:nic1.port1 -> lvl02-0101-0827-03lt0:ethernet12/1,1
2026-09-04 04:01:00.0000000,lvl02-0101-0827-03lt0,ethernet12/1,lvl021082703019,nic1.port1,50,3,0,0,lvl02-0101-0827-03lt0:ethernet12/1 -> lvl021082703019:nic1.port1,lvl021082703019:nic1.port1 -> lvl02-0101-0827-03lt0:ethernet12/1,1
2026-09-04 04:01:00.0000000,lvl02-0101-0827-03lt0,ethernet12/1,lvl021082703019,nic1.port1,50,4,0,0,lvl02-0101-0827-03lt0:ethernet12/1 -> lvl021082703019:nic1.port1,lvl021082703019:nic1.port1 -> lvl02-0101-0827-03lt0:ethernet12/1,1
2026-09-04 04:01:00.0000000,lvl02-0101-0827-03lt0,ethernet12/1,lvl021082703019,nic1.port1,50,6,0,0,lvl02-0101-0827-03lt0:ethernet12/1 -> lvl021082703019:nic1.port1,lvl021082703019:nic1.port1 -> lvl02-0101-0827-03lt0:ethernet12/1,1
2026-09-04 04:01:00.0000000,lvl02-0101-0827-03lt0,ethernet14/1,lvl021082703023,nic1.port1,50,2,0,0,lvl02-0101-0827-03lt0:ethernet14/1 -> lvl021082703023:nic1.port1,lvl021082703023:nic1.port1 -> lvl02-0101-0827-03lt0:ethernet14/1,1
2026-09-04 04:01:00.0000000,lvl02-0101-0827-03lt0,ethernet14/1,lvl021082703023,nic1.port1,50,3,0,0,lvl02-0101-0827-03lt0:ethernet14/1 -> lvl021082703023:nic1.port1,lvl021082703023:nic1.port1 -> lvl02-0101-0827-03lt0:ethernet14/1,1
2026-09-04 04:01:00.0000000,lvl02-0101-0827-03lt0,ethernet14/1,lvl021082703023,nic1.port1,50,4,0,0,lvl02-0101-0827-03lt0:ethernet14/1 -> lvl021082703023:nic1.port1,lvl021082703023:nic1.port1 -> lvl02-0101-0827-03lt0:ethernet14/1,1
2026-09-04 04:01:00.0000000,lvl02-0101-0827-03lt0,ethernet14/1,lvl021082703023,nic1.port1,50,6,0,0,lvl02-0101-0827-03lt0:ethernet14/1 -> lvl021082703023:nic1.port1,lvl021082703023:nic1.port1 -> lvl02-0101-0827-03lt0:ethernet14/1,1
2026-09-04 04:01:00.0000000,lvl02-0101-0827-03lt0,ethernet15/1,lvl021082703025,nic1.port1,50,2,0,0,lvl02-0101-0827-03lt0:ethernet15/1 -> lvl021082703025:nic1.port1,lvl021082703025:nic1.port1 -> lvl02-0101-0827-03lt0:ethernet15/1,1
2026-09-04 04:01:00.0000000,lvl02-0101-0827-03lt0,ethernet15/1,lvl021082703025,nic1.port1,50,3,0,0,lvl02-0101-0827-03lt0:ethernet15/1 -> lvl021082703025:nic1.port1,lvl021082703025:nic1.port1 -> lvl02-0101-0827-03lt0:ethernet15/1,1
2026-09-04 04:01:00.0000000,lvl02-0101-0827-03lt0,ethernet15/1,lvl021082703025,nic1.port1,50,4,0,0,lvl02-0101-0827-03lt0:ethernet15/1 -> lvl021082703025:nic1.port1,lvl021082703025:nic1.port1 -> lvl02-0101-0827-03lt0:ethernet15/1,1
2026-09-04 04:01:00.0000000,lvl02-0101-0827-03lt0,ethernet15/1,lvl021082703025,nic1.port1,50,6,0,0,lvl02-0101-0827-03lt0:ethernet15/1 -> lvl021082703025:nic1.port1,lvl021082703025:nic1.port1 -> lvl02-0101-0827-03lt0:ethernet15/1,1
2026-09-04 04:01:00.0000000,lvl02-0101-0827-03lt0,ethernet18/1,lvl021082703031,nic1.port1,50,2,0,0,lvl02-0101-0827-03lt0:ethernet18/1 -> lvl021082703031:nic1.port1,lvl021082703031:nic1.port1 -> lvl02-0101-0827-03lt0:ethernet18/1,1
2026-09-04 04:01:00.0000000,lvl02-0101-0827-03lt0,ethernet18/1,lvl021082703031,nic1.port1,50,3,0,0,lvl02-0101-0827-03lt0:ethernet18/1 -> lvl021082703031:nic1.port1,lvl021082703031:nic1.port1 -> lvl02-0101-0827-03lt0:ethernet18/1,1
2026-09-04 04:01:00.0000000,lvl02-0101-0827-03lt0,ethernet18/1,lvl021082703031,nic1.port1,50,4,0,0,lvl02-0101-0827-03lt0:ethernet18/1 -> lvl021082703031:nic1.port1,lvl021082703031:nic1.port1 -> lvl02-0101-0827-03lt0:ethernet18/1,1
2026-09-04 04:01:00.0000000,lvl02-0101-0827-03lt0,ethernet18/1,lvl021082703031,nic1.port1,50,6,0,0,lvl02-0101-0827-03lt0:ethernet18/1 -> lvl021082703031:nic1.port1,lvl021082703031:nic1.port1 -> lvl02-0101-0827-03lt0:ethernet18/1,1
2026-09-04 04:01:00.0000000,lvl02-0101-0827-03lt0,ethernet19/1,lvl021082703033,nic1.port1,50,2,0,0,lvl02-0101-0827-03lt0:ethernet19/1 -> lvl021082703033:nic1.port1,lvl021082703033:nic1.port1 -> lvl02-0101-0827-03lt0:ethernet19/1,1
2026-09-04 04:01:00.0000000,lvl02-0101-0827-03lt0,ethernet19/1,lvl021082703033,nic1.port1,50,3,0,0,lvl02-0101-0827-03lt0:ethernet19/1 -> lvl021082703033:nic1.port1,lvl021082703033:nic1.port1 -> lvl02-0101-0827-03lt0:ethernet19/1,1
2026-09-04 04:01:00.0000000,lvl02-0101-0827-03lt0,ethernet19/1,lvl021082703033,nic1.port1,50,4,0,0,lvl02-0101-0827-03lt0:ethernet19/1 -> lvl021082703033:nic1.port1,lvl021082703033:nic1.port1 -> lvl02-0101-0827-03lt0:ethernet19/1,1
2026-09-04 04:01:00.0000000,lvl02-0101-0827-03lt0,ethernet19/1,lvl021082703033,nic1.port1,50,6,0,0,lvl02-0101-0827-03lt0:ethernet19/1 -> lvl021082703033:nic1.port1,lvl021082703033:nic1.port1 -> lvl02-0101-0827-03lt0:ethernet19/1,1
2026-09-04 04:01:00.0000000,lvl02-0101-0827-03lt0,ethernet2/1,lvl021082703003,nic1.port1,50,2,0,0,lvl02-0101-0827-03lt0:ethernet2/1 -> lvl021082703003:nic1.port1,lvl021082703003:nic1.port1 -> lvl02-0101-0827-03lt0:ethernet2/1,1
2026-09-04 04:01:00.0000000,lvl02-0101-0827-03lt0,ethernet2/1,lvl021082703003,nic1.port1,50,3,0,2,lvl02-0101-0827-03lt0:ethernet2/1 -> lvl021082703003:nic1.port1,lvl021082703003:nic1.port1 -> lvl02-0101-0827-03lt0:ethernet2/1,1
2026-09-04 04:01:00.0000000,lvl02-0101-0827-03lt0,ethernet2/1,lvl021082703003,nic1.port1,50,4,0,2,lvl02-0101-0827-03lt0:ethernet2/1 -> lvl021082703003:nic1.port1,lvl021082703003:nic1.port1 -> lvl02-0101-0827-03lt0:ethernet2/1,1
2026-09-04 04:01:00.0000000,lvl02-0101-0827-03lt0,ethernet2/1,lvl021082703003,nic1.port1,50,6,0,0,lvl02-0101-0827-03lt0:ethernet2/1 -> lvl021082703003:nic1.port1,lvl021082703003:nic1.port1 -> lvl02-0101-0827-03lt0:ethernet2/1,1
2026-09-04 04:01:00.0000000,lvl02-0101-0827-03lt0,ethernet21/1,lvl021082703037,nic1.port1,50,2,0,0,lvl02-0101-0827-03lt0:ethernet21/1 -> lvl021082703037:nic1.port1,lvl021082703037:nic1.port1 -> lvl02-0101-0827-03lt0:ethernet21/1,1
2026-09-04 04:01:00.0000000,lvl02-0101-0827-03lt0,ethernet21/1,lvl021082703037,nic1.port1,50,3,0,0,lvl02-0101-0827-03lt0:ethernet21/1 -> lvl021082703037:nic1.port1,lvl021082703037:nic1.port1 -> lvl02-0101-0827-03lt0:ethernet21/1,1
2026-09-04 04:01:00.0000000,lvl02-0101-0827-03lt0,ethernet21/1,lvl021082703037,nic1.port1,50,4,0,0,lvl02-0101-0827-03lt0:ethernet21/1 -> lvl021082703037:nic1.port1,lvl021082703037:nic1.port1 -> lvl02-0101-0827-03lt0:ethernet21/1,1
2026-09-04 04:01:00.0000000,lvl02-0101-0827-03lt0,ethernet21/1,lvl021082703037,nic1.port1,50,6,0,0,lvl02-0101-0827-03lt0:ethernet21/1 -> lvl021082703037:nic1.port1,lvl021082703037:nic1.port1 -> lvl02-0101-0827-03lt0:ethernet21/1,1
2026-09-04 04:01:00.0000000,lvl02-0101-0827-03lt0,ethernet27/1,lvl021082703045,nic1.port1,50,2,0,0,lvl02-0101-0827-03lt0:ethernet27/1 -> lvl021082703045:nic1.port1,lvl021082703045:nic1.port1 -> lvl02-0101-0827-03lt0:ethernet27/1,1
2026-09-04 04:01:00.0000000,lvl02-0101-0827-03lt0,ethernet27/1,lvl021082703045,nic1.port1,50,3,0,0,lvl02-0101-0827-03lt0:ethernet27/1 -> lvl021082703045:nic1.port1,lvl021082703045:nic1.port1 -> lvl02-0101-0827-03lt0:ethernet27/1,1
2026-09-04 04:01:00.0000000,lvl02-0101-0827-03lt0,ethernet27/1,lvl021082703045,nic1.port1,50,4,0,0,lvl02-0101-0827-03lt0:ethernet27/1 -> lvl021082703045:nic1.port1,lvl021082703045:nic1.port1 -> lvl02-0101-0827-03lt0:ethernet27/1,1
2026-09-04 04:01:00.0000000,lvl02-0101-0827-03lt0,ethernet27/1,lvl021082703045,nic1.port1,50,6,0,0,lvl02-0101-0827-03lt0:ethernet27/1 -> lvl021082703045:nic1.port1,lvl021082703045:nic1.port1 -> lvl02-0101-0827-03lt0:ethernet27/1,1
2026-09-04 04:01:00.0000000,lvl02-0101-0827-03lt0,ethernet29/1,lvl021082703049,nic1.port1,50,2,0,0,lvl02-0101-0827-03lt0:ethernet29/1 -> lvl021082703049:nic1.port1,lvl021082703049:nic1.port1 -> lvl02-0101-0827-03lt0:ethernet29/1,1
2026-09-04 04:01:00.0000000,lvl02-0101-0827-03lt0,ethernet29/1,lvl021082703049,nic1.port1,50,3,0,0,lvl02-0101-0827-03lt0:ethernet29/1 -> lvl021082703049:nic1.port1,lvl021082703049:nic1.port1 -> lvl02-0101-0827-03lt0:ethernet29/1,1
2026-09-04 04:01:00.0000000,lvl02-0101-0827-03lt0,ethernet29/1,lvl021082703049,nic1.port1,50,4,0,0,lvl02-0101-0827-03lt0:ethernet29/1 -> lvl021082703049:nic1.port1,lvl021082703049:nic1.port1 -> lvl02-0101-0827-03lt0:ethernet29/1,1
2026-09-04 04:01:00.0000000,lvl02-0101-0827-03lt0,ethernet29/1,lvl021082703049,nic1.port1,50,6,0,0,lvl02-0101-0827-03lt0:ethernet29/1 -> lvl021082703049:nic1.port1,lvl021082703049:nic1.port1 -> lvl02-0101-0827-03lt0:ethernet29/1,1
2026-09-04 04:01:00.0000000,lvl02-0101-0827-03lt0,ethernet31/1,lvl021082703053,nic1.port1,50,2,0,0,lvl02-0101-0827-03lt0:ethernet31/1 -> lvl021082703053:nic1.port1,lvl021082703053:nic1.port1 -> lvl02-0101-0827-03lt0:ethernet31/1,1
2026-09-04 04:01:00.0000000,lvl02-0101-0827-03lt0,ethernet31/1,lvl021082703053,nic1.port1,50,3,0,17087,lvl02-0101-0827-03lt0:ethernet31/1 -> lvl021082703053:nic1.port1,lvl021082703053:nic1.port1 -> lvl02-0101-0827-03lt0:ethernet31/1,1
2026-09-04 04:01:00.0000000,lvl02-0101-0827-03lt0,ethernet31/1,lvl021082703053,nic1.port1,50,4,0,17087,lvl02-0101-0827-03lt0:ethernet31/1 -> lvl021082703053:nic1.port1,lvl021082703053:nic1.port1 -> lvl02-0101-0827-03lt0:ethernet31/1,1
2026-09-04 04:01:00.0000000,lvl02-0101-0827-03lt0,ethernet31/1,lvl021082703053,nic1.port1,50,6,0,0,lvl02-0101-0827-03lt0:ethernet31/1 -> lvl021082703053:nic1.port1,lvl021082703053:nic1.port1 -> lvl02-0101-0827-03lt0:ethernet31/1,1
2026-09-04 04:01:00.0000000,lvl02-0101-0827-03lt0,ethernet4/1,lvl021082703007,nic1.port1,50,2,0,0,lvl02-0101-0827-03lt0:ethernet4/1 -> lvl021082703007:nic1.port1,lvl021082703007:nic1.port1 -> lvl02-0101-0827-03lt0:ethernet4/1,1
2026-09-04 04:01:00.0000000,lvl02-0101-0827-03lt0,ethernet4/1,lvl021082703007,nic1.port1,50,3,0,0,lvl02-0101-0827-03lt0:ethernet4/1 -> lvl021082703007:nic1.port1,lvl021082703007:nic1.port1 -> lvl02-0101-0827-03lt0:ethernet4/1,1
2026-09-04 04:01:00.0000000,lvl02-0101-0827-03lt0,ethernet4/1,lvl021082703007,nic1.port1,50,4,0,0,lvl02-0101-0827-03lt0:ethernet4/1 -> lvl021082703007:nic1.port1,lvl021082703007:nic1.port1 -> lvl02-0101-0827-03lt0:ethernet4/1,1
2026-09-04 04:01:00.0000000,lvl02-0101-0827-03lt0,ethernet4/1,lvl021082703007,nic1.port1,50,6,0,0,lvl02-0101-0827-03lt0:ethernet4/1 -> lvl021082703007:nic1.port1,lvl021082703007:nic1.port1 -> lvl02-0101-0827-03lt0:ethernet4/1,1
2026-09-04 04:03:00.0000000,lvl02-0101-0827-03t0,ethernet12/1,lvl021082703019,nic1.port1,50,2,0,0,lvl02-0101-0827-03t0:ethernet12/1 -> lvl021082703019:nic1.port1,lvl021082703019:nic1.port1 -> lvl02-0101-0827-03t0:ethernet12/1,1
2026-09-04 04:03:00.0000000,lvl02-0101-0827-03t0,ethernet12/1,lvl021082703019,nic1.port1,50,3,0,0,lvl02-0101-0827-03t0:ethernet12/1 -> lvl021082703019:nic1.port1,lvl021082703019:nic1.port1 -> lvl02-0101-0827-03t0:ethernet12/1,1
2026-09-04 04:03:00.0000000,lvl02-0101-0827-03t0,ethernet12/1,lvl021082703019,nic1.port1,50,4,0,0,lvl02-0101-0827-03t0:ethernet12/1 -> lvl021082703019:nic1.port1,lvl021082703019:nic1.port1 -> lvl02-0101-0827-03t0:ethernet12/1,1
2026-09-04 04:03:00.0000000,lvl02-0101-0827-03t0,ethernet12/1,lvl021082703019,nic1.port1,50,6,0,0,lvl02-0101-0827-03t0:ethernet12/1 -> lvl021082703019:nic1.port1,lvl021082703019:nic1.port1 -> lvl02-0101-0827-03t0:ethernet12/1,1
2026-09-04 04:03:00.0000000,lvl02-0101-0827-03t0,ethernet14/1,lvl021082703023,nic1.port1,50,2,0,0,lvl02-0101-0827-03t0:ethernet14/1 -> lvl021082703023:nic1.port1,lvl021082703023:nic1.port1 -> lvl02-0101-0827-03t0:ethernet14/1,1
2026-09-04 04:03:00.0000000,lvl02-0101-0827-03t0,ethernet14/1,lvl021082703023,nic1.port1,50,3,0,0,lvl02-0101-0827-03t0:ethernet14/1 -> lvl021082703023:nic1.port1,lvl021082703023:nic1.port1 -> lvl02-0101-0827-03t0:ethernet14/1,1
2026-09-04 04:03:00.0000000,lvl02-0101-0827-03t0,ethernet14/1,lvl021082703023,nic1.port1,50,4,0,0,lvl02-0101-0827-03t0:ethernet14/1 -> lvl021082703023:nic1.port1,lvl021082703023:nic1.port1 -> lvl02-0101-0827-03t0:ethernet14/1,1
2026-09-04 04:03:00.0000000,lvl02-0101-0827-03t0,ethernet14/1,lvl021082703023,nic1.port1,50,6,0,0,lvl02-0101-0827-03t0:ethernet14/1 -> lvl021082703023:nic1.port1,lvl021082703023:nic1.port1 -> lvl02-0101-0827-03t0:ethernet14/1,1
2026-09-04 04:03:00.0000000,lvl02-0101-0827-03t0,ethernet15/1,lvl021082703025,nic1.port1,50,2,0,0,lvl02-0101-0827-03t0:ethernet15/1 -> lvl021082703025:nic1.port1,lvl021082703025:nic1.port1 -> lvl02-0101-0827-03t0:ethernet15/1,1
2026-09-04 04:03:00.0000000,lvl02-0101-0827-03t0,ethernet15/1,lvl021082703025,nic1.port1,50,3,0,0,lvl02-0101-0827-03t0:ethernet15/1 -> lvl021082703025:nic1.port1,lvl021082703025:nic1.port1 -> lvl02-0101-0827-03t0:ethernet15/1,1
2026-09-04 04:03:00.0000000,lvl02-0101-0827-03t0,ethernet15/1,lvl021082703025,nic1.port1,50,4,0,0,lvl02-0101-0827-03t0:ethernet15/1 -> lvl021082703025:nic1.port1,lvl021082703025:nic1.port1 -> lvl02-0101-0827-03t0:ethernet15/1,1
2026-09-04 04:03:00.0000000,lvl02-0101-0827-03t0,ethernet15/1,lvl021082703025,nic1.port1,50,6,0,0,lvl02-0101-0827-03t0:ethernet15/1 -> lvl021082703025:nic1.port1,lvl021082703025:nic1.port1 -> lvl02-0101-0827-03t0:ethernet15/1,1
2026-09-04 04:03:00.0000000,lvl02-0101-0827-03t0,ethernet18/1,lvl021082703031,nic1.port1,50,2,0,0,lvl02-0101-0827-03t0:ethernet18/1 -> lvl021082703031:nic1.port1,lvl021082703031:nic1.port1 -> lvl02-0101-0827-03t0:ethernet18/1,1
2026-09-04 04:03:00.0000000,lvl02-0101-0827-03t0,ethernet18/1,lvl021082703031,nic1.port1,50,3,0,0,lvl02-0101-0827-03t0:ethernet18/1 -> lvl021082703031:nic1.port1,lvl021082703031:nic1.port1 -> lvl02-0101-0827-03t0:ethernet18/1,1
2026-09-04 04:03:00.0000000,lvl02-0101-0827-03t0,ethernet18/1,lvl021082703031,nic1.port1,50,4,0,0,lvl02-0101-0827-03t0:ethernet18/1 -> lvl021082703031:nic1.port1,lvl021082703031:nic1.port1 -> lvl02-0101-0827-03t0:ethernet18/1,1
2026-09-04 04:03:00.0000000,lvl02-0101-0827-03t0,ethernet18/1,lvl021082703031,nic1.port1,50,6,0,0,lvl02-0101-0827-03t0:ethernet18/1 -> lvl021082703031:nic1.port1,lvl021082703031:nic1.port1 -> lvl02-0101-0827-03t0:ethernet18/1,1
2026-09-04 04:03:00.0000000,lvl02-0101-0827-03t0,ethernet19/1,lvl021082703033,nic1.port1,50,2,0,0,lvl02-0101-0827-03t0:ethernet19/1 -> lvl021082703033:nic1.port1,lvl021082703033:nic1.port1 -> lvl02-0101-0827-03t0:ethernet19/1,1
2026-09-04 04:03:00.0000000,lvl02-0101-0827-03t0,ethernet19/1,lvl021082703033,nic1.port1,50,3,0,0,lvl02-0101-0827-03t0:ethernet19/1 -> lvl021082703033:nic1.port1,lvl021082703033:nic1.port1 -> lvl02-0101-0827-03t0:ethernet19/1,1
2026-09-04 04:03:00.0000000,lvl02-0101-0827-03t0,ethernet19/1,lvl021082703033,nic1.port1,50,4,0,0,lvl02-0101-0827-03t0:ethernet19/1 -> lvl021082703033:nic1.port1,lvl021082703033:nic1.port1 -> lvl02-0101-0827-03t0:ethernet19/1,1
2026-09-04 04:03:00.0000000,lvl02-0101-0827-03t0,ethernet19/1,lvl021082703033,nic1.port1,50,6,0,0,lvl02-0101-0827-03t0:ethernet19/1 -> lvl021082703033:nic1.port1,lvl021082703033:nic1.port1 -> lvl02-0101-0827-03t0:ethernet19/1,1
2026-09-04 04:03:00.0000000,lvl02-0101-0827-03t0,ethernet2/1,lvl021082703003,nic1.port1,50,2,0,0,lvl02-0101-0827-03t0:ethernet2/1 -> lvl021082703003:nic1.port1,lvl021082703003:nic1.port1 -> lvl02-0101-0827-03t0:ethernet2/1,1
2026-09-04 04:03:00.0000000,lvl02-0101-0827-03t0,ethernet2/1,lvl021082703003,nic1.port1,50,3,0,2,lvl02-0101-0827-03t0:ethernet2/1 -> lvl021082703003:nic1.port1,lvl021082703003:nic1.port1 -> lvl02-0101-0827-03t0:ethernet2/1,1
2026-09-04 04:03:00.0000000,lvl02-0101-0827-03t0,ethernet2/1,lvl021082703003,nic1.port1,50,4,0,2,lvl02-0101-0827-03t0:ethernet2/1 -> lvl021082703003:nic1.port1,lvl021082703003:nic1.port1 -> lvl02-0101-0827-03t0:ethernet2/1,1
2026-09-04 04:03:00.0000000,lvl02-0101-0827-03t0,ethernet2/1,lvl021082703003,nic1.port1,50,6,0,0,lvl02-0101-0827-03t0:ethernet2/1 -> lvl021082703003:nic1.port1,lvl021082703003:nic1.port1 -> lvl02-0101-0827-03t0:ethernet2/1,1
2026-09-04 04:03:00.0000000,lvl02-0101-0827-03t0,ethernet21/1,lvl021082703037,nic1.port1,50,2,0,0,lvl02-0101-0827-03t0:ethernet21/1 -> lvl021082703037:nic1.port1,lvl021082703037:nic1.port1 -> lvl02-0101-0827-03t0:ethernet21/1,1
2026-09-04 04:03:00.0000000,lvl02-0101-0827-03t0,ethernet21/1,lvl021082703037,nic1.port1,50,3,0,0,lvl02-0101-0827-03t0:ethernet21/1 -> lvl021082703037:nic1.port1,lvl021082703037:nic1.port1 -> lvl02-0101-0827-03t0:ethernet21/1,1
2026-09-04 04:03:00.0000000,lvl02-0101-0827-03t0,ethernet21/1,lvl021082703037,nic1.port1,50,4,0,0,lvl02-0101-0827-03t0:ethernet21/1 -> lvl021082703037:nic1.port1,lvl021082703037:nic1.port1 -> lvl02-0101-0827-03t0:ethernet21/1,1
2026-09-04 04:03:00.0000000,lvl02-0101-0827-03t0,ethernet21/1,lvl021082703037,nic1.port1,50,6,0,0,lvl02-0101-0827-03t0:ethernet21/1 -> lvl021082703037:nic1.port1,lvl021082703037:nic1.port1 -> lvl02-0101-0827-03t0:ethernet21/1,1
2026-09-04 04:03:00.0000000,lvl02-0101-0827-03t0,ethernet27/1,lvl021082703045,nic1.port1,50,2,0,0,lvl02-0101-0827-03t0:ethernet27/1 -> lvl021082703045:nic1.port1,lvl021082703045:nic1.port1 -> lvl02-0101-0827-03t0:ethernet27/1,1
2026-09-04 04:03:00.0000000,lvl02-0101-0827-03t0,ethernet27/1,lvl021082703045,nic1.port1,50,3,0,0,lvl02-0101-0827-03t0:ethernet27/1 -> lvl021082703045:nic1.port1,lvl021082703045:nic1.port1 -> lvl02-0101-0827-03t0:ethernet27/1,1
2026-09-04 04:03:00.0000000,lvl02-0101-0827-03t0,ethernet27/1,lvl021082703045,nic1.port1,50,4,0,0,lvl02-0101-0827-03t0:ethernet27/1 -> lvl021082703045:nic1.port1,lvl021082703045:nic1.port1 -> lvl02-0101-0827-03t0:ethernet27/1,1
2026-09-04 04:03:00.0000000,lvl02-0101-0827-03t0,ethernet27/1,lvl021082703045,nic1.port1,50,6,0,0,lvl02-0101-0827-03t0:ethernet27/1 -> lvl021082703045:nic1.port1,lvl021082703045:nic1.port1 -> lvl02-0101-0827-03t0:ethernet27/1,1
2026-09-04 04:03:00.0000000,lvl02-0101-0827-03t0,ethernet29/1,lvl021082703049,nic1.port1,50,2,0,0,lvl02-0101-0827-03t0:ethernet29/1 -> lvl021082703049:nic1.port1,lvl021082703049:nic1.port1 -> lvl02-0101-0827-03t0:ethernet29/1,1
2026-09-04 04:03:00.0000000,lvl02-0101-0827-03t0,ethernet29/1,lvl021082703049,nic1.port1,50,3,0,0,lvl02-0101-0827-03t0:ethernet29/1 -> lvl021082703049:nic1.port1,lvl021082703049:nic1.port1 -> lvl02-0101-0827-03t0:ethernet29/1,1
2026-09-04 04:03:00.0000000,lvl02-0101-0827-03t0,ethernet29/1,lvl021082703049,nic1.port1,50,4,0,0,lvl02-0101-0827-03t0:ethernet29/1 -> lvl021082703049:nic1.port1,lvl021082703049:nic1.port1 -> lvl02-0101-0827-03t0:ethernet29/1,1
2026-09-04 04:03:00.0000000,lvl02-0101-0827-03t0,ethernet29/1,lvl021082703049,nic1.port1,50,6,0,0,lvl02-0101-0827-03t0:ethernet29/1 -> lvl021082703049:nic1.port1,lvl021082703049:nic1.port1 -> lvl02-0101-0827-03t0:ethernet29/1,1
2026-09-04 04:03:00.0000000,lvl02-0101-0827-03t0,ethernet31/1,lvl021082703053,nic1.port1,50,2,0,0,lvl02-0101-0827-03t0:ethernet31/1 -> lvl021082703053:nic1.port1,lvl021082703053:nic1.port1 -> lvl02-0101-0827-03t0:ethernet31/1,1
2026-09-04 04:03:00.0000000,lvl02-0101-0827-03t0,ethernet31/1,lvl021082703053,nic1.port1,50,3,0,11305,lvl02-0101-0827-03t0:ethernet31/1 -> lvl021082703053:nic1.port1,lvl021082703053:nic1.port1 -> lvl02-0101-0827-03t0:ethernet31/1,1
2026-09-04 04:03:00.0000000,lvl02-0101-0827-03t0,ethernet31/1,lvl021082703053,nic1.port1,50,4,0,11305,lvl02-0101-0827-03t0:ethernet31/1 -> lvl021082703053:nic1.port1,lvl021082703053:nic1.port1 -> lvl02-0101-0827-03t0:ethernet31/1,1
2026-09-04 04:03:00.0000000,lvl02-0101-0827-03t0,ethernet31/1,lvl021082703053,nic1.port1,50,6,0,0,lvl02-0101-0827-03t0:ethernet31/1 -> lvl021082703053:nic1.port1,lvl021082703053:nic1.port1 -> lvl02-0101-0827-03t0:ethernet31/1,1
2026-09-04 04:03:00.0000000,lvl02-0101-0827-03t0,ethernet4/1,lvl021082703007,nic1.port1,50,2,0,0,lvl02-0101-0827-03t0:ethernet4/1 -> lvl021082703007:nic1.port1,lvl021082703007:nic1.port1 -> lvl02-0101-0827-03t0:ethernet4/1,1
2026-09-04 04:03:00.0000000,lvl02-0101-0827-03t0,ethernet4/1,lvl021082703007,nic1.port1,50,3,0,0,lvl02-0101-0827-03t0:ethernet4/1 -> lvl021082703007:nic1.port1,lvl021082703007:nic1.port1 -> lvl02-0101-0827-03t0:ethernet4/1,1
2026-09-04 04:03:00.0000000,lvl02-0101-0827-03t0,ethernet4/1,lvl021082703007,nic1.port1,50,4,0,0,lvl02-0101-0827-03t0:ethernet4/1 -> lvl021082703007:nic1.port1,lvl021082703007:nic1.port1 -> lvl02-0101-0827-03t0:ethernet4/1,1
2026-09-04 04:03:00.0000000,lvl02-0101-0827-03t0,ethernet4/1,lvl021082703007,nic1.port1,50,6,0,0,lvl02-0101-0827-03t0:ethernet4/1 -> lvl021082703007:nic1.port1,lvl021082703007:nic1.port1 -> lvl02-0101-0827-03t0:ethernet4/1,1
2026-09-04 04:06:00.0000000,lvl02-0101-0827-03lt0,ethernet12/1,lvl021082703019,nic1.port1,50,2,0,0,lvl02-0101-0827-03lt0:ethernet12/1 -> lvl021082703019:nic1.port1,lvl021082703019:nic1.port1 -> lvl02-0101-0827-03lt0:ethernet12/1,1
2026-09-04 04:06:00.0000000,lvl02-0101-0827-03lt0,ethernet12/1,lvl021082703019,nic1.port1,50,3,0,0,lvl02-0101-0827-03lt0:ethernet12/1 -> lvl021082703019:nic1.port1,lvl021082703019:nic1.port1 -> lvl02-0101-0827-03lt0:ethernet12/1,1
2026-09-04 04:06:00.0000000,lvl02-0101-0827-03lt0,ethernet12/1,lvl021082703019,nic1.port1,50,4,0,0,lvl02-0101-0827-03lt0:ethernet12/1 -> lvl021082703019:nic1.port1,lvl021082703019:nic1.port1 -> lvl02-0101-0827-03lt0:ethernet12/1,1
2026-09-04 04:06:00.0000000,lvl02-0101-0827-03lt0,ethernet12/1,lvl021082703019,nic1.port1,50,6,0,0,lvl02-0101-0827-03lt0:ethernet12/1 -> lvl021082703019:nic1.port1,lvl021082703019:nic1.port1 -> lvl02-0101-0827-03lt0:ethernet12/1,1
2026-09-04 04:06:00.0000000,lvl02-0101-0827-03lt0,ethernet14/1,lvl021082703023,nic1.port1,50,2,0,0,lvl02-0101-0827-03lt0:ethernet14/1 -> lvl021082703023:nic1.port1,lvl021082703023:nic1.port1 -> lvl02-0101-0827-03lt0:ethernet14/1,1
2026-09-04 04:06:00.0000000,lvl02-0101-0827-03lt0,ethernet14/1,lvl021082703023,nic1.port1,50,3,0,0,lvl02-0101-0827-03lt0:ethernet14/1 -> lvl021082703023:nic1.port1,lvl021082703023:nic1.port1 -> lvl02-0101-0827-03lt0:ethernet14/1,1
2026-09-04 04:06:00.0000000,lvl02-0101-0827-03lt0,ethernet14/1,lvl021082703023,nic1.port1,50,4,0,0,lvl02-0101-0827-03lt0:ethernet14/1 -> lvl021082703023:nic1.port1,lvl021082703023:nic1.port1 -> lvl02-0101-0827-03lt0:ethernet14/1,1
2026-09-04 04:06:00.0000000,lvl02-0101-0827-03lt0,ethernet14/1,lvl021082703023,nic1.port1,50,6,0,0,lvl02-0101-0827-03lt0:ethernet14/1 -> lvl021082703023:nic1.port1,lvl021082703023:nic1.port1 -> lvl02-0101-0827-03lt0:ethernet14/1,1
2026-09-04 04:06:00.0000000,lvl02-0101-0827-03lt0,ethernet15/1,lvl021082703025,nic1.port1,50,2,0,0,lvl02-0101-0827-03lt0:ethernet15/1 -> lvl021082703025:nic1.port1,lvl021082703025:nic1.port1 -> lvl02-0101-0827-03lt0:ethernet15/1,1
2026-09-04 04:06:00.0000000,lvl02-0101-0827-03lt0,ethernet15/1,lvl021082703025,nic1.port1,50,3,0,0,lvl02-0101-0827-03lt0:ethernet15/1 -> lvl021082703025:nic1.port1,lvl021082703025:nic1.port1 -> lvl02-0101-0827-03lt0:ethernet15/1,1
2026-09-04 04:06:00.0000000,lvl02-0101-0827-03lt0,ethernet15/1,lvl021082703025,nic1.port1,50,4,0,0,lvl02-0101-0827-03lt0:ethernet15/1 -> lvl021082703025:nic1.port1,lvl021082703025:nic1.port1 -> lvl02-0101-0827-03lt0:ethernet15/1,1
2026-09-04 04:06:00.0000000,lvl02-0101-0827-03lt0,ethernet15/1,lvl021082703025,nic1.port1,50,6,0,0,lvl02-0101-0827-03lt0:ethernet15/1 -> lvl021082703025:nic1.port1,lvl021082703025:nic1.port1 -> lvl02-0101-0827-03lt0:ethernet15/1,1
2026-09-04 04:06:00.0000000,lvl02-0101-0827-03lt0,ethernet18/1,lvl021082703031,nic1.port1,50,2,0,0,lvl02-0101-0827-03lt0:ethernet18/1 -> lvl021082703031:nic1.port1,lvl021082703031:nic1.port1 -> lvl02-0101-0827-03lt0:ethernet18/1,1
2026-09-04 04:06:00.0000000,lvl02-0101-0827-03lt0,ethernet18/1,lvl021082703031,nic1.port1,50,3,0,0,lvl02-0101-0827-03lt0:ethernet18/1 -> lvl021082703031:nic1.port1,lvl021082703031:nic1.port1 -> lvl02-0101-0827-03lt0:ethernet18/1,1
2026-09-04 04:06:00.0000000,lvl02-0101-0827-03lt0,ethernet18/1,lvl021082703031,nic1.port1,50,4,0,0,lvl02-0101-0827-03lt0:ethernet18/1 -> lvl021082703031:nic1.port1,lvl021082703031:nic1.port1 -> lvl02-0101-0827-03lt0:ethernet18/1,1
2026-09-04 04:06:00.0000000,lvl02-0101-0827-03lt0,ethernet18/1,lvl021082703031,nic1.port1,50,6,0,0,lvl02-0101-0827-03lt0:ethernet18/1 -> lvl021082703031:nic1.port1,lvl021082703031:nic1.port1 -> lvl02-0101-0827-03lt0:ethernet18/1,1
2026-09-04 04:06:00.0000000,lvl02-0101-0827-03lt0,ethernet19/1,lvl021082703033,nic1.port1,50,2,0,0,lvl02-0101-0827-03lt0:ethernet19/1 -> lvl021082703033:nic1.port1,lvl021082703033:nic1.port1 -> lvl02-0101-0827-03lt0:ethernet19/1,1
2026-09-04 04:06:00.0000000,lvl02-0101-0827-03lt0,ethernet19/1,lvl021082703033,nic1.port1,50,3,0,0,lvl02-0101-0827-03lt0:ethernet19/1 -> lvl021082703033:nic1.port1,lvl021082703033:nic1.port1 -> lvl02-0101-0827-03lt0:ethernet19/1,1
2026-09-04 04:06:00.0000000,lvl02-0101-0827-03lt0,ethernet19/1,lvl021082703033,nic1.port1,50,4,0,0,lvl02-0101-0827-03lt0:ethernet19/1 -> lvl021082703033:nic1.port1,lvl021082703033:nic1.port1 -> lvl02-0101-0827-03lt0:ethernet19/1,1
2026-09-04 04:06:00.0000000,lvl02-0101-0827-03lt0,ethernet19/1,lvl021082703033,nic1.port1,50,6,0,0,lvl02-0101-0827-03lt0:ethernet19/1 -> lvl021082703033:nic1.port1,lvl021082703033:nic1.port1 -> lvl02-0101-0827-03lt0:ethernet19/1,1
2026-09-04 04:06:00.0000000,lvl02-0101-0827-03lt0,ethernet2/1,lvl021082703003,nic1.port1,50,2,0,0,lvl02-0101-0827-03lt0:ethernet2/1 -> lvl021082703003:nic1.port1,lvl021082703003:nic1.port1 -> lvl02-0101-0827-03lt0:ethernet2/1,1
2026-09-04 04:06:00.0000000,lvl02-0101-0827-03lt0,ethernet2/1,lvl021082703003,nic1.port1,50,3,0,0,lvl02-0101-0827-03lt0:ethernet2/1 -> lvl021082703003:nic1.port1,lvl021082703003:nic1.port1 -> lvl02-0101-0827-03lt0:ethernet2/1,1
2026-09-04 04:06:00.0000000,lvl02-0101-0827-03lt0,ethernet2/1,lvl021082703003,nic1.port1,50,4,0,0,lvl02-0101-0827-03lt0:ethernet2/1 -> lvl021082703003:nic1.port1,lvl021082703003:nic1.port1 -> lvl02-0101-0827-03lt0:ethernet2/1,1
2026-09-04 04:06:00.0000000,lvl02-0101-0827-03lt0,ethernet2/1,lvl021082703003,nic1.port1,50,6,0,0,lvl02-0101-0827-03lt0:ethernet2/1 -> lvl021082703003:nic1.port1,lvl021082703003:nic1.port1 -> lvl02-0101-0827-03lt0:ethernet2/1,1
2026-09-04 04:06:00.0000000,lvl02-0101-0827-03lt0,ethernet21/1,lvl021082703037,nic1.port1,50,2,0,0,lvl02-0101-0827-03lt0:ethernet21/1 -> lvl021082703037:nic1.port1,lvl021082703037:nic1.port1 -> lvl02-0101-0827-03lt0:ethernet21/1,1
2026-09-04 04:06:00.0000000,lvl02-0101-0827-03lt0,ethernet21/1,lvl021082703037,nic1.port1,50,3,0,0,lvl02-0101-0827-03lt0:ethernet21/1 -> lvl021082703037:nic1.port1,lvl021082703037:nic1.port1 -> lvl02-0101-0827-03lt0:ethernet21/1,1
2026-09-04 04:06:00.0000000,lvl02-0101-0827-03lt0,ethernet21/1,lvl021082703037,nic1.port1,50,4,0,0,lvl02-0101-0827-03lt0:ethernet21/1 -> lvl021082703037:nic1.port1,lvl021082703037:nic1.port1 -> lvl02-0101-0827-03lt0:ethernet21/1,1
2026-09-04 04:06:00.0000000,lvl02-0101-0827-03lt0,ethernet21/1,lvl021082703037,nic1.port1,50,6,0,0,lvl02-0101-0827-03lt0:ethernet21/1 -> lvl021082703037:nic1.port1,lvl021082703037:nic1.port1 -> lvl02-0101-0827-03lt0:ethernet21/1,1
2026-09-04 04:06:00.0000000,lvl02-0101-0827-03lt0,ethernet27/1,lvl021082703045,nic1.port1,50,2,0,0,lvl02-0101-0827-03lt0:ethernet27/1 -> lvl021082703045:nic1.port1,lvl021082703045:nic1.port1 -> lvl02-0101-0827-03lt0:ethernet27/1,1
2026-09-04 04:06:00.0000000,lvl02-0101-0827-03lt0,ethernet27/1,lvl021082703045,nic1.port1,50,3,0,4,lvl02-0101-0827-03lt0:ethernet27/1 -> lvl021082703045:nic1.port1,lvl021082703045:nic1.port1 -> lvl02-0101-0827-03lt0:ethernet27/1,1
2026-09-04 04:06:00.0000000,lvl02-0101-0827-03lt0,ethernet27/1,lvl021082703045,nic1.port1,50,4,0,4,lvl02-0101-0827-03lt0:ethernet27/1 -> lvl021082703045:nic1.port1,lvl021082703045:nic1.port1 -> lvl02-0101-0827-03lt0:ethernet27/1,1
2026-09-04 04:06:00.0000000,lvl02-0101-0827-03lt0,ethernet27/1,lvl021082703045,nic1.port1,50,6,0,0,lvl02-0101-0827-03lt0:ethernet27/1 -> lvl021082703045:nic1.port1,lvl021082703045:nic1.port1 -> lvl02-0101-0827-03lt0:ethernet27/1,1
2026-09-04 04:06:00.0000000,lvl02-0101-0827-03lt0,ethernet29/1,lvl021082703049,nic1.port1,50,2,0,0,lvl02-0101-0827-03lt0:ethernet29/1 -> lvl021082703049:nic1.port1,lvl021082703049:nic1.port1 -> lvl02-0101-0827-03lt0:ethernet29/1,1
2026-09-04 04:06:00.0000000,lvl02-0101-0827-03lt0,ethernet29/1,lvl021082703049,nic1.port1,50,3,0,0,lvl02-0101-0827-03lt0:ethernet29/1 -> lvl021082703049:nic1.port1,lvl021082703049:nic1.port1 -> lvl02-0101-0827-03lt0:ethernet29/1,1
2026-09-04 04:06:00.0000000,lvl02-0101-0827-03lt0,ethernet29/1,lvl021082703049,nic1.port1,50,4,0,0,lvl02-0101-0827-03lt0:ethernet29/1 -> lvl021082703049:nic1.port1,lvl021082703049:nic1.port1 -> lvl02-0101-0827-03lt0:ethernet29/1,1
2026-09-04 04:06:00.0000000,lvl02-0101-0827-03lt0,ethernet29/1,lvl021082703049,nic1.port1,50,6,0,0,lvl02-0101-0827-03lt0:ethernet29/1 -> lvl021082703049:nic1.port1,lvl021082703049:nic1.port1 -> lvl02-0101-0827-03lt0:ethernet29/1,1
2026-09-04 04:06:00.0000000,lvl02-0101-0827-03lt0,ethernet31/1,lvl021082703053,nic1.port1,50,2,0,0,lvl02-0101-0827-03lt0:ethernet31/1 -> lvl021082703053:nic1.port1,lvl021082703053:nic1.port1 -> lvl02-0101-0827-03lt0:ethernet31/1,1
2026-09-04 04:06:00.0000000,lvl02-0101-0827-03lt0,ethernet31/1,lvl021082703053,nic1.port1,50,3,0,4462,lvl02-0101-0827-03lt0:ethernet31/1 -> lvl021082703053:nic1.port1,lvl021082703053:nic1.port1 -> lvl02-0101-0827-03lt0:ethernet31/1,1
2026-09-04 04:06:00.0000000,lvl02-0101-0827-03lt0,ethernet31/1,lvl021082703053,nic1.port1,50,4,0,4462,lvl02-0101-0827-03lt0:ethernet31/1 -> lvl021082703053:nic1.port1,lvl021082703053:nic1.port1 -> lvl02-0101-0827-03lt0:ethernet31/1,1
2026-09-04 04:06:00.0000000,lvl02-0101-0827-03lt0,ethernet31/1,lvl021082703053,nic1.port1,50,6,0,0,lvl02-0101-0827-03lt0:ethernet31/1 -> lvl021082703053:nic1.port1,lvl021082703053:nic1.port1 -> lvl02-0101-0827-03lt0:ethernet31/1,1
2026-09-04 04:06:00.0000000,lvl02-0101-0827-03lt0,ethernet4/1,lvl021082703007,nic1.port1,50,2,0,0,lvl02-0101-0827-03lt0:ethernet4/1 -> lvl021082703007:nic1.port1,lvl021082703007:nic1.port1 -> lvl02-0101-0827-03lt0:ethernet4/1,1
2026-09-04 04:06:00.0000000,lvl02-0101-0827-03lt0,ethernet4/1,lvl021082703007,nic1.port1,50,3,0,0,lvl02-0101-0827-03lt0:ethernet4/1 -> lvl021082703007:nic1.port1,lvl021082703007:nic1.port1 -> lvl02-0101-0827-03lt0:ethernet4/1,1
2026-09-04 04:06:00.0000000,lvl02-0101-0827-03lt0,ethernet4/1,lvl021082703007,nic1.port1,50,4,0,0,lvl02-0101-0827-03lt0:ethernet4/1 -> lvl021082703007:nic1.port1,lvl021082703007:nic1.port1 -> lvl02-0101-0827-03lt0:ethernet4/1,1
2026-09-04 04:06:00.0000000,lvl02-0101-0827-03lt0,ethernet4/1,lvl021082703007,nic1.port1,50,6,0,0,lvl02-0101-0827-03lt0:ethernet4/1 -> lvl021082703007:nic1.port1,lvl021082703007:nic1.port1 -> lvl02-0101-0827-03lt0:ethernet4/1,1
2026-09-04 04:08:00.0000000,lvl02-0101-0827-03t0,ethernet12/1,lvl021082703019,nic1.port1,50,2,0,0,lvl02-0101-0827-03t0:ethernet12/1 -> lvl021082703019:nic1.port1,lvl021082703019:nic1.port1 -> lvl02-0101-0827-03t0:ethernet12/1,1
2026-09-04 04:08:00.0000000,lvl02-0101-0827-03t0,ethernet12/1,lvl021082703019,nic1.port1,50,3,0,0,lvl02-0101-0827-03t0:ethernet12/1 -> lvl021082703019:nic1.port1,lvl021082703019:nic1.port1 -> lvl02-0101-0827-03t0:ethernet12/1,1
2026-09-04 04:08:00.0000000,lvl02-0101-0827-03t0,ethernet12/1,lvl021082703019,nic1.port1,50,4,0,0,lvl02-0101-0827-03t0:ethernet12/1 -> lvl021082703019:nic1.port1,lvl021082703019:nic1.port1 -> lvl02-0101-0827-03t0:ethernet12/1,1
2026-09-04 04:08:00.0000000,lvl02-0101-0827-03t0,ethernet12/1,lvl021082703019,nic1.port1,50,6,0,0,lvl02-0101-0827-03t0:ethernet12/1 -> lvl021082703019:nic1.port1,lvl021082703019:nic1.port1 -> lvl02-0101-0827-03t0:ethernet12/1,1
2026-09-04 04:08:00.0000000,lvl02-0101-0827-03t0,ethernet14/1,lvl021082703023,nic1.port1,50,2,0,0,lvl02-0101-0827-03t0:ethernet14/1 -> lvl021082703023:nic1.port1,lvl021082703023:nic1.port1 -> lvl02-0101-0827-03t0:ethernet14/1,1
2026-09-04 04:08:00.0000000,lvl02-0101-0827-03t0,ethernet14/1,lvl021082703023,nic1.port1,50,3,0,0,lvl02-0101-0827-03t0:ethernet14/1 -> lvl021082703023:nic1.port1,lvl021082703023:nic1.port1 -> lvl02-0101-0827-03t0:ethernet14/1,1
2026-09-04 04:08:00.0000000,lvl02-0101-0827-03t0,ethernet14/1,lvl021082703023,nic1.port1,50,4,0,0,lvl02-0101-0827-03t0:ethernet14/1 -> lvl021082703023:nic1.port1,lvl021082703023:nic1.port1 -> lvl02-0101-0827-03t0:ethernet14/1,1
2026-09-04 04:08:00.0000000,lvl02-0101-0827-03t0,ethernet14/1,lvl021082703023,nic1.port1,50,6,0,0,lvl02-0101-0827-03t0:ethernet14/1 -> lvl021082703023:nic1.port1,lvl021082703023:nic1.port1 -> lvl02-0101-0827-03t0:ethernet14/1,1
2026-09-04 04:08:00.0000000,lvl02-0101-0827-03t0,ethernet15/1,lvl021082703025,nic1.port1,50,2,0,0,lvl02-0101-0827-03t0:ethernet15/1 -> lvl021082703025:nic1.port1,lvl021082703025:nic1.port1 -> lvl02-0101-0827-03t0:ethernet15/1,1
2026-09-04 04:08:00.0000000,lvl02-0101-0827-03t0,ethernet15/1,lvl021082703025,nic1.port1,50,3,0,0,lvl02-0101-0827-03t0:ethernet15/1 -> lvl021082703025:nic1.port1,lvl021082703025:nic1.port1 -> lvl02-0101-0827-03t0:ethernet15/1,1
2026-09-04 04:08:00.0000000,lvl02-0101-0827-03t0,ethernet15/1,lvl021082703025,nic1.port1,50,4,0,0,lvl02-0101-0827-03t0:ethernet15/1 -> lvl021082703025:nic1.port1,lvl021082703025:nic1.port1 -> lvl02-0101-0827-03t0:ethernet15/1,1
2026-09-04 04:08:00.0000000,lvl02-0101-0827-03t0,ethernet15/1,lvl021082703025,nic1.port1,50,6,0,0,lvl02-0101-0827-03t0:ethernet15/1 -> lvl021082703025:nic1.port1,lvl021082703025:nic1.port1 -> lvl02-0101-0827-03t0:ethernet15/1,1
2026-09-04 04:08:00.0000000,lvl02-0101-0827-03t0,ethernet18/1,lvl021082703031,nic1.port1,50,2,0,0,lvl02-0101-0827-03t0:ethernet18/1 -> lvl021082703031:nic1.port1,lvl021082703031:nic1.port1 -> lvl02-0101-0827-03t0:ethernet18/1,1
2026-09-04 04:08:00.0000000,lvl02-0101-0827-03t0,ethernet18/1,lvl021082703031,nic1.port1,50,3,0,0,lvl02-0101-0827-03t0:ethernet18/1 -> lvl021082703031:nic1.port1,lvl021082703031:nic1.port1 -> lvl02-0101-0827-03t0:ethernet18/1,1
2026-09-04 04:08:00.0000000,lvl02-0101-0827-03t0,ethernet18/1,lvl021082703031,nic1.port1,50,4,0,0,lvl02-0101-0827-03t0:ethernet18/1 -> lvl021082703031:nic1.port1,lvl021082703031:nic1.port1 -> lvl02-0101-0827-03t0:ethernet18/1,1
2026-09-04 04:08:00.0000000,lvl02-0101-0827-03t0,ethernet18/1,lvl021082703031,nic1.port1,50,6,0,0,lvl02-0101-0827-03t0:ethernet18/1 -> lvl021082703031:nic1.port1,lvl021082703031:nic1.port1 -> lvl02-0101-0827-03t0:ethernet18/1,1
2026-09-04 04:08:00.0000000,lvl02-0101-0827-03t0,ethernet19/1,lvl021082703033,nic1.port1,50,2,0,0,lvl02-0101-0827-03t0:ethernet19/1 -> lvl021082703033:nic1.port1,lvl021082703033:nic1.port1 -> lvl02-0101-0827-03t0:ethernet19/1,1
2026-09-04 04:08:00.0000000,lvl02-0101-0827-03t0,ethernet19/1,lvl021082703033,nic1.port1,50,3,0,0,lvl02-0101-0827-03t0:ethernet19/1 -> lvl021082703033:nic1.port1,lvl021082703033:nic1.port1 -> lvl02-0101-0827-03t0:ethernet19/1,1
2026-09-04 04:08:00.0000000,lvl02-0101-0827-03t0,ethernet19/1,lvl021082703033,nic1.port1,50,4,0,0,lvl02-0101-0827-03t0:ethernet19/1 -> lvl021082703033:nic1.port1,lvl021082703033:nic1.port1 -> lvl02-0101-0827-03t0:ethernet19/1,1
2026-09-04 04:08:00.0000000,lvl02-0101-0827-03t0,ethernet19/1,lvl021082703033,nic1.port1,50,6,0,0,lvl02-0101-0827-03t0:ethernet19/1 -> lvl021082703033:nic1.port1,lvl021082703033:nic1.port1 -> lvl02-0101-0827-03t0:ethernet19/1,1
2026-09-04 04:08:00.0000000,lvl02-0101-0827-03t0,ethernet2/1,lvl021082703003,nic1.port1,50,2,0,0,lvl02-0101-0827-03t0:ethernet2/1 -> lvl021082703003:nic1.port1,lvl021082703003:nic1.port1 -> lvl02-0101-0827-03t0:ethernet2/1,1
2026-09-04 04:08:00.0000000,lvl02-0101-0827-03t0,ethernet2/1,lvl021082703003,nic1.port1,50,3,0,0,lvl02-0101-0827-03t0:ethernet2/1 -> lvl021082703003:nic1.port1,lvl021082703003:nic1.port1 -> lvl02-0101-0827-03t0:ethernet2/1,1
2026-09-04 04:08:00.0000000,lvl02-0101-0827-03t0,ethernet2/1,lvl021082703003,nic1.port1,50,4,0,0,lvl02-0101-0827-03t0:ethernet2/1 -> lvl021082703003:nic1.port1,lvl021082703003:nic1.port1 -> lvl02-0101-0827-03t0:ethernet2/1,1
2026-09-04 04:08:00.0000000,lvl02-0101-0827-03t0,ethernet2/1,lvl021082703003,nic1.port1,50,6,0,0,lvl02-0101-0827-03t0:ethernet2/1 -> lvl021082703003:nic1.port1,lvl021082703003:nic1.port1 -> lvl02-0101-0827-03t0:ethernet2/1,1
2026-09-04 04:08:00.0000000,lvl02-0101-0827-03t0,ethernet21/1,lvl021082703037,nic1.port1,50,2,0,0,lvl02-0101-0827-03t0:ethernet21/1 -> lvl021082703037:nic1.port1,lvl021082703037:nic1.port1 -> lvl02-0101-0827-03t0:ethernet21/1,1
2026-09-04 04:08:00.0000000,lvl02-0101-0827-03t0,ethernet21/1,lvl021082703037,nic1.port1,50,3,0,0,lvl02-0101-0827-03t0:ethernet21/1 -> lvl021082703037:nic1.port1,lvl021082703037:nic1.port1 -> lvl02-0101-0827-03t0:ethernet21/1,1
2026-09-04 04:08:00.0000000,lvl02-0101-0827-03t0,ethernet21/1,lvl021082703037,nic1.port1,50,4,0,0,lvl02-0101-0827-03t0:ethernet21/1 -> lvl021082703037:nic1.port1,lvl021082703037:nic1.port1 -> lvl02-0101-0827-03t0:ethernet21/1,1
2026-09-04 04:08:00.0000000,lvl02-0101-0827-03t0,ethernet21/1,lvl021082703037,nic1.port1,50,6,0,0,lvl02-0101-0827-03t0:ethernet21/1 -> lvl021082703037:nic1.port1,lvl021082703037:nic1.port1 -> lvl02-0101-0827-03t0:ethernet21/1,1
2026-09-04 04:08:00.0000000,lvl02-0101-0827-03t0,ethernet27/1,lvl021082703045,nic1.port1,50,2,0,0,lvl02-0101-0827-03t0:ethernet27/1 -> lvl021082703045:nic1.port1,lvl021082703045:nic1.port1 -> lvl02-0101-0827-03t0:ethernet27/1,1
2026-09-04 04:08:00.0000000,lvl02-0101-0827-03t0,ethernet27/1,lvl021082703045,nic1.port1,50,3,0,4,lvl02-0101-0827-03t0:ethernet27/1 -> lvl021082703045:nic1.port1,lvl021082703045:nic1.port1 -> lvl02-0101-0827-03t0:ethernet27/1,1
2026-09-04 04:08:00.0000000,lvl02-0101-0827-03t0,ethernet27/1,lvl021082703045,nic1.port1,50,4,0,4,lvl02-0101-0827-03t0:ethernet27/1 -> lvl021082703045:nic1.port1,lvl021082703045:nic1.port1 -> lvl02-0101-0827-03t0:ethernet27/1,1
2026-09-04 04:08:00.0000000,lvl02-0101-0827-03t0,ethernet27/1,lvl021082703045,nic1.port1,50,6,0,0,lvl02-0101-0827-03t0:ethernet27/1 -> lvl021082703045:nic1.port1,lvl021082703045:nic1.port1 -> lvl02-0101-0827-03t0:ethernet27/1,1
2026-09-04 04:08:00.0000000,lvl02-0101-0827-03t0,ethernet29/1,lvl021082703049,nic1.port1,50,2,0,0,lvl02-0101-0827-03t0:ethernet29/1 -> lvl021082703049:nic1.port1,lvl021082703049:nic1.port1 -> lvl02-0101-0827-03t0:ethernet29/1,1
2026-09-04 04:08:00.0000000,lvl02-0101-0827-03t0,ethernet29/1,lvl021082703049,nic1.port1,50,3,0,0,lvl02-0101-0827-03t0:ethernet29/1 -> lvl021082703049:nic1.port1,lvl021082703049:nic1.port1 -> lvl02-0101-0827-03t0:ethernet29/1,1
2026-09-04 04:08:00.0000000,lvl02-0101-0827-03t0,ethernet29/1,lvl021082703049,nic1.port1,50,4,0,0,lvl02-0101-0827-03t0:ethernet29/1 -> lvl021082703049:nic1.port1,lvl021082703049:nic1.port1 -> lvl02-0101-0827-03t0:ethernet29/1,1
2026-09-04 04:08:00.0000000,lvl02-0101-0827-03t0,ethernet29/1,lvl021082703049,nic1.port1,50,6,0,0,lvl02-0101-0827-03t0:ethernet29/1 -> lvl021082703049:nic1.port1,lvl021082703049:nic1.port1 -> lvl02-0101-0827-03t0:ethernet29/1,1
2026-09-04 04:08:00.0000000,lvl02-0101-0827-03t0,ethernet31/1,lvl021082703053,nic1.port1,50,2,0,0,lvl02-0101-0827-03t0:ethernet31/1 -> lvl021082703053:nic1.port1,lvl021082703053:nic1.port1 -> lvl02-0101-0827-03t0:ethernet31/1,1
2026-09-04 04:08:00.0000000,lvl02-0101-0827-03t0,ethernet31/1,lvl021082703053,nic1.port1,50,3,0,4084,lvl02-0101-0827-03t0:ethernet31/1 -> lvl021082703053:nic1.port1,lvl021082703053:nic1.port1 -> lvl02-0101-0827-03t0:ethernet31/1,1
2026-09-04 04:08:00.0000000,lvl02-0101-0827-03t0,ethernet31/1,lvl021082703053,nic1.port1,50,4,0,4084,lvl02-0101-0827-03t0:ethernet31/1 -> lvl021082703053:nic1.port1,lvl021082703053:nic1.port1 -> lvl02-0101-0827-03t0:ethernet31/1,1
2026-09-04 04:08:00.0000000,lvl02-0101-0827-03t0,ethernet31/1,lvl021082703053,nic1.port1,50,6,0,0,lvl02-0101-0827-03t0:ethernet31/1 -> lvl021082703053:nic1.port1,lvl021082703053:nic1.port1 -> lvl02-0101-0827-03t0:ethernet31/1,1
2026-09-04 04:08:00.0000000,lvl02-0101-0827-03t0,ethernet4/1,lvl021082703007,nic1.port1,50,2,0,0,lvl02-0101-0827-03t0:ethernet4/1 -> lvl021082703007:nic1.port1,lvl021082703007:nic1.port1 -> lvl02-0101-0827-03t0:ethernet4/1,1
2026-09-04 04:08:00.0000000,lvl02-0101-0827-03t0,ethernet4/1,lvl021082703007,nic1.port1,50,3,0,0,lvl02-0101-0827-03t0:ethernet4/1 -> lvl021082703007:nic1.port1,lvl021082703007:nic1.port1 -> lvl02-0101-0827-03t0:ethernet4/1,1
2026-09-04 04:08:00.0000000,lvl02-0101-0827-03t0,ethernet4/1,lvl021082703007,nic1.port1,50,4,0,0,lvl02-0101-0827-03t0:ethernet4/1 -> lvl021082703007:nic1.port1,lvl021082703007:nic1.port1 -> lvl02-0101-0827-03t0:ethernet4/1,1
2026-09-04 04:08:00.0000000,lvl02-0101-0827-03t0,ethernet4/1,lvl021082703007,nic1.port1,50,6,0,0,lvl02-0101-0827-03t0:ethernet4/1 -> lvl021082703007:nic1.port1,lvl021082703007:nic1.port1 -> lvl02-0101-0827-03t0:ethernet4/1,1
2026-09-04 04:11:00.0000000,lvl02-0101-0827-03lt0,ethernet12/1,lvl021082703019,nic1.port1,50,2,0,0,lvl02-0101-0827-03lt0:ethernet12/1 -> lvl021082703019:nic1.port1,lvl021082703019:nic1.port1 -> lvl02-0101-0827-03lt0:ethernet12/1,1
2026-09-04 04:11:00.0000000,lvl02-0101-0827-03lt0,ethernet12/1,lvl021082703019,nic1.port1,50,3,0,32,lvl02-0101-0827-03lt0:ethernet12/1 -> lvl021082703019:nic1.port1,lvl021082703019:nic1.port1 -> lvl02-0101-0827-03lt0:ethernet12/1,1
2026-09-04 04:11:00.0000000,lvl02-0101-0827-03lt0,ethernet12/1,lvl021082703019,nic1.port1,50,4,0,32,lvl02-0101-0827-03lt0:ethernet12/1 -> lvl021082703019:nic1.port1,lvl021082703019:nic1.port1 -> lvl02-0101-0827-03lt0:ethernet12/1,1
2026-09-04 04:11:00.0000000,lvl02-0101-0827-03lt0,ethernet12/1,lvl021082703019,nic1.port1,50,6,0,0,lvl02-0101-0827-03lt0:ethernet12/1 -> lvl021082703019:nic1.port1,lvl021082703019:nic1.port1 -> lvl02-0101-0827-03lt0:ethernet12/1,1
2026-09-04 04:11:00.0000000,lvl02-0101-0827-03lt0,ethernet14/1,lvl021082703023,nic1.port1,50,2,0,0,lvl02-0101-0827-03lt0:ethernet14/1 -> lvl021082703023:nic1.port1,lvl021082703023:nic1.port1 -> lvl02-0101-0827-03lt0:ethernet14/1,1
2026-09-04 04:11:00.0000000,lvl02-0101-0827-03lt0,ethernet14/1,lvl021082703023,nic1.port1,50,3,0,0,lvl02-0101-0827-03lt0:ethernet14/1 -> lvl021082703023:nic1.port1,lvl021082703023:nic1.port1 -> lvl02-0101-0827-03lt0:ethernet14/1,1
2026-09-04 04:11:00.0000000,lvl02-0101-0827-03lt0,ethernet14/1,lvl021082703023,nic1.port1,50,4,0,0,lvl02-0101-0827-03lt0:ethernet14/1 -> lvl021082703023:nic1.port1,lvl021082703023:nic1.port1 -> lvl02-0101-0827-03lt0:ethernet14/1,1
2026-09-04 04:11:00.0000000,lvl02-0101-0827-03lt0,ethernet14/1,lvl021082703023,nic1.port1,50,6,0,0,lvl02-0101-0827-03lt0:ethernet14/1 -> lvl021082703023:nic1.port1,lvl021082703023:nic1.port1 -> lvl02-0101-0827-03lt0:ethernet14/1,1
2026-09-04 04:11:00.0000000,lvl02-0101-0827-03lt0,ethernet15/1,lvl021082703025,nic1.port1,50,2,0,0,lvl02-0101-0827-03lt0:ethernet15/1 -> lvl021082703025:nic1.port1,lvl021082703025:nic1.port1 -> lvl02-0101-0827-03lt0:ethernet15/1,1
2026-09-04 04:11:00.0000000,lvl02-0101-0827-03lt0,ethernet15/1,lvl021082703025,nic1.port1,50,3,0,0,lvl02-0101-0827-03lt0:ethernet15/1 -> lvl021082703025:nic1.port1,lvl021082703025:nic1.port1 -> lvl02-0101-0827-03lt0:ethernet15/1,1
2026-09-04 04:11:00.0000000,lvl02-0101-0827-03lt0,ethernet15/1,lvl021082703025,nic1.port1,50,4,0,0,lvl02-0101-0827-03lt0:ethernet15/1 -> lvl021082703025:nic1.port1,lvl021082703025:nic1.port1 -> lvl02-0101-0827-03lt0:ethernet15/1,1
2026-09-04 04:11:00.0000000,lvl02-0101-0827-03lt0,ethernet15/1,lvl021082703025,nic1.port1,50,6,0,0,lvl02-0101-0827-03lt0:ethernet15/1 -> lvl021082703025:nic1.port1,lvl021082703025:nic1.port1 -> lvl02-0101-0827-03lt0:ethernet15/1,1
2026-09-04 04:11:00.0000000,lvl02-0101-0827-03lt0,ethernet18/1,lvl021082703031,nic1.port1,50,2,0,0,lvl02-0101-0827-03lt0:ethernet18/1 -> lvl021082703031:nic1.port1,lvl021082703031:nic1.port1 -> lvl02-0101-0827-03lt0:ethernet18/1,1
2026-09-04 04:11:00.0000000,lvl02-0101-0827-03lt0,ethernet18/1,lvl021082703031,nic1.port1,50,3,0,0,lvl02-0101-0827-03lt0:ethernet18/1 -> lvl021082703031:nic1.port1,lvl021082703031:nic1.port1 -> lvl02-0101-0827-03lt0:ethernet18/1,1
2026-09-04 04:11:00.0000000,lvl02-0101-0827-03lt0,ethernet18/1,lvl021082703031,nic1.port1,50,4,0,0,lvl02-0101-0827-03lt0:ethernet18/1 -> lvl021082703031:nic1.port1,lvl021082703031:nic1.port1 -> lvl02-0101-0827-03lt0:ethernet18/1,1
2026-09-04 04:11:00.0000000,lvl02-0101-0827-03lt0,ethernet18/1,lvl021082703031,nic1.port1,50,6,0,0,lvl02-0101-0827-03lt0:ethernet18/1 -> lvl021082703031:nic1.port1,lvl021082703031:nic1.port1 -> lvl02-0101-0827-03lt0:ethernet18/1,1
2026-09-04 04:11:00.0000000,lvl02-0101-0827-03lt0,ethernet19/1,lvl021082703033,nic1.port1,50,2,0,0,lvl02-0101-0827-03lt0:ethernet19/1 -> lvl021082703033:nic1.port1,lvl021082703033:nic1.port1 -> lvl02-0101-0827-03lt0:ethernet19/1,1
2026-09-04 04:11:00.0000000,lvl02-0101-0827-03lt0,ethernet19/1,lvl021082703033,nic1.port1,50,3,0,0,lvl02-0101-0827-03lt0:ethernet19/1 -> lvl021082703033:nic1.port1,lvl021082703033:nic1.port1 -> lvl02-0101-0827-03lt0:ethernet19/1,1
2026-09-04 04:11:00.0000000,lvl02-0101-0827-03lt0,ethernet19/1,lvl021082703033,nic1.port1,50,4,0,0,lvl02-0101-0827-03lt0:ethernet19/1 -> lvl021082703033:nic1.port1,lvl021082703033:nic1.port1 -> lvl02-0101-0827-03lt0:ethernet19/1,1
2026-09-04 04:11:00.0000000,lvl02-0101-0827-03lt0,ethernet19/1,lvl021082703033,nic1.port1,50,6,0,0,lvl02-0101-0827-03lt0:ethernet19/1 -> lvl021082703033:nic1.port1,lvl021082703033:nic1.port1 -> lvl02-0101-0827-03lt0:ethernet19/1,1
2026-09-04 04:11:00.0000000,lvl02-0101-0827-03lt0,ethernet2/1,lvl021082703003,nic1.port1,50,2,0,0,lvl02-0101-0827-03lt0:ethernet2/1 -> lvl021082703003:nic1.port1,lvl021082703003:nic1.port1 -> lvl02-0101-0827-03lt0:ethernet2/1,1
2026-09-04 04:11:00.0000000,lvl02-0101-0827-03lt0,ethernet2/1,lvl021082703003,nic1.port1,50,3,0,2,lvl02-0101-0827-03lt0:ethernet2/1 -> lvl021082703003:nic1.port1,lvl021082703003:nic1.port1 -> lvl02-0101-0827-03lt0:ethernet2/1,1
2026-09-04 04:11:00.0000000,lvl02-0101-0827-03lt0,ethernet2/1,lvl021082703003,nic1.port1,50,4,0,2,lvl02-0101-0827-03lt0:ethernet2/1 -> lvl021082703003:nic1.port1,lvl021082703003:nic1.port1 -> lvl02-0101-0827-03lt0:ethernet2/1,1
2026-09-04 04:11:00.0000000,lvl02-0101-0827-03lt0,ethernet2/1,lvl021082703003,nic1.port1,50,6,0,0,lvl02-0101-0827-03lt0:ethernet2/1 -> lvl021082703003:nic1.port1,lvl021082703003:nic1.port1 -> lvl02-0101-0827-03lt0:ethernet2/1,1
2026-09-04 04:11:00.0000000,lvl02-0101-0827-03lt0,ethernet21/1,lvl021082703037,nic1.port1,50,2,0,0,lvl02-0101-0827-03lt0:ethernet21/1 -> lvl021082703037:nic1.port1,lvl021082703037:nic1.port1 -> lvl02-0101-0827-03lt0:ethernet21/1,1
2026-09-04 04:11:00.0000000,lvl02-0101-0827-03lt0,ethernet21/1,lvl021082703037,nic1.port1,50,3,0,0,lvl02-0101-0827-03lt0:ethernet21/1 -> lvl021082703037:nic1.port1,lvl021082703037:nic1.port1 -> lvl02-0101-0827-03lt0:ethernet21/1,1
2026-09-04 04:11:00.0000000,lvl02-0101-0827-03lt0,ethernet21/1,lvl021082703037,nic1.port1,50,4,0,0,lvl02-0101-0827-03lt0:ethernet21/1 -> lvl021082703037:nic1.port1,lvl021082703037:nic1.port1 -> lvl02-0101-0827-03lt0:ethernet21/1,1
2026-09-04 04:11:00.0000000,lvl02-0101-0827-03lt0,ethernet21/1,lvl021082703037,nic1.port1,50,6,0,0,lvl02-0101-0827-03lt0:ethernet21/1 -> lvl021082703037:nic1.port1,lvl021082703037:nic1.port1 -> lvl02-0101-0827-03lt0:ethernet21/1,1
2026-09-04 04:11:00.0000000,lvl02-0101-0827-03lt0,ethernet27/1,lvl021082703045,nic1.port1,50,2,0,0,lvl02-0101-0827-03lt0:ethernet27/1 -> lvl021082703045:nic1.port1,lvl021082703045:nic1.port1 -> lvl02-0101-0827-03lt0:ethernet27/1,1
2026-09-04 04:11:00.0000000,lvl02-0101-0827-03lt0,ethernet27/1,lvl021082703045,nic1.port1,50,3,0,0,lvl02-0101-0827-03lt0:ethernet27/1 -> lvl021082703045:nic1.port1,lvl021082703045:nic1.port1 -> lvl02-0101-0827-03lt0:ethernet27/1,1
2026-09-04 04:11:00.0000000,lvl02-0101-0827-03lt0,ethernet27/1,lvl021082703045,nic1.port1,50,4,0,0,lvl02-0101-0827-03lt0:ethernet27/1 -> lvl021082703045:nic1.port1,lvl021082703045:nic1.port1 -> lvl02-0101-0827-03lt0:ethernet27/1,1
2026-09-04 04:11:00.0000000,lvl02-0101-0827-03lt0,ethernet27/1,lvl021082703045,nic1.port1,50,6,0,0,lvl02-0101-0827-03lt0:ethernet27/1 -> lvl021082703045:nic1.port1,lvl021082703045:nic1.port1 -> lvl02-0101-0827-03lt0:ethernet27/1,1
2026-09-04 04:11:00.0000000,lvl02-0101-0827-03lt0,ethernet29/1,lvl021082703049,nic1.port1,50,2,0,0,lvl02-0101-0827-03lt0:ethernet29/1 -> lvl021082703049:nic1.port1,lvl021082703049:nic1.port1 -> lvl02-0101-0827-03lt0:ethernet29/1,1
2026-09-04 04:11:00.0000000,lvl02-0101-0827-03lt0,ethernet29/1,lvl021082703049,nic1.port1,50,3,0,0,lvl02-0101-0827-03lt0:ethernet29/1 -> lvl021082703049:nic1.port1,lvl021082703049:nic1.port1 -> lvl02-0101-0827-03lt0:ethernet29/1,1
2026-09-04 04:11:00.0000000,lvl02-0101-0827-03lt0,ethernet29/1,lvl021082703049,nic1.port1,50,4,0,0,lvl02-0101-0827-03lt0:ethernet29/1 -> lvl021082703049:nic1.port1,lvl021082703049:nic1.port1 -> lvl02-0101-0827-03lt0:ethernet29/1,1
2026-09-04 04:11:00.0000000,lvl02-0101-0827-03lt0,ethernet29/1,lvl021082703049,nic1.port1,50,6,0,0,lvl02-0101-0827-03lt0:ethernet29/1 -> lvl021082703049:nic1.port1,lvl021082703049:nic1.port1 -> lvl02-0101-0827-03lt0:ethernet29/1,1
2026-09-04 04:11:00.0000000,lvl02-0101-0827-03lt0,ethernet31/1,lvl021082703053,nic1.port1,50,2,0,0,lvl02-0101-0827-03lt0:ethernet31/1 -> lvl021082703053:nic1.port1,lvl021082703053:nic1.port1 -> lvl02-0101-0827-03lt0:ethernet31/1,1
2026-09-04 04:11:00.0000000,lvl02-0101-0827-03lt0,ethernet31/1,lvl021082703053,nic1.port1,50,3,0,6208,lvl02-0101-0827-03lt0:ethernet31/1 -> lvl021082703053:nic1.port1,lvl021082703053:nic1.port1 -> lvl02-0101-0827-03lt0:ethernet31/1,1
2026-09-04 04:11:00.0000000,lvl02-0101-0827-03lt0,ethernet31/1,lvl021082703053,nic1.port1,50,4,0,6208,lvl02-0101-0827-03lt0:ethernet31/1 -> lvl021082703053:nic1.port1,lvl021082703053:nic1.port1 -> lvl02-0101-0827-03lt0:ethernet31/1,1
2026-09-04 04:11:00.0000000,lvl02-0101-0827-03lt0,ethernet31/1,lvl021082703053,nic1.port1,50,6,0,0,lvl02-0101-0827-03lt0:ethernet31/1 -> lvl021082703053:nic1.port1,lvl021082703053:nic1.port1 -> lvl02-0101-0827-03lt0:ethernet31/1,1
2026-09-04 04:11:00.0000000,lvl02-0101-0827-03lt0,ethernet4/1,lvl021082703007,nic1.port1,50,2,0,0,lvl02-0101-0827-03lt0:ethernet4/1 -> lvl021082703007:nic1.port1,lvl021082703007:nic1.port1 -> lvl02-0101-0827-03lt0:ethernet4/1,1
2026-09-04 04:11:00.0000000,lvl02-0101-0827-03lt0,ethernet4/1,lvl021082703007,nic1.port1,50,3,0,0,lvl02-0101-0827-03lt0:ethernet4/1 -> lvl021082703007:nic1.port1,lvl021082703007:nic1.port1 -> lvl02-0101-0827-03lt0:ethernet4/1,1
2026-09-04 04:11:00.0000000,lvl02-0101-0827-03lt0,ethernet4/1,lvl021082703007,nic1.port1,50,4,0,0,lvl02-0101-0827-03lt0:ethernet4/1 -> lvl021082703007:nic1.port1,lvl021082703007:nic1.port1 -> lvl02-0101-0827-03lt0:ethernet4/1,1
2026-09-04 04:11:00.0000000,lvl02-0101-0827-03lt0,ethernet4/1,lvl021082703007,nic1.port1,50,6,0,0,lvl02-0101-0827-03lt0:ethernet4/1 -> lvl021082703007:nic1.port1,lvl021082703007:nic1.port1 -> lvl02-0101-0827-03lt0:ethernet4/1,1
2026-09-04 04:13:00.0000000,lvl02-0101-0827-03t0,ethernet12/1,lvl021082703019,nic1.port1,50,2,0,0,lvl02-0101-0827-03t0:ethernet12/1 -> lvl021082703019:nic1.port1,lvl021082703019:nic1.port1 -> lvl02-0101-0827-03t0:ethernet12/1,1
2026-09-04 04:13:00.0000000,lvl02-0101-0827-03t0,ethernet12/1,lvl021082703019,nic1.port1,50,3,0,32,lvl02-0101-0827-03t0:ethernet12/1 -> lvl021082703019:nic1.port1,lvl021082703019:nic1.port1 -> lvl02-0101-0827-03t0:ethernet12/1,1
2026-09-04 04:13:00.0000000,lvl02-0101-0827-03t0,ethernet12/1,lvl021082703019,nic1.port1,50,4,0,32,lvl02-0101-0827-03t0:ethernet12/1 -> lvl021082703019:nic1.port1,lvl021082703019:nic1.port1 -> lvl02-0101-0827-03t0:ethernet12/1,1
2026-09-04 04:13:00.0000000,lvl02-0101-0827-03t0,ethernet12/1,lvl021082703019,nic1.port1,50,6,0,0,lvl02-0101-0827-03t0:ethernet12/1 -> lvl021082703019:nic1.port1,lvl021082703019:nic1.port1 -> lvl02-0101-0827-03t0:ethernet12/1,1
2026-09-04 04:13:00.0000000,lvl02-0101-0827-03t0,ethernet14/1,lvl021082703023,nic1.port1,50,2,0,0,lvl02-0101-0827-03t0:ethernet14/1 -> lvl021082703023:nic1.port1,lvl021082703023:nic1.port1 -> lvl02-0101-0827-03t0:ethernet14/1,1
2026-09-04 04:13:00.0000000,lvl02-0101-0827-03t0,ethernet14/1,lvl021082703023,nic1.port1,50,3,0,0,lvl02-0101-0827-03t0:ethernet14/1 -> lvl021082703023:nic1.port1,lvl021082703023:nic1.port1 -> lvl02-0101-0827-03t0:ethernet14/1,1
2026-09-04 04:13:00.0000000,lvl02-0101-0827-03t0,ethernet14/1,lvl021082703023,nic1.port1,50,4,0,0,lvl02-0101-0827-03t0:ethernet14/1 -> lvl021082703023:nic1.port1,lvl021082703023:nic1.port1 -> lvl02-0101-0827-03t0:ethernet14/1,1
2026-09-04 04:13:00.0000000,lvl02-0101-0827-03t0,ethernet14/1,lvl021082703023,nic1.port1,50,6,0,0,lvl02-0101-0827-03t0:ethernet14/1 -> lvl021082703023:nic1.port1,lvl021082703023:nic1.port1 -> lvl02-0101-0827-03t0:ethernet14/1,1
2026-09-04 04:13:00.0000000,lvl02-0101-0827-03t0,ethernet15/1,lvl021082703025,nic1.port1,50,2,0,0,lvl02-0101-0827-03t0:ethernet15/1 -> lvl021082703025:nic1.port1,lvl021082703025:nic1.port1 -> lvl02-0101-0827-03t0:ethernet15/1,1
2026-09-04 04:13:00.0000000,lvl02-0101-0827-03t0,ethernet15/1,lvl021082703025,nic1.port1,50,3,0,0,lvl02-0101-0827-03t0:ethernet15/1 -> lvl021082703025:nic1.port1,lvl021082703025:nic1.port1 -> lvl02-0101-0827-03t0:ethernet15/1,1
2026-09-04 04:13:00.0000000,lvl02-0101-0827-03t0,ethernet15/1,lvl021082703025,nic1.port1,50,4,0,0,lvl02-0101-0827-03t0:ethernet15/1 -> lvl021082703025:nic1.port1,lvl021082703025:nic1.port1 -> lvl02-0101-0827-03t0:ethernet15/1,1
2026-09-04 04:13:00.0000000,lvl02-0101-0827-03t0,ethernet15/1,lvl021082703025,nic1.port1,50,6,0,0,lvl02-0101-0827-03t0:ethernet15/1 -> lvl021082703025:nic1.port1,lvl021082703025:nic1.port1 -> lvl02-0101-0827-03t0:ethernet15/1,1
2026-09-04 04:13:00.0000000,lvl02-0101-0827-03t0,ethernet18/1,lvl021082703031,nic1.port1,50,2,0,0,lvl02-0101-0827-03t0:ethernet18/1 -> lvl021082703031:nic1.port1,lvl021082703031:nic1.port1 -> lvl02-0101-0827-03t0:ethernet18/1,1
2026-09-04 04:13:00.0000000,lvl02-0101-0827-03t0,ethernet18/1,lvl021082703031,nic1.port1,50,3,0,0,lvl02-0101-0827-03t0:ethernet18/1 -> lvl021082703031:nic1.port1,lvl021082703031:nic1.port1 -> lvl02-0101-0827-03t0:ethernet18/1,1
2026-09-04 04:13:00.0000000,lvl02-0101-0827-03t0,ethernet18/1,lvl021082703031,nic1.port1,50,4,0,0,lvl02-0101-0827-03t0:ethernet18/1 -> lvl021082703031:nic1.port1,lvl021082703031:nic1.port1 -> lvl02-0101-0827-03t0:ethernet18/1,1
2026-09-04 04:13:00.0000000,lvl02-0101-0827-03t0,ethernet18/1,lvl021082703031,nic1.port1,50,6,0,0,lvl02-0101-0827-03t0:ethernet18/1 -> lvl021082703031:nic1.port1,lvl021082703031:nic1.port1 -> lvl02-0101-0827-03t0:ethernet18/1,1
2026-09-04 04:13:00.0000000,lvl02-0101-0827-03t0,ethernet19/1,lvl021082703033,nic1.port1,50,2,0,0,lvl02-0101-0827-03t0:ethernet19/1 -> lvl021082703033:nic1.port1,lvl021082703033:nic1.port1 -> lvl02-0101-0827-03t0:ethernet19/1,1
2026-09-04 04:13:00.0000000,lvl02-0101-0827-03t0,ethernet19/1,lvl021082703033,nic1.port1,50,3,0,0,lvl02-0101-0827-03t0:ethernet19/1 -> lvl021082703033:nic1.port1,lvl021082703033:nic1.port1 -> lvl02-0101-0827-03t0:ethernet19/1,1
2026-09-04 04:13:00.0000000,lvl02-0101-0827-03t0,ethernet19/1,lvl021082703033,nic1.port1,50,4,0,0,lvl02-0101-0827-03t0:ethernet19/1 -> lvl021082703033:nic1.port1,lvl021082703033:nic1.port1 -> lvl02-0101-0827-03t0:ethernet19/1,1
2026-09-04 04:13:00.0000000,lvl02-0101-0827-03t0,ethernet19/1,lvl021082703033,nic1.port1,50,6,0,0,lvl02-0101-0827-03t0:ethernet19/1 -> lvl021082703033:nic1.port1,lvl021082703033:nic1.port1 -> lvl02-0101-0827-03t0:ethernet19/1,1
2026-09-04 04:13:00.0000000,lvl02-0101-0827-03t0,ethernet2/1,lvl021082703003,nic1.port1,50,2,0,0,lvl02-0101-0827-03t0:ethernet2/1 -> lvl021082703003:nic1.port1,lvl021082703003:nic1.port1 -> lvl02-0101-0827-03t0:ethernet2/1,1
2026-09-04 04:13:00.0000000,lvl02-0101-0827-03t0,ethernet2/1,lvl021082703003,nic1.port1,50,3,0,2,lvl02-0101-0827-03t0:ethernet2/1 -> lvl021082703003:nic1.port1,lvl021082703003:nic1.port1 -> lvl02-0101-0827-03t0:ethernet2/1,1
2026-09-04 04:13:00.0000000,lvl02-0101-0827-03t0,ethernet2/1,lvl021082703003,nic1.port1,50,4,0,2,lvl02-0101-0827-03t0:ethernet2/1 -> lvl021082703003:nic1.port1,lvl021082703003:nic1.port1 -> lvl02-0101-0827-03t0:ethernet2/1,1
2026-09-04 04:13:00.0000000,lvl02-0101-0827-03t0,ethernet2/1,lvl021082703003,nic1.port1,50,6,0,0,lvl02-0101-0827-03t0:ethernet2/1 -> lvl021082703003:nic1.port1,lvl021082703003:nic1.port1 -> lvl02-0101-0827-03t0:ethernet2/1,1
2026-09-04 04:13:00.0000000,lvl02-0101-0827-03t0,ethernet21/1,lvl021082703037,nic1.port1,50,2,0,0,lvl02-0101-0827-03t0:ethernet21/1 -> lvl021082703037:nic1.port1,lvl021082703037:nic1.port1 -> lvl02-0101-0827-03t0:ethernet21/1,1
2026-09-04 04:13:00.0000000,lvl02-0101-0827-03t0,ethernet21/1,lvl021082703037,nic1.port1,50,3,0,0,lvl02-0101-0827-03t0:ethernet21/1 -> lvl021082703037:nic1.port1,lvl021082703037:nic1.port1 -> lvl02-0101-0827-03t0:ethernet21/1,1
2026-09-04 04:13:00.0000000,lvl02-0101-0827-03t0,ethernet21/1,lvl021082703037,nic1.port1,50,4,0,0,lvl02-0101-0827-03t0:ethernet21/1 -> lvl021082703037:nic1.port1,lvl021082703037:nic1.port1 -> lvl02-0101-0827-03t0:ethernet21/1,1
2026-09-04 04:13:00.0000000,lvl02-0101-0827-03t0,ethernet21/1,lvl021082703037,nic1.port1,50,6,0,0,lvl02-0101-0827-03t0:ethernet21/1 -> lvl021082703037:nic1.port1,lvl021082703037:nic1.port1 -> lvl02-0101-0827-03t0:ethernet21/1,1
2026-09-04 04:13:00.0000000,lvl02-0101-0827-03t0,ethernet27/1,lvl021082703045,nic1.port1,50,2,0,0,lvl02-0101-0827-03t0:ethernet27/1 -> lvl021082703045:nic1.port1,lvl021082703045:nic1.port1 -> lvl02-0101-0827-03t0:ethernet27/1,1
2026-09-04 04:13:00.0000000,lvl02-0101-0827-03t0,ethernet27/1,lvl021082703045,nic1.port1,50,3,0,0,lvl02-0101-0827-03t0:ethernet27/1 -> lvl021082703045:nic1.port1,lvl021082703045:nic1.port1 -> lvl02-0101-0827-03t0:ethernet27/1,1
2026-09-04 04:13:00.0000000,lvl02-0101-0827-03t0,ethernet27/1,lvl021082703045,nic1.port1,50,4,0,0,lvl02-0101-0827-03t0:ethernet27/1 -> lvl021082703045:nic1.port1,lvl021082703045:nic1.port1 -> lvl02-0101-0827-03t0:ethernet27/1,1
2026-09-04 04:13:00.0000000,lvl02-0101-0827-03t0,ethernet27/1,lvl021082703045,nic1.port1,50,6,0,0,lvl02-0101-0827-03t0:ethernet27/1 -> lvl021082703045:nic1.port1,lvl021082703045:nic1.port1 -> lvl02-0101-0827-03t0:ethernet27/1,1
2026-09-04 04:13:00.0000000,lvl02-0101-0827-03t0,ethernet29/1,lvl021082703049,nic1.port1,50,2,0,0,lvl02-0101-0827-03t0:ethernet29/1 -> lvl021082703049:nic1.port1,lvl021082703049:nic1.port1 -> lvl02-0101-0827-03t0:ethernet29/1,1
2026-09-04 04:13:00.0000000,lvl02-0101-0827-03t0,ethernet29/1,lvl021082703049,nic1.port1,50,3,0,0,lvl02-0101-0827-03t0:ethernet29/1 -> lvl021082703049:nic1.port1,lvl021082703049:nic1.port1 -> lvl02-0101-0827-03t0:ethernet29/1,1
2026-09-04 04:13:00.0000000,lvl02-0101-0827-03t0,ethernet29/1,lvl021082703049,nic1.port1,50,4,0,0,lvl02-0101-0827-03t0:ethernet29/1 -> lvl021082703049:nic1.port1,lvl021082703049:nic1.port1 -> lvl02-0101-0827-03t0:ethernet29/1,1
2026-09-04 04:13:00.0000000,lvl02-0101-0827-03t0,ethernet29/1,lvl021082703049,nic1.port1,50,6,0,0,lvl02-0101-0827-03t0:ethernet29/1 -> lvl021082703049:nic1.port1,lvl021082703049:nic1.port1 -> lvl02-0101-0827-03t0:ethernet29/1,1
2026-09-04 04:13:00.0000000,lvl02-0101-0827-03t0,ethernet31/1,lvl021082703053,nic1.port1,50,2,0,0,lvl02-0101-0827-03t0:ethernet31/1 -> lvl021082703053:nic1.port1,lvl021082703053:nic1.port1 -> lvl02-0101-0827-03t0:ethernet31/1,1
2026-09-04 04:13:00.0000000,lvl02-0101-0827-03t0,ethernet31/1,lvl021082703053,nic1.port1,50,3,0,4126,lvl02-0101-0827-03t0:ethernet31/1 -> lvl021082703053:nic1.port1,lvl021082703053:nic1.port1 -> lvl02-0101-0827-03t0:ethernet31/1,1
2026-09-04 04:13:00.0000000,lvl02-0101-0827-03t0,ethernet31/1,lvl021082703053,nic1.port1,50,4,0,4126,lvl02-0101-0827-03t0:ethernet31/1 -> lvl021082703053:nic1.port1,lvl021082703053:nic1.port1 -> lvl02-0101-0827-03t0:ethernet31/1,1
2026-09-04 04:13:00.0000000,lvl02-0101-0827-03t0,ethernet31/1,lvl021082703053,nic1.port1,50,6,0,0,lvl02-0101-0827-03t0:ethernet31/1 -> lvl021082703053:nic1.port1,lvl021082703053:nic1.port1 -> lvl02-0101-0827-03t0:ethernet31/1,1
2026-09-04 04:13:00.0000000,lvl02-0101-0827-03t0,ethernet4/1,lvl021082703007,nic1.port1,50,2,0,0,lvl02-0101-0827-03t0:ethernet4/1 -> lvl021082703007:nic1.port1,lvl021082703007:nic1.port1 -> lvl02-0101-0827-03t0:ethernet4/1,1
2026-09-04 04:13:00.0000000,lvl02-0101-0827-03t0,ethernet4/1,lvl021082703007,nic1.port1,50,3,0,0,lvl02-0101-0827-03t0:ethernet4/1 -> lvl021082703007:nic1.port1,lvl021082703007:nic1.port1 -> lvl02-0101-0827-03t0:ethernet4/1,1
2026-09-04 04:13:00.0000000,lvl02-0101-0827-03t0,ethernet4/1,lvl021082703007,nic1.port1,50,4,0,0,lvl02-0101-0827-03t0:ethernet4/1 -> lvl021082703007:nic1.port1,lvl021082703007:nic1.port1 -> lvl02-0101-0827-03t0:ethernet4/1,1
2026-09-04 04:13:00.0000000,lvl02-0101-0827-03t0,ethernet4/1,lvl021082703007,nic1.port1,50,6,0,0,lvl02-0101-0827-03t0:ethernet4/1 -> lvl021082703007:nic1.port1,lvl021082703007:nic1.port1 -> lvl02-0101-0827-03t0:ethernet4/1,1
2026-09-04 04:16:00.0000000,lvl02-0101-0827-03lt0,ethernet12/1,lvl021082703019,nic1.port1,50,2,0,0,lvl02-0101-0827-03lt0:ethernet12/1 -> lvl021082703019:nic1.port1,lvl021082703019:nic1.port1 -> lvl02-0101-0827-03lt0:ethernet12/1,1
2026-09-04 04:16:00.0000000,lvl02-0101-0827-03lt0,ethernet12/1,lvl021082703019,nic1.port1,50,3,0,0,lvl02-0101-0827-03lt0:ethernet12/1 -> lvl021082703019:nic1.port1,lvl021082703019:nic1.port1 -> lvl02-0101-0827-03lt0:ethernet12/1,1
2026-09-04 04:16:00.0000000,lvl02-0101-0827-03lt0,ethernet12/1,lvl021082703019,nic1.port1,50,4,0,0,lvl02-0101-0827-03lt0:ethernet12/1 -> lvl021082703019:nic1.port1,lvl021082703019:nic1.port1 -> lvl02-0101-0827-03lt0:ethernet12/1,1
2026-09-04 04:16:00.0000000,lvl02-0101-0827-03lt0,ethernet12/1,lvl021082703019,nic1.port1,50,6,0,0,lvl02-0101-0827-03lt0:ethernet12/1 -> lvl021082703019:nic1.port1,lvl021082703019:nic1.port1 -> lvl02-0101-0827-03lt0:ethernet12/1,1
2026-09-04 04:16:00.0000000,lvl02-0101-0827-03lt0,ethernet14/1,lvl021082703023,nic1.port1,50,2,0,0,lvl02-0101-0827-03lt0:ethernet14/1 -> lvl021082703023:nic1.port1,lvl021082703023:nic1.port1 -> lvl02-0101-0827-03lt0:ethernet14/1,1
2026-09-04 04:16:00.0000000,lvl02-0101-0827-03lt0,ethernet14/1,lvl021082703023,nic1.port1,50,3,0,0,lvl02-0101-0827-03lt0:ethernet14/1 -> lvl021082703023:nic1.port1,lvl021082703023:nic1.port1 -> lvl02-0101-0827-03lt0:ethernet14/1,1
2026-09-04 04:16:00.0000000,lvl02-0101-0827-03lt0,ethernet14/1,lvl021082703023,nic1.port1,50,4,0,0,lvl02-0101-0827-03lt0:ethernet14/1 -> lvl021082703023:nic1.port1,lvl021082703023:nic1.port1 -> lvl02-0101-0827-03lt0:ethernet14/1,1
2026-09-04 04:16:00.0000000,lvl02-0101-0827-03lt0,ethernet14/1,lvl021082703023,nic1.port1,50,6,0,0,lvl02-0101-0827-03lt0:ethernet14/1 -> lvl021082703023:nic1.port1,lvl021082703023:nic1.port1 -> lvl02-0101-0827-03lt0:ethernet14/1,1
2026-09-04 04:16:00.0000000,lvl02-0101-0827-03lt0,ethernet15/1,lvl021082703025,nic1.port1,50,2,0,0,lvl02-0101-0827-03lt0:ethernet15/1 -> lvl021082703025:nic1.port1,lvl021082703025:nic1.port1 -> lvl02-0101-0827-03lt0:ethernet15/1,1
2026-09-04 04:16:00.0000000,lvl02-0101-0827-03lt0,ethernet15/1,lvl021082703025,nic1.port1,50,3,0,0,lvl02-0101-0827-03lt0:ethernet15/1 -> lvl021082703025:nic1.port1,lvl021082703025:nic1.port1 -> lvl02-0101-0827-03lt0:ethernet15/1,1
2026-09-04 04:16:00.0000000,lvl02-0101-0827-03lt0,ethernet15/1,lvl021082703025,nic1.port1,50,4,0,0,lvl02-0101-0827-03lt0:ethernet15/1 -> lvl021082703025:nic1.port1,lvl021082703025:nic1.port1 -> lvl02-0101-0827-03lt0:ethernet15/1,1
2026-09-04 04:16:00.0000000,lvl02-0101-0827-03lt0,ethernet15/1,lvl021082703025,nic1.port1,50,6,0,0,lvl02-0101-0827-03lt0:ethernet15/1 -> lvl021082703025:nic1.port1,lvl021082703025:nic1.port1 -> lvl02-0101-0827-03lt0:ethernet15/1,1
2026-09-04 04:16:00.0000000,lvl02-0101-0827-03lt0,ethernet18/1,lvl021082703031,nic1.port1,50,2,0,0,lvl02-0101-0827-03lt0:ethernet18/1 -> lvl021082703031:nic1.port1,lvl021082703031:nic1.port1 -> lvl02-0101-0827-03lt0:ethernet18/1,1
2026-09-04 04:16:00.0000000,lvl02-0101-0827-03lt0,ethernet18/1,lvl021082703031,nic1.port1,50,3,0,0,lvl02-0101-0827-03lt0:ethernet18/1 -> lvl021082703031:nic1.port1,lvl021082703031:nic1.port1 -> lvl02-0101-0827-03lt0:ethernet18/1,1
2026-09-04 04:16:00.0000000,lvl02-0101-0827-03lt0,ethernet18/1,lvl021082703031,nic1.port1,50,4,0,0,lvl02-0101-0827-03lt0:ethernet18/1 -> lvl021082703031:nic1.port1,lvl021082703031:nic1.port1 -> lvl02-0101-0827-03lt0:ethernet18/1,1
2026-09-04 04:16:00.0000000,lvl02-0101-0827-03lt0,ethernet18/1,lvl021082703031,nic1.port1,50,6,0,0,lvl02-0101-0827-03lt0:ethernet18/1 -> lvl021082703031:nic1.port1,lvl021082703031:nic1.port1 -> lvl02-0101-0827-03lt0:ethernet18/1,1
2026-09-04 04:16:00.0000000,lvl02-0101-0827-03lt0,ethernet19/1,lvl021082703033,nic1.port1,50,2,0,0,lvl02-0101-0827-03lt0:ethernet19/1 -> lvl021082703033:nic1.port1,lvl021082703033:nic1.port1 -> lvl02-0101-0827-03lt0:ethernet19/1,1
2026-09-04 04:16:00.0000000,lvl02-0101-0827-03lt0,ethernet19/1,lvl021082703033,nic1.port1,50,3,0,0,lvl02-0101-0827-03lt0:ethernet19/1 -> lvl021082703033:nic1.port1,lvl021082703033:nic1.port1 -> lvl02-0101-0827-03lt0:ethernet19/1,1
2026-09-04 04:16:00.0000000,lvl02-0101-0827-03lt0,ethernet19/1,lvl021082703033,nic1.port1,50,4,0,0,lvl02-0101-0827-03lt0:ethernet19/1 -> lvl021082703033:nic1.port1,lvl021082703033:nic1.port1 -> lvl02-0101-0827-03lt0:ethernet19/1,1
2026-09-04 04:16:00.0000000,lvl02-0101-0827-03lt0,ethernet19/1,lvl021082703033,nic1.port1,50,6,0,0,lvl02-0101-0827-03lt0:ethernet19/1 -> lvl021082703033:nic1.port1,lvl021082703033:nic1.port1 -> lvl02-0101-0827-03lt0:ethernet19/1,1
2026-09-04 04:16:00.0000000,lvl02-0101-0827-03lt0,ethernet2/1,lvl021082703003,nic1.port1,50,2,0,0,lvl02-0101-0827-03lt0:ethernet2/1 -> lvl021082703003:nic1.port1,lvl021082703003:nic1.port1 -> lvl02-0101-0827-03lt0:ethernet2/1,1
2026-09-04 04:16:00.0000000,lvl02-0101-0827-03lt0,ethernet2/1,lvl021082703003,nic1.port1,50,3,0,0,lvl02-0101-0827-03lt0:ethernet2/1 -> lvl021082703003:nic1.port1,lvl021082703003:nic1.port1 -> lvl02-0101-0827-03lt0:ethernet2/1,1
2026-09-04 04:16:00.0000000,lvl02-0101-0827-03lt0,ethernet2/1,lvl021082703003,nic1.port1,50,4,0,0,lvl02-0101-0827-03lt0:ethernet2/1 -> lvl021082703003:nic1.port1,lvl021082703003:nic1.port1 -> lvl02-0101-0827-03lt0:ethernet2/1,1
2026-09-04 04:16:00.0000000,lvl02-0101-0827-03lt0,ethernet2/1,lvl021082703003,nic1.port1,50,6,0,0,lvl02-0101-0827-03lt0:ethernet2/1 -> lvl021082703003:nic1.port1,lvl021082703003:nic1.port1 -> lvl02-0101-0827-03lt0:ethernet2/1,1
2026-09-04 04:16:00.0000000,lvl02-0101-0827-03lt0,ethernet21/1,lvl021082703037,nic1.port1,50,2,0,0,lvl02-0101-0827-03lt0:ethernet21/1 -> lvl021082703037:nic1.port1,lvl021082703037:nic1.port1 -> lvl02-0101-0827-03lt0:ethernet21/1,1
2026-09-04 04:16:00.0000000,lvl02-0101-0827-03lt0,ethernet21/1,lvl021082703037,nic1.port1,50,3,0,0,lvl02-0101-0827-03lt0:ethernet21/1 -> lvl021082703037:nic1.port1,lvl021082703037:nic1.port1 -> lvl02-0101-0827-03lt0:ethernet21/1,1
2026-09-04 04:16:00.0000000,lvl02-0101-0827-03lt0,ethernet21/1,lvl021082703037,nic1.port1,50,4,0,0,lvl02-0101-0827-03lt0:ethernet21/1 -> lvl021082703037:nic1.port1,lvl021082703037:nic1.port1 -> lvl02-0101-0827-03lt0:ethernet21/1,1
2026-09-04 04:16:00.0000000,lvl02-0101-0827-03lt0,ethernet21/1,lvl021082703037,nic1.port1,50,6,0,0,lvl02-0101-0827-03lt0:ethernet21/1 -> lvl021082703037:nic1.port1,lvl021082703037:nic1.port1 -> lvl02-0101-0827-03lt0:ethernet21/1,1
2026-09-04 04:16:00.0000000,lvl02-0101-0827-03lt0,ethernet27/1,lvl021082703045,nic1.port1,50,2,0,0,lvl02-0101-0827-03lt0:ethernet27/1 -> lvl021082703045:nic1.port1,lvl021082703045:nic1.port1 -> lvl02-0101-0827-03lt0:ethernet27/1,1
2026-09-04 04:16:00.0000000,lvl02-0101-0827-03lt0,ethernet27/1,lvl021082703045,nic1.port1,50,3,0,0,lvl02-0101-0827-03lt0:ethernet27/1 -> lvl021082703045:nic1.port1,lvl021082703045:nic1.port1 -> lvl02-0101-0827-03lt0:ethernet27/1,1
2026-09-04 04:16:00.0000000,lvl02-0101-0827-03lt0,ethernet27/1,lvl021082703045,nic1.port1,50,4,0,0,lvl02-0101-0827-03lt0:ethernet27/1 -> lvl021082703045:nic1.port1,lvl021082703045:nic1.port1 -> lvl02-0101-0827-03lt0:ethernet27/1,1
2026-09-04 04:16:00.0000000,lvl02-0101-0827-03lt0,ethernet27/1,lvl021082703045,nic1.port1,50,6,0,0,lvl02-0101-0827-03lt0:ethernet27/1 -> lvl021082703045:nic1.port1,lvl021082703045:nic1.port1 -> lvl02-0101-0827-03lt0:ethernet27/1,1
2026-09-04 04:16:00.0000000,lvl02-0101-0827-03lt0,ethernet29/1,lvl021082703049,nic1.port1,50,2,0,0,lvl02-0101-0827-03lt0:ethernet29/1 -> lvl021082703049:nic1.port1,lvl021082703049:nic1.port1 -> lvl02-0101-0827-03lt0:ethernet29/1,1
2026-09-04 04:16:00.0000000,lvl02-0101-0827-03lt0,ethernet29/1,lvl021082703049,nic1.port1,50,3,0,0,lvl02-0101-0827-03lt0:ethernet29/1 -> lvl021082703049:nic1.port1,lvl021082703049:nic1.port1 -> lvl02-0101-0827-03lt0:ethernet29/1,1
2026-09-04 04:16:00.0000000,lvl02-0101-0827-03lt0,ethernet29/1,lvl021082703049,nic1.port1,50,4,0,0,lvl02-0101-0827-03lt0:ethernet29/1 -> lvl021082703049:nic1.port1,lvl021082703049:nic1.port1 -> lvl02-0101-0827-03lt0:ethernet29/1,1
2026-09-04 04:16:00.0000000,lvl02-0101-0827-03lt0,ethernet29/1,lvl021082703049,nic1.port1,50,6,0,0,lvl02-0101-0827-03lt0:ethernet29/1 -> lvl021082703049:nic1.port1,lvl021082703049:nic1.port1 -> lvl02-0101-0827-03lt0:ethernet29/1,1
2026-09-04 04:16:00.0000000,lvl02-0101-0827-03lt0,ethernet31/1,lvl021082703053,nic1.port1,50,2,0,0,lvl02-0101-0827-03lt0:ethernet31/1 -> lvl021082703053:nic1.port1,lvl021082703053:nic1.port1 -> lvl02-0101-0827-03lt0:ethernet31/1,1
2026-09-04 04:16:00.0000000,lvl02-0101-0827-03lt0,ethernet31/1,lvl021082703053,nic1.port1,50,3,0,148,lvl02-0101-0827-03lt0:ethernet31/1 -> lvl021082703053:nic1.port1,lvl021082703053:nic1.port1 -> lvl02-0101-0827-03lt0:ethernet31/1,1
2026-09-04 04:16:00.0000000,lvl02-0101-0827-03lt0,ethernet31/1,lvl021082703053,nic1.port1,50,4,0,148,lvl02-0101-0827-03lt0:ethernet31/1 -> lvl021082703053:nic1.port1,lvl021082703053:nic1.port1 -> lvl02-0101-0827-03lt0:ethernet31/1,1
2026-09-04 04:16:00.0000000,lvl02-0101-0827-03lt0,ethernet31/1,lvl021082703053,nic1.port1,50,6,0,0,lvl02-0101-0827-03lt0:ethernet31/1 -> lvl021082703053:nic1.port1,lvl021082703053:nic1.port1 -> lvl02-0101-0827-03lt0:ethernet31/1,1
2026-09-04 04:16:00.0000000,lvl02-0101-0827-03lt0,ethernet4/1,lvl021082703007,nic1.port1,50,2,0,0,lvl02-0101-0827-03lt0:ethernet4/1 -> lvl021082703007:nic1.port1,lvl021082703007:nic1.port1 -> lvl02-0101-0827-03lt0:ethernet4/1,1
2026-09-04 04:16:00.0000000,lvl02-0101-0827-03lt0,ethernet4/1,lvl021082703007,nic1.port1,50,3,0,0,lvl02-0101-0827-03lt0:ethernet4/1 -> lvl021082703007:nic1.port1,lvl021082703007:nic1.port1 -> lvl02-0101-0827-03lt0:ethernet4/1,1
2026-09-04 04:16:00.0000000,lvl02-0101-0827-03lt0,ethernet4/1,lvl021082703007,nic1.port1,50,4,0,0,lvl02-0101-0827-03lt0:ethernet4/1 -> lvl021082703007:nic1.port1,lvl021082703007:nic1.port1 -> lvl02-0101-0827-03lt0:ethernet4/1,1
2026-09-04 04:16:00.0000000,lvl02-0101-0827-03lt0,ethernet4/1,lvl021082703007,nic1.port1,50,6,0,0,lvl02-0101-0827-03lt0:ethernet4/1 -> lvl021082703007:nic1.port1,lvl021082703007:nic1.port1 -> lvl02-0101-0827-03lt0:ethernet4/1,1
2026-09-04 04:18:00.0000000,lvl02-0101-0827-03t0,ethernet12/1,lvl021082703019,nic1.port1,50,2,0,0,lvl02-0101-0827-03t0:ethernet12/1 -> lvl021082703019:nic1.port1,lvl021082703019:nic1.port1 -> lvl02-0101-0827-03t0:ethernet12/1,1
2026-09-04 04:18:00.0000000,lvl02-0101-0827-03t0,ethernet12/1,lvl021082703019,nic1.port1,50,3,0,0,lvl02-0101-0827-03t0:ethernet12/1 -> lvl021082703019:nic1.port1,lvl021082703019:nic1.port1 -> lvl02-0101-0827-03t0:ethernet12/1,1
2026-09-04 04:18:00.0000000,lvl02-0101-0827-03t0,ethernet12/1,lvl021082703019,nic1.port1,50,4,0,0,lvl02-0101-0827-03t0:ethernet12/1 -> lvl021082703019:nic1.port1,lvl021082703019:nic1.port1 -> lvl02-0101-0827-03t0:ethernet12/1,1
2026-09-04 04:18:00.0000000,lvl02-0101-0827-03t0,ethernet12/1,lvl021082703019,nic1.port1,50,6,0,0,lvl02-0101-0827-03t0:ethernet12/1 -> lvl021082703019:nic1.port1,lvl021082703019:nic1.port1 -> lvl02-0101-0827-03t0:ethernet12/1,1
2026-09-04 04:18:00.0000000,lvl02-0101-0827-03t0,ethernet14/1,lvl021082703023,nic1.port1,50,2,0,0,lvl02-0101-0827-03t0:ethernet14/1 -> lvl021082703023:nic1.port1,lvl021082703023:nic1.port1 -> lvl02-0101-0827-03t0:ethernet14/1,1
2026-09-04 04:18:00.0000000,lvl02-0101-0827-03t0,ethernet14/1,lvl021082703023,nic1.port1,50,3,0,0,lvl02-0101-0827-03t0:ethernet14/1 -> lvl021082703023:nic1.port1,lvl021082703023:nic1.port1 -> lvl02-0101-0827-03t0:ethernet14/1,1
2026-09-04 04:18:00.0000000,lvl02-0101-0827-03t0,ethernet14/1,lvl021082703023,nic1.port1,50,4,0,0,lvl02-0101-0827-03t0:ethernet14/1 -> lvl021082703023:nic1.port1,lvl021082703023:nic1.port1 -> lvl02-0101-0827-03t0:ethernet14/1,1
2026-09-04 04:18:00.0000000,lvl02-0101-0827-03t0,ethernet14/1,lvl021082703023,nic1.port1,50,6,0,0,lvl02-0101-0827-03t0:ethernet14/1 -> lvl021082703023:nic1.port1,lvl021082703023:nic1.port1 -> lvl02-0101-0827-03t0:ethernet14/1,1
2026-09-04 04:18:00.0000000,lvl02-0101-0827-03t0,ethernet15/1,lvl021082703025,nic1.port1,50,2,0,0,lvl02-0101-0827-03t0:ethernet15/1 -> lvl021082703025:nic1.port1,lvl021082703025:nic1.port1 -> lvl02-0101-0827-03t0:ethernet15/1,1
2026-09-04 04:18:00.0000000,lvl02-0101-0827-03t0,ethernet15/1,lvl021082703025,nic1.port1,50,3,0,0,lvl02-0101-0827-03t0:ethernet15/1 -> lvl021082703025:nic1.port1,lvl021082703025:nic1.port1 -> lvl02-0101-0827-03t0:ethernet15/1,1
2026-09-04 04:18:00.0000000,lvl02-0101-0827-03t0,ethernet15/1,lvl021082703025,nic1.port1,50,4,0,0,lvl02-0101-0827-03t0:ethernet15/1 -> lvl021082703025:nic1.port1,lvl021082703025:nic1.port1 -> lvl02-0101-0827-03t0:ethernet15/1,1
2026-09-04 04:18:00.0000000,lvl02-0101-0827-03t0,ethernet15/1,lvl021082703025,nic1.port1,50,6,0,0,lvl02-0101-0827-03t0:ethernet15/1 -> lvl021082703025:nic1.port1,lvl021082703025:nic1.port1 -> lvl02-0101-0827-03t0:ethernet15/1,1
2026-09-04 04:18:00.0000000,lvl02-0101-0827-03t0,ethernet18/1,lvl021082703031,nic1.port1,50,2,0,0,lvl02-0101-0827-03t0:ethernet18/1 -> lvl021082703031:nic1.port1,lvl021082703031:nic1.port1 -> lvl02-0101-0827-03t0:ethernet18/1,1
2026-09-04 04:18:00.0000000,lvl02-0101-0827-03t0,ethernet18/1,lvl021082703031,nic1.port1,50,3,0,0,lvl02-0101-0827-03t0:ethernet18/1 -> lvl021082703031:nic1.port1,lvl021082703031:nic1.port1 -> lvl02-0101-0827-03t0:ethernet18/1,1
2026-09-04 04:18:00.0000000,lvl02-0101-0827-03t0,ethernet18/1,lvl021082703031,nic1.port1,50,4,0,0,lvl02-0101-0827-03t0:ethernet18/1 -> lvl021082703031:nic1.port1,lvl021082703031:nic1.port1 -> lvl02-0101-0827-03t0:ethernet18/1,1
2026-09-04 04:18:00.0000000,lvl02-0101-0827-03t0,ethernet18/1,lvl021082703031,nic1.port1,50,6,0,0,lvl02-0101-0827-03t0:ethernet18/1 -> lvl021082703031:nic1.port1,lvl021082703031:nic1.port1 -> lvl02-0101-0827-03t0:ethernet18/1,1
2026-09-04 04:18:00.0000000,lvl02-0101-0827-03t0,ethernet19/1,lvl021082703033,nic1.port1,50,2,0,0,lvl02-0101-0827-03t0:ethernet19/1 -> lvl021082703033:nic1.port1,lvl021082703033:nic1.port1 -> lvl02-0101-0827-03t0:ethernet19/1,1
2026-09-04 04:18:00.0000000,lvl02-0101-0827-03t0,ethernet19/1,lvl021082703033,nic1.port1,50,3,0,0,lvl02-0101-0827-03t0:ethernet19/1 -> lvl021082703033:nic1.port1,lvl021082703033:nic1.port1 -> lvl02-0101-0827-03t0:ethernet19/1,1
2026-09-04 04:18:00.0000000,lvl02-0101-0827-03t0,ethernet19/1,lvl021082703033,nic1.port1,50,4,0,0,lvl02-0101-0827-03t0:ethernet19/1 -> lvl021082703033:nic1.port1,lvl021082703033:nic1.port1 -> lvl02-0101-0827-03t0:ethernet19/1,1
2026-09-04 04:18:00.0000000,lvl02-0101-0827-03t0,ethernet19/1,lvl021082703033,nic1.port1,50,6,0,0,lvl02-0101-0827-03t0:ethernet19/1 -> lvl021082703033:nic1.port1,lvl021082703033:nic1.port1 -> lvl02-0101-0827-03t0:ethernet19/1,1
2026-09-04 04:18:00.0000000,lvl02-0101-0827-03t0,ethernet2/1,lvl021082703003,nic1.port1,50,2,0,0,lvl02-0101-0827-03t0:ethernet2/1 -> lvl021082703003:nic1.port1,lvl021082703003:nic1.port1 -> lvl02-0101-0827-03t0:ethernet2/1,1
2026-09-04 04:18:00.0000000,lvl02-0101-0827-03t0,ethernet2/1,lvl021082703003,nic1.port1,50,3,0,0,lvl02-0101-0827-03t0:ethernet2/1 -> lvl021082703003:nic1.port1,lvl021082703003:nic1.port1 -> lvl02-0101-0827-03t0:ethernet2/1,1
2026-09-04 04:18:00.0000000,lvl02-0101-0827-03t0,ethernet2/1,lvl021082703003,nic1.port1,50,4,0,0,lvl02-0101-0827-03t0:ethernet2/1 -> lvl021082703003:nic1.port1,lvl021082703003:nic1.port1 -> lvl02-0101-0827-03t0:ethernet2/1,1
2026-09-04 04:18:00.0000000,lvl02-0101-0827-03t0,ethernet2/1,lvl021082703003,nic1.port1,50,6,0,0,lvl02-0101-0827-03t0:ethernet2/1 -> lvl021082703003:nic1.port1,lvl021082703003:nic1.port1 -> lvl02-0101-0827-03t0:ethernet2/1,1
2026-09-04 04:18:00.0000000,lvl02-0101-0827-03t0,ethernet21/1,lvl021082703037,nic1.port1,50,2,0,0,lvl02-0101-0827-03t0:ethernet21/1 -> lvl021082703037:nic1.port1,lvl021082703037:nic1.port1 -> lvl02-0101-0827-03t0:ethernet21/1,1
2026-09-04 04:18:00.0000000,lvl02-0101-0827-03t0,ethernet21/1,lvl021082703037,nic1.port1,50,3,0,0,lvl02-0101-0827-03t0:ethernet21/1 -> lvl021082703037:nic1.port1,lvl021082703037:nic1.port1 -> lvl02-0101-0827-03t0:ethernet21/1,1
2026-09-04 04:18:00.0000000,lvl02-0101-0827-03t0,ethernet21/1,lvl021082703037,nic1.port1,50,4,0,0,lvl02-0101-0827-03t0:ethernet21/1 -> lvl021082703037:nic1.port1,lvl021082703037:nic1.port1 -> lvl02-0101-0827-03t0:ethernet21/1,1
2026-09-04 04:18:00.0000000,lvl02-0101-0827-03t0,ethernet21/1,lvl021082703037,nic1.port1,50,6,0,0,lvl02-0101-0827-03t0:ethernet21/1 -> lvl021082703037:nic1.port1,lvl021082703037:nic1.port1 -> lvl02-0101-0827-03t0:ethernet21/1,1
2026-09-04 04:18:00.0000000,lvl02-0101-0827-03t0,ethernet27/1,lvl021082703045,nic1.port1,50,2,0,0,lvl02-0101-0827-03t0:ethernet27/1 -> lvl021082703045:nic1.port1,lvl021082703045:nic1.port1 -> lvl02-0101-0827-03t0:ethernet27/1,1
2026-09-04 04:18:00.0000000,lvl02-0101-0827-03t0,ethernet27/1,lvl021082703045,nic1.port1,50,3,0,2,lvl02-0101-0827-03t0:ethernet27/1 -> lvl021082703045:nic1.port1,lvl021082703045:nic1.port1 -> lvl02-0101-0827-03t0:ethernet27/1,1
2026-09-04 04:18:00.0000000,lvl02-0101-0827-03t0,ethernet27/1,lvl021082703045,nic1.port1,50,4,0,2,lvl02-0101-0827-03t0:ethernet27/1 -> lvl021082703045:nic1.port1,lvl021082703045:nic1.port1 -> lvl02-0101-0827-03t0:ethernet27/1,1
2026-09-04 04:18:00.0000000,lvl02-0101-0827-03t0,ethernet27/1,lvl021082703045,nic1.port1,50,6,0,0,lvl02-0101-0827-03t0:ethernet27/1 -> lvl021082703045:nic1.port1,lvl021082703045:nic1.port1 -> lvl02-0101-0827-03t0:ethernet27/1,1
2026-09-04 04:18:00.0000000,lvl02-0101-0827-03t0,ethernet29/1,lvl021082703049,nic1.port1,50,2,0,0,lvl02-0101-0827-03t0:ethernet29/1 -> lvl021082703049:nic1.port1,lvl021082703049:nic1.port1 -> lvl02-0101-0827-03t0:ethernet29/1,1
2026-09-04 04:18:00.0000000,lvl02-0101-0827-03t0,ethernet29/1,lvl021082703049,nic1.port1,50,3,0,0,lvl02-0101-0827-03t0:ethernet29/1 -> lvl021082703049:nic1.port1,lvl021082703049:nic1.port1 -> lvl02-0101-0827-03t0:ethernet29/1,1
2026-09-04 04:18:00.0000000,lvl02-0101-0827-03t0,ethernet29/1,lvl021082703049,nic1.port1,50,4,0,0,lvl02-0101-0827-03t0:ethernet29/1 -> lvl021082703049:nic1.port1,lvl021082703049:nic1.port1 -> lvl02-0101-0827-03t0:ethernet29/1,1
2026-09-04 04:18:00.0000000,lvl02-0101-0827-03t0,ethernet29/1,lvl021082703049,nic1.port1,50,6,0,0,lvl02-0101-0827-03t0:ethernet29/1 -> lvl021082703049:nic1.port1,lvl021082703049:nic1.port1 -> lvl02-0101-0827-03t0:ethernet29/1,1
2026-09-04 04:18:00.0000000,lvl02-0101-0827-03t0,ethernet31/1,lvl021082703053,nic1.port1,50,2,0,0,lvl02-0101-0827-03t0:ethernet31/1 -> lvl021082703053:nic1.port1,lvl021082703053:nic1.port1 -> lvl02-0101-0827-03t0:ethernet31/1,1
2026-09-04 04:18:00.0000000,lvl02-0101-0827-03t0,ethernet31/1,lvl021082703053,nic1.port1,50,3,0,112,lvl02-0101-0827-03t0:ethernet31/1 -> lvl021082703053:nic1.port1,lvl021082703053:nic1.port1 -> lvl02-0101-0827-03t0:ethernet31/1,1
2026-09-04 04:18:00.0000000,lvl02-0101-0827-03t0,ethernet31/1,lvl021082703053,nic1.port1,50,4,0,112,lvl02-0101-0827-03t0:ethernet31/1 -> lvl021082703053:nic1.port1,lvl021082703053:nic1.port1 -> lvl02-0101-0827-03t0:ethernet31/1,1
2026-09-04 04:18:00.0000000,lvl02-0101-0827-03t0,ethernet31/1,lvl021082703053,nic1.port1,50,6,0,0,lvl02-0101-0827-03t0:ethernet31/1 -> lvl021082703053:nic1.port1,lvl021082703053:nic1.port1 -> lvl02-0101-0827-03t0:ethernet31/1,1
2026-09-04 04:18:00.0000000,lvl02-0101-0827-03t0,ethernet4/1,lvl021082703007,nic1.port1,50,2,0,0,lvl02-0101-0827-03t0:ethernet4/1 -> lvl021082703007:nic1.port1,lvl021082703007:nic1.port1 -> lvl02-0101-0827-03t0:ethernet4/1,1
2026-09-04 04:18:00.0000000,lvl02-0101-0827-03t0,ethernet4/1,lvl021082703007,nic1.port1,50,3,0,0,lvl02-0101-0827-03t0:ethernet4/1 -> lvl021082703007:nic1.port1,lvl021082703007:nic1.port1 -> lvl02-0101-0827-03t0:ethernet4/1,1
2026-09-04 04:18:00.0000000,lvl02-0101-0827-03t0,ethernet4/1,lvl021082703007,nic1.port1,50,4,0,0,lvl02-0101-0827-03t0:ethernet4/1 -> lvl021082703007:nic1.port1,lvl021082703007:nic1.port1 -> lvl02-0101-0827-03t0:ethernet4/1,1
2026-09-04 04:18:00.0000000,lvl02-0101-0827-03t0,ethernet4/1,lvl021082703007,nic1.port1,50,6,0,0,lvl02-0101-0827-03t0:ethernet4/1 -> lvl021082703007:nic1.port1,lvl021082703007:nic1.port1 -> lvl02-0101-0827-03t0:ethernet4/1,1
2026-09-04 04:21:00.0000000,lvl02-0101-0827-03lt0,ethernet12/1,lvl021082703019,nic1.port1,50,2,0,0,lvl02-0101-0827-03lt0:ethernet12/1 -> lvl021082703019:nic1.port1,lvl021082703019:nic1.port1 -> lvl02-0101-0827-03lt0:ethernet12/1,1
2026-09-04 04:21:00.0000000,lvl02-0101-0827-03lt0,ethernet12/1,lvl021082703019,nic1.port1,50,3,0,0,lvl02-0101-0827-03lt0:ethernet12/1 -> lvl021082703019:nic1.port1,lvl021082703019:nic1.port1 -> lvl02-0101-0827-03lt0:ethernet12/1,1
2026-09-04 04:21:00.0000000,lvl02-0101-0827-03lt0,ethernet12/1,lvl021082703019,nic1.port1,50,4,0,0,lvl02-0101-0827-03lt0:ethernet12/1 -> lvl021082703019:nic1.port1,lvl021082703019:nic1.port1 -> lvl02-0101-0827-03lt0:ethernet12/1,1
2026-09-04 04:21:00.0000000,lvl02-0101-0827-03lt0,ethernet12/1,lvl021082703019,nic1.port1,50,6,0,0,lvl02-0101-0827-03lt0:ethernet12/1 -> lvl021082703019:nic1.port1,lvl021082703019:nic1.port1 -> lvl02-0101-0827-03lt0:ethernet12/1,1
2026-09-04 04:21:00.0000000,lvl02-0101-0827-03lt0,ethernet14/1,lvl021082703023,nic1.port1,50,2,0,0,lvl02-0101-0827-03lt0:ethernet14/1 -> lvl021082703023:nic1.port1,lvl021082703023:nic1.port1 -> lvl02-0101-0827-03lt0:ethernet14/1,1
2026-09-04 04:21:00.0000000,lvl02-0101-0827-03lt0,ethernet14/1,lvl021082703023,nic1.port1,50,3,0,0,lvl02-0101-0827-03lt0:ethernet14/1 -> lvl021082703023:nic1.port1,lvl021082703023:nic1.port1 -> lvl02-0101-0827-03lt0:ethernet14/1,1
2026-09-04 04:21:00.0000000,lvl02-0101-0827-03lt0,ethernet14/1,lvl021082703023,nic1.port1,50,4,0,0,lvl02-0101-0827-03lt0:ethernet14/1 -> lvl021082703023:nic1.port1,lvl021082703023:nic1.port1 -> lvl02-0101-0827-03lt0:ethernet14/1,1
2026-09-04 04:21:00.0000000,lvl02-0101-0827-03lt0,ethernet14/1,lvl021082703023,nic1.port1,50,6,0,0,lvl02-0101-0827-03lt0:ethernet14/1 -> lvl021082703023:nic1.port1,lvl021082703023:nic1.port1 -> lvl02-0101-0827-03lt0:ethernet14/1,1
2026-09-04 04:21:00.0000000,lvl02-0101-0827-03lt0,ethernet15/1,lvl021082703025,nic1.port1,50,2,0,0,lvl02-0101-0827-03lt0:ethernet15/1 -> lvl021082703025:nic1.port1,lvl021082703025:nic1.port1 -> lvl02-0101-0827-03lt0:ethernet15/1,1
2026-09-04 04:21:00.0000000,lvl02-0101-0827-03lt0,ethernet15/1,lvl021082703025,nic1.port1,50,3,0,0,lvl02-0101-0827-03lt0:ethernet15/1 -> lvl021082703025:nic1.port1,lvl021082703025:nic1.port1 -> lvl02-0101-0827-03lt0:ethernet15/1,1
2026-09-04 04:21:00.0000000,lvl02-0101-0827-03lt0,ethernet15/1,lvl021082703025,nic1.port1,50,4,0,0,lvl02-0101-0827-03lt0:ethernet15/1 -> lvl021082703025:nic1.port1,lvl021082703025:nic1.port1 -> lvl02-0101-0827-03lt0:ethernet15/1,1
2026-09-04 04:21:00.0000000,lvl02-0101-0827-03lt0,ethernet15/1,lvl021082703025,nic1.port1,50,6,0,0,lvl02-0101-0827-03lt0:ethernet15/1 -> lvl021082703025:nic1.port1,lvl021082703025:nic1.port1 -> lvl02-0101-0827-03lt0:ethernet15/1,1
2026-09-04 04:21:00.0000000,lvl02-0101-0827-03lt0,ethernet18/1,lvl021082703031,nic1.port1,50,2,0,0,lvl02-0101-0827-03lt0:ethernet18/1 -> lvl021082703031:nic1.port1,lvl021082703031:nic1.port1 -> lvl02-0101-0827-03lt0:ethernet18/1,1
2026-09-04 04:21:00.0000000,lvl02-0101-0827-03lt0,ethernet18/1,lvl021082703031,nic1.port1,50,3,0,0,lvl02-0101-0827-03lt0:ethernet18/1 -> lvl021082703031:nic1.port1,lvl021082703031:nic1.port1 -> lvl02-0101-0827-03lt0:ethernet18/1,1
2026-09-04 04:21:00.0000000,lvl02-0101-0827-03lt0,ethernet18/1,lvl021082703031,nic1.port1,50,4,0,0,lvl02-0101-0827-03lt0:ethernet18/1 -> lvl021082703031:nic1.port1,lvl021082703031:nic1.port1 -> lvl02-0101-0827-03lt0:ethernet18/1,1
2026-09-04 04:21:00.0000000,lvl02-0101-0827-03lt0,ethernet18/1,lvl021082703031,nic1.port1,50,6,0,0,lvl02-0101-0827-03lt0:ethernet18/1 -> lvl021082703031:nic1.port1,lvl021082703031:nic1.port1 -> lvl02-0101-0827-03lt0:ethernet18/1,1
2026-09-04 04:21:00.0000000,lvl02-0101-0827-03lt0,ethernet19/1,lvl021082703033,nic1.port1,50,2,0,0,lvl02-0101-0827-03lt0:ethernet19/1 -> lvl021082703033:nic1.port1,lvl021082703033:nic1.port1 -> lvl02-0101-0827-03lt0:ethernet19/1,1
2026-09-04 04:21:00.0000000,lvl02-0101-0827-03lt0,ethernet19/1,lvl021082703033,nic1.port1,50,3,0,0,lvl02-0101-0827-03lt0:ethernet19/1 -> lvl021082703033:nic1.port1,lvl021082703033:nic1.port1 -> lvl02-0101-0827-03lt0:ethernet19/1,1
2026-09-04 04:21:00.0000000,lvl02-0101-0827-03lt0,ethernet19/1,lvl021082703033,nic1.port1,50,4,0,0,lvl02-0101-0827-03lt0:ethernet19/1 -> lvl021082703033:nic1.port1,lvl021082703033:nic1.port1 -> lvl02-0101-0827-03lt0:ethernet19/1,1
2026-09-04 04:21:00.0000000,lvl02-0101-0827-03lt0,ethernet19/1,lvl021082703033,nic1.port1,50,6,0,0,lvl02-0101-0827-03lt0:ethernet19/1 -> lvl021082703033:nic1.port1,lvl021082703033:nic1.port1 -> lvl02-0101-0827-03lt0:ethernet19/1,1
2026-09-04 04:21:00.0000000,lvl02-0101-0827-03lt0,ethernet2/1,lvl021082703003,nic1.port1,50,2,0,0,lvl02-0101-0827-03lt0:ethernet2/1 -> lvl021082703003:nic1.port1,lvl021082703003:nic1.port1 -> lvl02-0101-0827-03lt0:ethernet2/1,1
2026-09-04 04:21:00.0000000,lvl02-0101-0827-03lt0,ethernet2/1,lvl021082703003,nic1.port1,50,3,0,0,lvl02-0101-0827-03lt0:ethernet2/1 -> lvl021082703003:nic1.port1,lvl021082703003:nic1.port1 -> lvl02-0101-0827-03lt0:ethernet2/1,1
2026-09-04 04:21:00.0000000,lvl02-0101-0827-03lt0,ethernet2/1,lvl021082703003,nic1.port1,50,4,0,0,lvl02-0101-0827-03lt0:ethernet2/1 -> lvl021082703003:nic1.port1,lvl021082703003:nic1.port1 -> lvl02-0101-0827-03lt0:ethernet2/1,1
2026-09-04 04:21:00.0000000,lvl02-0101-0827-03lt0,ethernet2/1,lvl021082703003,nic1.port1,50,6,0,0,lvl02-0101-0827-03lt0:ethernet2/1 -> lvl021082703003:nic1.port1,lvl021082703003:nic1.port1 -> lvl02-0101-0827-03lt0:ethernet2/1,1
2026-09-04 04:21:00.0000000,lvl02-0101-0827-03lt0,ethernet21/1,lvl021082703037,nic1.port1,50,2,0,0,lvl02-0101-0827-03lt0:ethernet21/1 -> lvl021082703037:nic1.port1,lvl021082703037:nic1.port1 -> lvl02-0101-0827-03lt0:ethernet21/1,1
2026-09-04 04:21:00.0000000,lvl02-0101-0827-03lt0,ethernet21/1,lvl021082703037,nic1.port1,50,3,0,0,lvl02-0101-0827-03lt0:ethernet21/1 -> lvl021082703037:nic1.port1,lvl021082703037:nic1.port1 -> lvl02-0101-0827-03lt0:ethernet21/1,1
2026-09-04 04:21:00.0000000,lvl02-0101-0827-03lt0,ethernet21/1,lvl021082703037,nic1.port1,50,4,0,0,lvl02-0101-0827-03lt0:ethernet21/1 -> lvl021082703037:nic1.port1,lvl021082703037:nic1.port1 -> lvl02-0101-0827-03lt0:ethernet21/1,1
2026-09-04 04:21:00.0000000,lvl02-0101-0827-03lt0,ethernet21/1,lvl021082703037,nic1.port1,50,6,0,0,lvl02-0101-0827-03lt0:ethernet21/1 -> lvl021082703037:nic1.port1,lvl021082703037:nic1.port1 -> lvl02-0101-0827-03lt0:ethernet21/1,1
2026-09-04 04:21:00.0000000,lvl02-0101-0827-03lt0,ethernet27/1,lvl021082703045,nic1.port1,50,2,0,0,lvl02-0101-0827-03lt0:ethernet27/1 -> lvl021082703045:nic1.port1,lvl021082703045:nic1.port1 -> lvl02-0101-0827-03lt0:ethernet27/1,1
2026-09-04 04:21:00.0000000,lvl02-0101-0827-03lt0,ethernet27/1,lvl021082703045,nic1.port1,50,3,0,2,lvl02-0101-0827-03lt0:ethernet27/1 -> lvl021082703045:nic1.port1,lvl021082703045:nic1.port1 -> lvl02-0101-0827-03lt0:ethernet27/1,1
2026-09-04 04:21:00.0000000,lvl02-0101-0827-03lt0,ethernet27/1,lvl021082703045,nic1.port1,50,4,0,2,lvl02-0101-0827-03lt0:ethernet27/1 -> lvl021082703045:nic1.port1,lvl021082703045:nic1.port1 -> lvl02-0101-0827-03lt0:ethernet27/1,1
2026-09-04 04:21:00.0000000,lvl02-0101-0827-03lt0,ethernet27/1,lvl021082703045,nic1.port1,50,6,0,0,lvl02-0101-0827-03lt0:ethernet27/1 -> lvl021082703045:nic1.port1,lvl021082703045:nic1.port1 -> lvl02-0101-0827-03lt0:ethernet27/1,1
2026-09-04 04:21:00.0000000,lvl02-0101-0827-03lt0,ethernet29/1,lvl021082703049,nic1.port1,50,2,0,0,lvl02-0101-0827-03lt0:ethernet29/1 -> lvl021082703049:nic1.port1,lvl021082703049:nic1.port1 -> lvl02-0101-0827-03lt0:ethernet29/1,1
2026-09-04 04:21:00.0000000,lvl02-0101-0827-03lt0,ethernet29/1,lvl021082703049,nic1.port1,50,3,0,0,lvl02-0101-0827-03lt0:ethernet29/1 -> lvl021082703049:nic1.port1,lvl021082703049:nic1.port1 -> lvl02-0101-0827-03lt0:ethernet29/1,1
2026-09-04 04:21:00.0000000,lvl02-0101-0827-03lt0,ethernet29/1,lvl021082703049,nic1.port1,50,4,0,0,lvl02-0101-0827-03lt0:ethernet29/1 -> lvl021082703049:nic1.port1,lvl021082703049:nic1.port1 -> lvl02-0101-0827-03lt0:ethernet29/1,1
2026-09-04 04:21:00.0000000,lvl02-0101-0827-03lt0,ethernet29/1,lvl021082703049,nic1.port1,50,6,0,0,lvl02-0101-0827-03lt0:ethernet29/1 -> lvl021082703049:nic1.port1,lvl021082703049:nic1.port1 -> lvl02-0101-0827-03lt0:ethernet29/1,1
2026-09-04 04:21:00.0000000,lvl02-0101-0827-03lt0,ethernet31/1,lvl021082703053,nic1.port1,50,2,0,0,lvl02-0101-0827-03lt0:ethernet31/1 -> lvl021082703053:nic1.port1,lvl021082703053:nic1.port1 -> lvl02-0101-0827-03lt0:ethernet31/1,1
2026-09-04 04:21:00.0000000,lvl02-0101-0827-03lt0,ethernet31/1,lvl021082703053,nic1.port1,50,3,0,3474,lvl02-0101-0827-03lt0:ethernet31/1 -> lvl021082703053:nic1.port1,lvl021082703053:nic1.port1 -> lvl02-0101-0827-03lt0:ethernet31/1,1
2026-09-04 04:21:00.0000000,lvl02-0101-0827-03lt0,ethernet31/1,lvl021082703053,nic1.port1,50,4,0,3474,lvl02-0101-0827-03lt0:ethernet31/1 -> lvl021082703053:nic1.port1,lvl021082703053:nic1.port1 -> lvl02-0101-0827-03lt0:ethernet31/1,1
2026-09-04 04:21:00.0000000,lvl02-0101-0827-03lt0,ethernet31/1,lvl021082703053,nic1.port1,50,6,0,0,lvl02-0101-0827-03lt0:ethernet31/1 -> lvl021082703053:nic1.port1,lvl021082703053:nic1.port1 -> lvl02-0101-0827-03lt0:ethernet31/1,1
2026-09-04 04:21:00.0000000,lvl02-0101-0827-03lt0,ethernet4/1,lvl021082703007,nic1.port1,50,2,0,0,lvl02-0101-0827-03lt0:ethernet4/1 -> lvl021082703007:nic1.port1,lvl021082703007:nic1.port1 -> lvl02-0101-0827-03lt0:ethernet4/1,1
2026-09-04 04:21:00.0000000,lvl02-0101-0827-03lt0,ethernet4/1,lvl021082703007,nic1.port1,50,3,0,0,lvl02-0101-0827-03lt0:ethernet4/1 -> lvl021082703007:nic1.port1,lvl021082703007:nic1.port1 -> lvl02-0101-0827-03lt0:ethernet4/1,1
2026-09-04 04:21:00.0000000,lvl02-0101-0827-03lt0,ethernet4/1,lvl021082703007,nic1.port1,50,4,0,0,lvl02-0101-0827-03lt0:ethernet4/1 -> lvl021082703007:nic1.port1,lvl021082703007:nic1.port1 -> lvl02-0101-0827-03lt0:ethernet4/1,1
2026-09-04 04:21:00.0000000,lvl02-0101-0827-03lt0,ethernet4/1,lvl021082703007,nic1.port1,50,6,0,0,lvl02-0101-0827-03lt0:ethernet4/1 -> lvl021082703007:nic1.port1,lvl021082703007:nic1.port1 -> lvl02-0101-0827-03lt0:ethernet4/1,1
2026-09-04 04:23:00.0000000,lvl02-0101-0827-03t0,ethernet12/1,lvl021082703019,nic1.port1,50,2,0,0,lvl02-0101-0827-03t0:ethernet12/1 -> lvl021082703019:nic1.port1,lvl021082703019:nic1.port1 -> lvl02-0101-0827-03t0:ethernet12/1,1
2026-09-04 04:23:00.0000000,lvl02-0101-0827-03t0,ethernet12/1,lvl021082703019,nic1.port1,50,3,0,0,lvl02-0101-0827-03t0:ethernet12/1 -> lvl021082703019:nic1.port1,lvl021082703019:nic1.port1 -> lvl02-0101-0827-03t0:ethernet12/1,1
2026-09-04 04:23:00.0000000,lvl02-0101-0827-03t0,ethernet12/1,lvl021082703019,nic1.port1,50,4,0,0,lvl02-0101-0827-03t0:ethernet12/1 -> lvl021082703019:nic1.port1,lvl021082703019:nic1.port1 -> lvl02-0101-0827-03t0:ethernet12/1,1
2026-09-04 04:23:00.0000000,lvl02-0101-0827-03t0,ethernet12/1,lvl021082703019,nic1.port1,50,6,0,0,lvl02-0101-0827-03t0:ethernet12/1 -> lvl021082703019:nic1.port1,lvl021082703019:nic1.port1 -> lvl02-0101-0827-03t0:ethernet12/1,1
2026-09-04 04:23:00.0000000,lvl02-0101-0827-03t0,ethernet14/1,lvl021082703023,nic1.port1,50,2,0,0,lvl02-0101-0827-03t0:ethernet14/1 -> lvl021082703023:nic1.port1,lvl021082703023:nic1.port1 -> lvl02-0101-0827-03t0:ethernet14/1,1
2026-09-04 04:23:00.0000000,lvl02-0101-0827-03t0,ethernet14/1,lvl021082703023,nic1.port1,50,3,0,0,lvl02-0101-0827-03t0:ethernet14/1 -> lvl021082703023:nic1.port1,lvl021082703023:nic1.port1 -> lvl02-0101-0827-03t0:ethernet14/1,1
2026-09-04 04:23:00.0000000,lvl02-0101-0827-03t0,ethernet14/1,lvl021082703023,nic1.port1,50,4,0,0,lvl02-0101-0827-03t0:ethernet14/1 -> lvl021082703023:nic1.port1,lvl021082703023:nic1.port1 -> lvl02-0101-0827-03t0:ethernet14/1,1
2026-09-04 04:23:00.0000000,lvl02-0101-0827-03t0,ethernet14/1,lvl021082703023,nic1.port1,50,6,0,0,lvl02-0101-0827-03t0:ethernet14/1 -> lvl021082703023:nic1.port1,lvl021082703023:nic1.port1 -> lvl02-0101-0827-03t0:ethernet14/1,1
2026-09-04 04:23:00.0000000,lvl02-0101-0827-03t0,ethernet15/1,lvl021082703025,nic1.port1,50,2,0,0,lvl02-0101-0827-03t0:ethernet15/1 -> lvl021082703025:nic1.port1,lvl021082703025:nic1.port1 -> lvl02-0101-0827-03t0:ethernet15/1,1
2026-09-04 04:23:00.0000000,lvl02-0101-0827-03t0,ethernet15/1,lvl021082703025,nic1.port1,50,3,0,0,lvl02-0101-0827-03t0:ethernet15/1 -> lvl021082703025:nic1.port1,lvl021082703025:nic1.port1 -> lvl02-0101-0827-03t0:ethernet15/1,1
2026-09-04 04:23:00.0000000,lvl02-0101-0827-03t0,ethernet15/1,lvl021082703025,nic1.port1,50,4,0,0,lvl02-0101-0827-03t0:ethernet15/1 -> lvl021082703025:nic1.port1,lvl021082703025:nic1.port1 -> lvl02-0101-0827-03t0:ethernet15/1,1
2026-09-04 04:23:00.0000000,lvl02-0101-0827-03t0,ethernet15/1,lvl021082703025,nic1.port1,50,6,0,0,lvl02-0101-0827-03t0:ethernet15/1 -> lvl021082703025:nic1.port1,lvl021082703025:nic1.port1 -> lvl02-0101-0827-03t0:ethernet15/1,1
2026-09-04 04:23:00.0000000,lvl02-0101-0827-03t0,ethernet18/1,lvl021082703031,nic1.port1,50,2,0,0,lvl02-0101-0827-03t0:ethernet18/1 -> lvl021082703031:nic1.port1,lvl021082703031:nic1.port1 -> lvl02-0101-0827-03t0:ethernet18/1,1
2026-09-04 04:23:00.0000000,lvl02-0101-0827-03t0,ethernet18/1,lvl021082703031,nic1.port1,50,3,0,0,lvl02-0101-0827-03t0:ethernet18/1 -> lvl021082703031:nic1.port1,lvl021082703031:nic1.port1 -> lvl02-0101-0827-03t0:ethernet18/1,1
2026-09-04 04:23:00.0000000,lvl02-0101-0827-03t0,ethernet18/1,lvl021082703031,nic1.port1,50,4,0,0,lvl02-0101-0827-03t0:ethernet18/1 -> lvl021082703031:nic1.port1,lvl021082703031:nic1.port1 -> lvl02-0101-0827-03t0:ethernet18/1,1
2026-09-04 04:23:00.0000000,lvl02-0101-0827-03t0,ethernet18/1,lvl021082703031,nic1.port1,50,6,0,0,lvl02-0101-0827-03t0:ethernet18/1 -> lvl021082703031:nic1.port1,lvl021082703031:nic1.port1 -> lvl02-0101-0827-03t0:ethernet18/1,1
2026-09-04 04:23:00.0000000,lvl02-0101-0827-03t0,ethernet19/1,lvl021082703033,nic1.port1,50,2,0,0,lvl02-0101-0827-03t0:ethernet19/1 -> lvl021082703033:nic1.port1,lvl021082703033:nic1.port1 -> lvl02-0101-0827-03t0:ethernet19/1,1
2026-09-04 04:23:00.0000000,lvl02-0101-0827-03t0,ethernet19/1,lvl021082703033,nic1.port1,50,3,0,0,lvl02-0101-0827-03t0:ethernet19/1 -> lvl021082703033:nic1.port1,lvl021082703033:nic1.port1 -> lvl02-0101-0827-03t0:ethernet19/1,1
2026-09-04 04:23:00.0000000,lvl02-0101-0827-03t0,ethernet19/1,lvl021082703033,nic1.port1,50,4,0,0,lvl02-0101-0827-03t0:ethernet19/1 -> lvl021082703033:nic1.port1,lvl021082703033:nic1.port1 -> lvl02-0101-0827-03t0:ethernet19/1,1
2026-09-04 04:23:00.0000000,lvl02-0101-0827-03t0,ethernet19/1,lvl021082703033,nic1.port1,50,6,0,0,lvl02-0101-0827-03t0:ethernet19/1 -> lvl021082703033:nic1.port1,lvl021082703033:nic1.port1 -> lvl02-0101-0827-03t0:ethernet19/1,1
2026-09-04 04:23:00.0000000,lvl02-0101-0827-03t0,ethernet2/1,lvl021082703003,nic1.port1,50,2,0,0,lvl02-0101-0827-03t0:ethernet2/1 -> lvl021082703003:nic1.port1,lvl021082703003:nic1.port1 -> lvl02-0101-0827-03t0:ethernet2/1,1
2026-09-04 04:23:00.0000000,lvl02-0101-0827-03t0,ethernet2/1,lvl021082703003,nic1.port1,50,3,0,0,lvl02-0101-0827-03t0:ethernet2/1 -> lvl021082703003:nic1.port1,lvl021082703003:nic1.port1 -> lvl02-0101-0827-03t0:ethernet2/1,1
2026-09-04 04:23:00.0000000,lvl02-0101-0827-03t0,ethernet2/1,lvl021082703003,nic1.port1,50,4,0,0,lvl02-0101-0827-03t0:ethernet2/1 -> lvl021082703003:nic1.port1,lvl021082703003:nic1.port1 -> lvl02-0101-0827-03t0:ethernet2/1,1
2026-09-04 04:23:00.0000000,lvl02-0101-0827-03t0,ethernet2/1,lvl021082703003,nic1.port1,50,6,0,0,lvl02-0101-0827-03t0:ethernet2/1 -> lvl021082703003:nic1.port1,lvl021082703003:nic1.port1 -> lvl02-0101-0827-03t0:ethernet2/1,1
2026-09-04 04:23:00.0000000,lvl02-0101-0827-03t0,ethernet21/1,lvl021082703037,nic1.port1,50,2,0,0,lvl02-0101-0827-03t0:ethernet21/1 -> lvl021082703037:nic1.port1,lvl021082703037:nic1.port1 -> lvl02-0101-0827-03t0:ethernet21/1,1
2026-09-04 04:23:00.0000000,lvl02-0101-0827-03t0,ethernet21/1,lvl021082703037,nic1.port1,50,3,0,0,lvl02-0101-0827-03t0:ethernet21/1 -> lvl021082703037:nic1.port1,lvl021082703037:nic1.port1 -> lvl02-0101-0827-03t0:ethernet21/1,1
2026-09-04 04:23:00.0000000,lvl02-0101-0827-03t0,ethernet21/1,lvl021082703037,nic1.port1,50,4,0,0,lvl02-0101-0827-03t0:ethernet21/1 -> lvl021082703037:nic1.port1,lvl021082703037:nic1.port1 -> lvl02-0101-0827-03t0:ethernet21/1,1
2026-09-04 04:23:00.0000000,lvl02-0101-0827-03t0,ethernet21/1,lvl021082703037,nic1.port1,50,6,0,0,lvl02-0101-0827-03t0:ethernet21/1 -> lvl021082703037:nic1.port1,lvl021082703037:nic1.port1 -> lvl02-0101-0827-03t0:ethernet21/1,1
2026-09-04 04:23:00.0000000,lvl02-0101-0827-03t0,ethernet27/1,lvl021082703045,nic1.port1,50,2,0,0,lvl02-0101-0827-03t0:ethernet27/1 -> lvl021082703045:nic1.port1,lvl021082703045:nic1.port1 -> lvl02-0101-0827-03t0:ethernet27/1,1
2026-09-04 04:23:00.0000000,lvl02-0101-0827-03t0,ethernet27/1,lvl021082703045,nic1.port1,50,3,0,0,lvl02-0101-0827-03t0:ethernet27/1 -> lvl021082703045:nic1.port1,lvl021082703045:nic1.port1 -> lvl02-0101-0827-03t0:ethernet27/1,1
2026-09-04 04:23:00.0000000,lvl02-0101-0827-03t0,ethernet27/1,lvl021082703045,nic1.port1,50,4,0,0,lvl02-0101-0827-03t0:ethernet27/1 -> lvl021082703045:nic1.port1,lvl021082703045:nic1.port1 -> lvl02-0101-0827-03t0:ethernet27/1,1
2026-09-04 04:23:00.0000000,lvl02-0101-0827-03t0,ethernet27/1,lvl021082703045,nic1.port1,50,6,0,0,lvl02-0101-0827-03t0:ethernet27/1 -> lvl021082703045:nic1.port1,lvl021082703045:nic1.port1 -> lvl02-0101-0827-03t0:ethernet27/1,1
2026-09-04 04:23:00.0000000,lvl02-0101-0827-03t0,ethernet29/1,lvl021082703049,nic1.port1,50,2,0,0,lvl02-0101-0827-03t0:ethernet29/1 -> lvl021082703049:nic1.port1,lvl021082703049:nic1.port1 -> lvl02-0101-0827-03t0:ethernet29/1,1
2026-09-04 04:23:00.0000000,lvl02-0101-0827-03t0,ethernet29/1,lvl021082703049,nic1.port1,50,3,0,0,lvl02-0101-0827-03t0:ethernet29/1 -> lvl021082703049:nic1.port1,lvl021082703049:nic1.port1 -> lvl02-0101-0827-03t0:ethernet29/1,1
2026-09-04 04:23:00.0000000,lvl02-0101-0827-03t0,ethernet29/1,lvl021082703049,nic1.port1,50,4,0,0,lvl02-0101-0827-03t0:ethernet29/1 -> lvl021082703049:nic1.port1,lvl021082703049:nic1.port1 -> lvl02-0101-0827-03t0:ethernet29/1,1
2026-09-04 04:23:00.0000000,lvl02-0101-0827-03t0,ethernet29/1,lvl021082703049,nic1.port1,50,6,0,0,lvl02-0101-0827-03t0:ethernet29/1 -> lvl021082703049:nic1.port1,lvl021082703049:nic1.port1 -> lvl02-0101-0827-03t0:ethernet29/1,1
2026-09-04 04:23:00.0000000,lvl02-0101-0827-03t0,ethernet31/1,lvl021082703053,nic1.port1,50,2,0,0,lvl02-0101-0827-03t0:ethernet31/1 -> lvl021082703053:nic1.port1,lvl021082703053:nic1.port1 -> lvl02-0101-0827-03t0:ethernet31/1,1
2026-09-04 04:23:00.0000000,lvl02-0101-0827-03t0,ethernet31/1,lvl021082703053,nic1.port1,50,3,0,3552,lvl02-0101-0827-03t0:ethernet31/1 -> lvl021082703053:nic1.port1,lvl021082703053:nic1.port1 -> lvl02-0101-0827-03t0:ethernet31/1,1
2026-09-04 04:23:00.0000000,lvl02-0101-0827-03t0,ethernet31/1,lvl021082703053,nic1.port1,50,4,0,3552,lvl02-0101-0827-03t0:ethernet31/1 -> lvl021082703053:nic1.port1,lvl021082703053:nic1.port1 -> lvl02-0101-0827-03t0:ethernet31/1,1
2026-09-04 04:23:00.0000000,lvl02-0101-0827-03t0,ethernet31/1,lvl021082703053,nic1.port1,50,6,0,0,lvl02-0101-0827-03t0:ethernet31/1 -> lvl021082703053:nic1.port1,lvl021082703053:nic1.port1 -> lvl02-0101-0827-03t0:ethernet31/1,1
2026-09-04 04:23:00.0000000,lvl02-0101-0827-03t0,ethernet4/1,lvl021082703007,nic1.port1,50,2,0,0,lvl02-0101-0827-03t0:ethernet4/1 -> lvl021082703007:nic1.port1,lvl021082703007:nic1.port1 -> lvl02-0101-0827-03t0:ethernet4/1,1
2026-09-04 04:23:00.0000000,lvl02-0101-0827-03t0,ethernet4/1,lvl021082703007,nic1.port1,50,3,0,0,lvl02-0101-0827-03t0:ethernet4/1 -> lvl021082703007:nic1.port1,lvl021082703007:nic1.port1 -> lvl02-0101-0827-03t0:ethernet4/1,1
2026-09-04 04:23:00.0000000,lvl02-0101-0827-03t0,ethernet4/1,lvl021082703007,nic1.port1,50,4,0,0,lvl02-0101-0827-03t0:ethernet4/1 -> lvl021082703007:nic1.port1,lvl021082703007:nic1.port1 -> lvl02-0101-0827-03t0:ethernet4/1,1
2026-09-04 04:23:00.0000000,lvl02-0101-0827-03t0,ethernet4/1,lvl021082703007,nic1.port1,50,6,0,0,lvl02-0101-0827-03t0:ethernet4/1 -> lvl021082703007:nic1.port1,lvl021082703007:nic1.port1 -> lvl02-0101-0827-03t0:ethernet4/1,1
2026-09-04 04:26:00.0000000,lvl02-0101-0827-03lt0,ethernet12/1,lvl021082703019,nic1.port1,50,2,0,0,lvl02-0101-0827-03lt0:ethernet12/1 -> lvl021082703019:nic1.port1,lvl021082703019:nic1.port1 -> lvl02-0101-0827-03lt0:ethernet12/1,1
2026-09-04 04:26:00.0000000,lvl02-0101-0827-03lt0,ethernet12/1,lvl021082703019,nic1.port1,50,3,0,0,lvl02-0101-0827-03lt0:ethernet12/1 -> lvl021082703019:nic1.port1,lvl021082703019:nic1.port1 -> lvl02-0101-0827-03lt0:ethernet12/1,1
2026-09-04 04:26:00.0000000,lvl02-0101-0827-03lt0,ethernet12/1,lvl021082703019,nic1.port1,50,4,0,0,lvl02-0101-0827-03lt0:ethernet12/1 -> lvl021082703019:nic1.port1,lvl021082703019:nic1.port1 -> lvl02-0101-0827-03lt0:ethernet12/1,1
2026-09-04 04:26:00.0000000,lvl02-0101-0827-03lt0,ethernet12/1,lvl021082703019,nic1.port1,50,6,0,0,lvl02-0101-0827-03lt0:ethernet12/1 -> lvl021082703019:nic1.port1,lvl021082703019:nic1.port1 -> lvl02-0101-0827-03lt0:ethernet12/1,1
2026-09-04 04:26:00.0000000,lvl02-0101-0827-03lt0,ethernet14/1,lvl021082703023,nic1.port1,50,2,0,0,lvl02-0101-0827-03lt0:ethernet14/1 -> lvl021082703023:nic1.port1,lvl021082703023:nic1.port1 -> lvl02-0101-0827-03lt0:ethernet14/1,1
2026-09-04 04:26:00.0000000,lvl02-0101-0827-03lt0,ethernet14/1,lvl021082703023,nic1.port1,50,3,0,0,lvl02-0101-0827-03lt0:ethernet14/1 -> lvl021082703023:nic1.port1,lvl021082703023:nic1.port1 -> lvl02-0101-0827-03lt0:ethernet14/1,1
2026-09-04 04:26:00.0000000,lvl02-0101-0827-03lt0,ethernet14/1,lvl021082703023,nic1.port1,50,4,0,0,lvl02-0101-0827-03lt0:ethernet14/1 -> lvl021082703023:nic1.port1,lvl021082703023:nic1.port1 -> lvl02-0101-0827-03lt0:ethernet14/1,1
2026-09-04 04:26:00.0000000,lvl02-0101-0827-03lt0,ethernet14/1,lvl021082703023,nic1.port1,50,6,0,0,lvl02-0101-0827-03lt0:ethernet14/1 -> lvl021082703023:nic1.port1,lvl021082703023:nic1.port1 -> lvl02-0101-0827-03lt0:ethernet14/1,1
2026-09-04 04:26:00.0000000,lvl02-0101-0827-03lt0,ethernet15/1,lvl021082703025,nic1.port1,50,2,0,0,lvl02-0101-0827-03lt0:ethernet15/1 -> lvl021082703025:nic1.port1,lvl021082703025:nic1.port1 -> lvl02-0101-0827-03lt0:ethernet15/1,1
2026-09-04 04:26:00.0000000,lvl02-0101-0827-03lt0,ethernet15/1,lvl021082703025,nic1.port1,50,3,0,0,lvl02-0101-0827-03lt0:ethernet15/1 -> lvl021082703025:nic1.port1,lvl021082703025:nic1.port1 -> lvl02-0101-0827-03lt0:ethernet15/1,1
2026-09-04 04:26:00.0000000,lvl02-0101-0827-03lt0,ethernet15/1,lvl021082703025,nic1.port1,50,4,0,0,lvl02-0101-0827-03lt0:ethernet15/1 -> lvl021082703025:nic1.port1,lvl021082703025:nic1.port1 -> lvl02-0101-0827-03lt0:ethernet15/1,1
2026-09-04 04:26:00.0000000,lvl02-0101-0827-03lt0,ethernet15/1,lvl021082703025,nic1.port1,50,6,0,0,lvl02-0101-0827-03lt0:ethernet15/1 -> lvl021082703025:nic1.port1,lvl021082703025:nic1.port1 -> lvl02-0101-0827-03lt0:ethernet15/1,1
2026-09-04 04:26:00.0000000,lvl02-0101-0827-03lt0,ethernet18/1,lvl021082703031,nic1.port1,50,2,0,0,lvl02-0101-0827-03lt0:ethernet18/1 -> lvl021082703031:nic1.port1,lvl021082703031:nic1.port1 -> lvl02-0101-0827-03lt0:ethernet18/1,1
2026-09-04 04:26:00.0000000,lvl02-0101-0827-03lt0,ethernet18/1,lvl021082703031,nic1.port1,50,3,0,0,lvl02-0101-0827-03lt0:ethernet18/1 -> lvl021082703031:nic1.port1,lvl021082703031:nic1.port1 -> lvl02-0101-0827-03lt0:ethernet18/1,1
2026-09-04 04:26:00.0000000,lvl02-0101-0827-03lt0,ethernet18/1,lvl021082703031,nic1.port1,50,4,0,0,lvl02-0101-0827-03lt0:ethernet18/1 -> lvl021082703031:nic1.port1,lvl021082703031:nic1.port1 -> lvl02-0101-0827-03lt0:ethernet18/1,1
2026-09-04 04:26:00.0000000,lvl02-0101-0827-03lt0,ethernet18/1,lvl021082703031,nic1.port1,50,6,0,0,lvl02-0101-0827-03lt0:ethernet18/1 -> lvl021082703031:nic1.port1,lvl021082703031:nic1.port1 -> lvl02-0101-0827-03lt0:ethernet18/1,1
2026-09-04 04:26:00.0000000,lvl02-0101-0827-03lt0,ethernet19/1,lvl021082703033,nic1.port1,50,2,0,0,lvl02-0101-0827-03lt0:ethernet19/1 -> lvl021082703033:nic1.port1,lvl021082703033:nic1.port1 -> lvl02-0101-0827-03lt0:ethernet19/1,1
2026-09-04 04:26:00.0000000,lvl02-0101-0827-03lt0,ethernet19/1,lvl021082703033,nic1.port1,50,3,0,0,lvl02-0101-0827-03lt0:ethernet19/1 -> lvl021082703033:nic1.port1,lvl021082703033:nic1.port1 -> lvl02-0101-0827-03lt0:ethernet19/1,1
2026-09-04 04:26:00.0000000,lvl02-0101-0827-03lt0,ethernet19/1,lvl021082703033,nic1.port1,50,4,0,0,lvl02-0101-0827-03lt0:ethernet19/1 -> lvl021082703033:nic1.port1,lvl021082703033:nic1.port1 -> lvl02-0101-0827-03lt0:ethernet19/1,1
2026-09-04 04:26:00.0000000,lvl02-0101-0827-03lt0,ethernet19/1,lvl021082703033,nic1.port1,50,6,0,0,lvl02-0101-0827-03lt0:ethernet19/1 -> lvl021082703033:nic1.port1,lvl021082703033:nic1.port1 -> lvl02-0101-0827-03lt0:ethernet19/1,1
2026-09-04 04:26:00.0000000,lvl02-0101-0827-03lt0,ethernet2/1,lvl021082703003,nic1.port1,50,2,0,0,lvl02-0101-0827-03lt0:ethernet2/1 -> lvl021082703003:nic1.port1,lvl021082703003:nic1.port1 -> lvl02-0101-0827-03lt0:ethernet2/1,1
2026-09-04 04:26:00.0000000,lvl02-0101-0827-03lt0,ethernet2/1,lvl021082703003,nic1.port1,50,3,0,0,lvl02-0101-0827-03lt0:ethernet2/1 -> lvl021082703003:nic1.port1,lvl021082703003:nic1.port1 -> lvl02-0101-0827-03lt0:ethernet2/1,1
2026-09-04 04:26:00.0000000,lvl02-0101-0827-03lt0,ethernet2/1,lvl021082703003,nic1.port1,50,4,0,0,lvl02-0101-0827-03lt0:ethernet2/1 -> lvl021082703003:nic1.port1,lvl021082703003:nic1.port1 -> lvl02-0101-0827-03lt0:ethernet2/1,1
2026-09-04 04:26:00.0000000,lvl02-0101-0827-03lt0,ethernet2/1,lvl021082703003,nic1.port1,50,6,0,0,lvl02-0101-0827-03lt0:ethernet2/1 -> lvl021082703003:nic1.port1,lvl021082703003:nic1.port1 -> lvl02-0101-0827-03lt0:ethernet2/1,1
2026-09-04 04:26:00.0000000,lvl02-0101-0827-03lt0,ethernet21/1,lvl021082703037,nic1.port1,50,2,0,0,lvl02-0101-0827-03lt0:ethernet21/1 -> lvl021082703037:nic1.port1,lvl021082703037:nic1.port1 -> lvl02-0101-0827-03lt0:ethernet21/1,1
2026-09-04 04:26:00.0000000,lvl02-0101-0827-03lt0,ethernet21/1,lvl021082703037,nic1.port1,50,3,0,0,lvl02-0101-0827-03lt0:ethernet21/1 -> lvl021082703037:nic1.port1,lvl021082703037:nic1.port1 -> lvl02-0101-0827-03lt0:ethernet21/1,1
2026-09-04 04:26:00.0000000,lvl02-0101-0827-03lt0,ethernet21/1,lvl021082703037,nic1.port1,50,4,0,0,lvl02-0101-0827-03lt0:ethernet21/1 -> lvl021082703037:nic1.port1,lvl021082703037:nic1.port1 -> lvl02-0101-0827-03lt0:ethernet21/1,1
2026-09-04 04:26:00.0000000,lvl02-0101-0827-03lt0,ethernet21/1,lvl021082703037,nic1.port1,50,6,0,0,lvl02-0101-0827-03lt0:ethernet21/1 -> lvl021082703037:nic1.port1,lvl021082703037:nic1.port1 -> lvl02-0101-0827-03lt0:ethernet21/1,1
2026-09-04 04:26:00.0000000,lvl02-0101-0827-03lt0,ethernet27/1,lvl021082703045,nic1.port1,50,2,0,0,lvl02-0101-0827-03lt0:ethernet27/1 -> lvl021082703045:nic1.port1,lvl021082703045:nic1.port1 -> lvl02-0101-0827-03lt0:ethernet27/1,1
2026-09-04 04:26:00.0000000,lvl02-0101-0827-03lt0,ethernet27/1,lvl021082703045,nic1.port1,50,3,0,0,lvl02-0101-0827-03lt0:ethernet27/1 -> lvl021082703045:nic1.port1,lvl021082703045:nic1.port1 -> lvl02-0101-0827-03lt0:ethernet27/1,1
2026-09-04 04:26:00.0000000,lvl02-0101-0827-03lt0,ethernet27/1,lvl021082703045,nic1.port1,50,4,0,0,lvl02-0101-0827-03lt0:ethernet27/1 -> lvl021082703045:nic1.port1,lvl021082703045:nic1.port1 -> lvl02-0101-0827-03lt0:ethernet27/1,1
2026-09-04 04:26:00.0000000,lvl02-0101-0827-03lt0,ethernet27/1,lvl021082703045,nic1.port1,50,6,0,0,lvl02-0101-0827-03lt0:ethernet27/1 -> lvl021082703045:nic1.port1,lvl021082703045:nic1.port1 -> lvl02-0101-0827-03lt0:ethernet27/1,1
2026-09-04 04:26:00.0000000,lvl02-0101-0827-03lt0,ethernet29/1,lvl021082703049,nic1.port1,50,2,0,0,lvl02-0101-0827-03lt0:ethernet29/1 -> lvl021082703049:nic1.port1,lvl021082703049:nic1.port1 -> lvl02-0101-0827-03lt0:ethernet29/1,1
2026-09-04 04:26:00.0000000,lvl02-0101-0827-03lt0,ethernet29/1,lvl021082703049,nic1.port1,50,3,0,0,lvl02-0101-0827-03lt0:ethernet29/1 -> lvl021082703049:nic1.port1,lvl021082703049:nic1.port1 -> lvl02-0101-0827-03lt0:ethernet29/1,1
2026-09-04 04:26:00.0000000,lvl02-0101-0827-03lt0,ethernet29/1,lvl021082703049,nic1.port1,50,4,0,0,lvl02-0101-0827-03lt0:ethernet29/1 -> lvl021082703049:nic1.port1,lvl021082703049:nic1.port1 -> lvl02-0101-0827-03lt0:ethernet29/1,1
2026-09-04 04:26:00.0000000,lvl02-0101-0827-03lt0,ethernet29/1,lvl021082703049,nic1.port1,50,6,0,0,lvl02-0101-0827-03lt0:ethernet29/1 -> lvl021082703049:nic1.port1,lvl021082703049:nic1.port1 -> lvl02-0101-0827-03lt0:ethernet29/1,1
2026-09-04 04:26:00.0000000,lvl02-0101-0827-03lt0,ethernet31/1,lvl021082703053,nic1.port1,50,2,0,0,lvl02-0101-0827-03lt0:ethernet31/1 -> lvl021082703053:nic1.port1,lvl021082703053:nic1.port1 -> lvl02-0101-0827-03lt0:ethernet31/1,1
2026-09-04 04:26:00.0000000,lvl02-0101-0827-03lt0,ethernet31/1,lvl021082703053,nic1.port1,50,3,0,2368,lvl02-0101-0827-03lt0:ethernet31/1 -> lvl021082703053:nic1.port1,lvl021082703053:nic1.port1 -> lvl02-0101-0827-03lt0:ethernet31/1,1
2026-09-04 04:26:00.0000000,lvl02-0101-0827-03lt0,ethernet31/1,lvl021082703053,nic1.port1,50,4,0,2368,lvl02-0101-0827-03lt0:ethernet31/1 -> lvl021082703053:nic1.port1,lvl021082703053:nic1.port1 -> lvl02-0101-0827-03lt0:ethernet31/1,1
2026-09-04 04:26:00.0000000,lvl02-0101-0827-03lt0,ethernet31/1,lvl021082703053,nic1.port1,50,6,0,0,lvl02-0101-0827-03lt0:ethernet31/1 -> lvl021082703053:nic1.port1,lvl021082703053:nic1.port1 -> lvl02-0101-0827-03lt0:ethernet31/1,1
2026-09-04 04:26:00.0000000,lvl02-0101-0827-03lt0,ethernet4/1,lvl021082703007,nic1.port1,50,2,0,0,lvl02-0101-0827-03lt0:ethernet4/1 -> lvl021082703007:nic1.port1,lvl021082703007:nic1.port1 -> lvl02-0101-0827-03lt0:ethernet4/1,1
2026-09-04 04:26:00.0000000,lvl02-0101-0827-03lt0,ethernet4/1,lvl021082703007,nic1.port1,50,3,0,0,lvl02-0101-0827-03lt0:ethernet4/1 -> lvl021082703007:nic1.port1,lvl021082703007:nic1.port1 -> lvl02-0101-0827-03lt0:ethernet4/1,1
2026-09-04 04:26:00.0000000,lvl02-0101-0827-03lt0,ethernet4/1,lvl021082703007,nic1.port1,50,4,0,0,lvl02-0101-0827-03lt0:ethernet4/1 -> lvl021082703007:nic1.port1,lvl021082703007:nic1.port1 -> lvl02-0101-0827-03lt0:ethernet4/1,1
2026-09-04 04:26:00.0000000,lvl02-0101-0827-03lt0,ethernet4/1,lvl021082703007,nic1.port1,50,6,0,0,lvl02-0101-0827-03lt0:ethernet4/1 -> lvl021082703007:nic1.port1,lvl021082703007:nic1.port1 -> lvl02-0101-0827-03lt0:ethernet4/1,1
2026-09-04 04:28:00.0000000,lvl02-0101-0827-03t0,ethernet12/1,lvl021082703019,nic1.port1,50,2,0,0,lvl02-0101-0827-03t0:ethernet12/1 -> lvl021082703019:nic1.port1,lvl021082703019:nic1.port1 -> lvl02-0101-0827-03t0:ethernet12/1,1
2026-09-04 04:28:00.0000000,lvl02-0101-0827-03t0,ethernet12/1,lvl021082703019,nic1.port1,50,3,0,0,lvl02-0101-0827-03t0:ethernet12/1 -> lvl021082703019:nic1.port1,lvl021082703019:nic1.port1 -> lvl02-0101-0827-03t0:ethernet12/1,1
2026-09-04 04:28:00.0000000,lvl02-0101-0827-03t0,ethernet12/1,lvl021082703019,nic1.port1,50,4,0,0,lvl02-0101-0827-03t0:ethernet12/1 -> lvl021082703019:nic1.port1,lvl021082703019:nic1.port1 -> lvl02-0101-0827-03t0:ethernet12/1,1
2026-09-04 04:28:00.0000000,lvl02-0101-0827-03t0,ethernet12/1,lvl021082703019,nic1.port1,50,6,0,0,lvl02-0101-0827-03t0:ethernet12/1 -> lvl021082703019:nic1.port1,lvl021082703019:nic1.port1 -> lvl02-0101-0827-03t0:ethernet12/1,1
2026-09-04 04:28:00.0000000,lvl02-0101-0827-03t0,ethernet14/1,lvl021082703023,nic1.port1,50,2,0,0,lvl02-0101-0827-03t0:ethernet14/1 -> lvl021082703023:nic1.port1,lvl021082703023:nic1.port1 -> lvl02-0101-0827-03t0:ethernet14/1,1
2026-09-04 04:28:00.0000000,lvl02-0101-0827-03t0,ethernet14/1,lvl021082703023,nic1.port1,50,3,0,0,lvl02-0101-0827-03t0:ethernet14/1 -> lvl021082703023:nic1.port1,lvl021082703023:nic1.port1 -> lvl02-0101-0827-03t0:ethernet14/1,1
2026-09-04 04:28:00.0000000,lvl02-0101-0827-03t0,ethernet14/1,lvl021082703023,nic1.port1,50,4,0,0,lvl02-0101-0827-03t0:ethernet14/1 -> lvl021082703023:nic1.port1,lvl021082703023:nic1.port1 -> lvl02-0101-0827-03t0:ethernet14/1,1
2026-09-04 04:28:00.0000000,lvl02-0101-0827-03t0,ethernet14/1,lvl021082703023,nic1.port1,50,6,0,0,lvl02-0101-0827-03t0:ethernet14/1 -> lvl021082703023:nic1.port1,lvl021082703023:nic1.port1 -> lvl02-0101-0827-03t0:ethernet14/1,1
2026-09-04 04:28:00.0000000,lvl02-0101-0827-03t0,ethernet15/1,lvl021082703025,nic1.port1,50,2,0,0,lvl02-0101-0827-03t0:ethernet15/1 -> lvl021082703025:nic1.port1,lvl021082703025:nic1.port1 -> lvl02-0101-0827-03t0:ethernet15/1,1
2026-09-04 04:28:00.0000000,lvl02-0101-0827-03t0,ethernet15/1,lvl021082703025,nic1.port1,50,3,0,0,lvl02-0101-0827-03t0:ethernet15/1 -> lvl021082703025:nic1.port1,lvl021082703025:nic1.port1 -> lvl02-0101-0827-03t0:ethernet15/1,1
2026-09-04 04:28:00.0000000,lvl02-0101-0827-03t0,ethernet15/1,lvl021082703025,nic1.port1,50,4,0,0,lvl02-0101-0827-03t0:ethernet15/1 -> lvl021082703025:nic1.port1,lvl021082703025:nic1.port1 -> lvl02-0101-0827-03t0:ethernet15/1,1
2026-09-04 04:28:00.0000000,lvl02-0101-0827-03t0,ethernet15/1,lvl021082703025,nic1.port1,50,6,0,0,lvl02-0101-0827-03t0:ethernet15/1 -> lvl021082703025:nic1.port1,lvl021082703025:nic1.port1 -> lvl02-0101-0827-03t0:ethernet15/1,1
2026-09-04 04:28:00.0000000,lvl02-0101-0827-03t0,ethernet18/1,lvl021082703031,nic1.port1,50,2,0,0,lvl02-0101-0827-03t0:ethernet18/1 -> lvl021082703031:nic1.port1,lvl021082703031:nic1.port1 -> lvl02-0101-0827-03t0:ethernet18/1,1
2026-09-04 04:28:00.0000000,lvl02-0101-0827-03t0,ethernet18/1,lvl021082703031,nic1.port1,50,3,0,0,lvl02-0101-0827-03t0:ethernet18/1 -> lvl021082703031:nic1.port1,lvl021082703031:nic1.port1 -> lvl02-0101-0827-03t0:ethernet18/1,1
2026-09-04 04:28:00.0000000,lvl02-0101-0827-03t0,ethernet18/1,lvl021082703031,nic1.port1,50,4,0,0,lvl02-0101-0827-03t0:ethernet18/1 -> lvl021082703031:nic1.port1,lvl021082703031:nic1.port1 -> lvl02-0101-0827-03t0:ethernet18/1,1
2026-09-04 04:28:00.0000000,lvl02-0101-0827-03t0,ethernet18/1,lvl021082703031,nic1.port1,50,6,0,0,lvl02-0101-0827-03t0:ethernet18/1 -> lvl021082703031:nic1.port1,lvl021082703031:nic1.port1 -> lvl02-0101-0827-03t0:ethernet18/1,1
2026-09-04 04:28:00.0000000,lvl02-0101-0827-03t0,ethernet19/1,lvl021082703033,nic1.port1,50,2,0,0,lvl02-0101-0827-03t0:ethernet19/1 -> lvl021082703033:nic1.port1,lvl021082703033:nic1.port1 -> lvl02-0101-0827-03t0:ethernet19/1,1
2026-09-04 04:28:00.0000000,lvl02-0101-0827-03t0,ethernet19/1,lvl021082703033,nic1.port1,50,3,0,0,lvl02-0101-0827-03t0:ethernet19/1 -> lvl021082703033:nic1.port1,lvl021082703033:nic1.port1 -> lvl02-0101-0827-03t0:ethernet19/1,1
2026-09-04 04:28:00.0000000,lvl02-0101-0827-03t0,ethernet19/1,lvl021082703033,nic1.port1,50,4,0,0,lvl02-0101-0827-03t0:ethernet19/1 -> lvl021082703033:nic1.port1,lvl021082703033:nic1.port1 -> lvl02-0101-0827-03t0:ethernet19/1,1
2026-09-04 04:28:00.0000000,lvl02-0101-0827-03t0,ethernet19/1,lvl021082703033,nic1.port1,50,6,0,0,lvl02-0101-0827-03t0:ethernet19/1 -> lvl021082703033:nic1.port1,lvl021082703033:nic1.port1 -> lvl02-0101-0827-03t0:ethernet19/1,1
2026-09-04 04:28:00.0000000,lvl02-0101-0827-03t0,ethernet2/1,lvl021082703003,nic1.port1,50,2,0,0,lvl02-0101-0827-03t0:ethernet2/1 -> lvl021082703003:nic1.port1,lvl021082703003:nic1.port1 -> lvl02-0101-0827-03t0:ethernet2/1,1
2026-09-04 04:28:00.0000000,lvl02-0101-0827-03t0,ethernet2/1,lvl021082703003,nic1.port1,50,3,0,0,lvl02-0101-0827-03t0:ethernet2/1 -> lvl021082703003:nic1.port1,lvl021082703003:nic1.port1 -> lvl02-0101-0827-03t0:ethernet2/1,1
2026-09-04 04:28:00.0000000,lvl02-0101-0827-03t0,ethernet2/1,lvl021082703003,nic1.port1,50,4,0,0,lvl02-0101-0827-03t0:ethernet2/1 -> lvl021082703003:nic1.port1,lvl021082703003:nic1.port1 -> lvl02-0101-0827-03t0:ethernet2/1,1
2026-09-04 04:28:00.0000000,lvl02-0101-0827-03t0,ethernet2/1,lvl021082703003,nic1.port1,50,6,0,0,lvl02-0101-0827-03t0:ethernet2/1 -> lvl021082703003:nic1.port1,lvl021082703003:nic1.port1 -> lvl02-0101-0827-03t0:ethernet2/1,1
2026-09-04 04:28:00.0000000,lvl02-0101-0827-03t0,ethernet21/1,lvl021082703037,nic1.port1,50,2,0,0,lvl02-0101-0827-03t0:ethernet21/1 -> lvl021082703037:nic1.port1,lvl021082703037:nic1.port1 -> lvl02-0101-0827-03t0:ethernet21/1,1
2026-09-04 04:28:00.0000000,lvl02-0101-0827-03t0,ethernet21/1,lvl021082703037,nic1.port1,50,3,0,0,lvl02-0101-0827-03t0:ethernet21/1 -> lvl021082703037:nic1.port1,lvl021082703037:nic1.port1 -> lvl02-0101-0827-03t0:ethernet21/1,1
2026-09-04 04:28:00.0000000,lvl02-0101-0827-03t0,ethernet21/1,lvl021082703037,nic1.port1,50,4,0,0,lvl02-0101-0827-03t0:ethernet21/1 -> lvl021082703037:nic1.port1,lvl021082703037:nic1.port1 -> lvl02-0101-0827-03t0:ethernet21/1,1
2026-09-04 04:28:00.0000000,lvl02-0101-0827-03t0,ethernet21/1,lvl021082703037,nic1.port1,50,6,0,0,lvl02-0101-0827-03t0:ethernet21/1 -> lvl021082703037:nic1.port1,lvl021082703037:nic1.port1 -> lvl02-0101-0827-03t0:ethernet21/1,1
2026-09-04 04:28:00.0000000,lvl02-0101-0827-03t0,ethernet27/1,lvl021082703045,nic1.port1,50,2,0,0,lvl02-0101-0827-03t0:ethernet27/1 -> lvl021082703045:nic1.port1,lvl021082703045:nic1.port1 -> lvl02-0101-0827-03t0:ethernet27/1,1
2026-09-04 04:28:00.0000000,lvl02-0101-0827-03t0,ethernet27/1,lvl021082703045,nic1.port1,50,3,0,0,lvl02-0101-0827-03t0:ethernet27/1 -> lvl021082703045:nic1.port1,lvl021082703045:nic1.port1 -> lvl02-0101-0827-03t0:ethernet27/1,1
2026-09-04 04:28:00.0000000,lvl02-0101-0827-03t0,ethernet27/1,lvl021082703045,nic1.port1,50,4,0,0,lvl02-0101-0827-03t0:ethernet27/1 -> lvl021082703045:nic1.port1,lvl021082703045:nic1.port1 -> lvl02-0101-0827-03t0:ethernet27/1,1
2026-09-04 04:28:00.0000000,lvl02-0101-0827-03t0,ethernet27/1,lvl021082703045,nic1.port1,50,6,0,0,lvl02-0101-0827-03t0:ethernet27/1 -> lvl021082703045:nic1.port1,lvl021082703045:nic1.port1 -> lvl02-0101-0827-03t0:ethernet27/1,1
2026-09-04 04:28:00.0000000,lvl02-0101-0827-03t0,ethernet29/1,lvl021082703049,nic1.port1,50,2,0,0,lvl02-0101-0827-03t0:ethernet29/1 -> lvl021082703049:nic1.port1,lvl021082703049:nic1.port1 -> lvl02-0101-0827-03t0:ethernet29/1,1
2026-09-04 04:28:00.0000000,lvl02-0101-0827-03t0,ethernet29/1,lvl021082703049,nic1.port1,50,3,0,0,lvl02-0101-0827-03t0:ethernet29/1 -> lvl021082703049:nic1.port1,lvl021082703049:nic1.port1 -> lvl02-0101-0827-03t0:ethernet29/1,1
2026-09-04 04:28:00.0000000,lvl02-0101-0827-03t0,ethernet29/1,lvl021082703049,nic1.port1,50,4,0,0,lvl02-0101-0827-03t0:ethernet29/1 -> lvl021082703049:nic1.port1,lvl021082703049:nic1.port1 -> lvl02-0101-0827-03t0:ethernet29/1,1
2026-09-04 04:28:00.0000000,lvl02-0101-0827-03t0,ethernet29/1,lvl021082703049,nic1.port1,50,6,0,0,lvl02-0101-0827-03t0:ethernet29/1 -> lvl021082703049:nic1.port1,lvl021082703049:nic1.port1 -> lvl02-0101-0827-03t0:ethernet29/1,1
2026-09-04 04:28:00.0000000,lvl02-0101-0827-03t0,ethernet31/1,lvl021082703053,nic1.port1,50,2,0,0,lvl02-0101-0827-03t0:ethernet31/1 -> lvl021082703053:nic1.port1,lvl021082703053:nic1.port1 -> lvl02-0101-0827-03t0:ethernet31/1,1
2026-09-04 04:28:00.0000000,lvl02-0101-0827-03t0,ethernet31/1,lvl021082703053,nic1.port1,50,3,0,3195,lvl02-0101-0827-03t0:ethernet31/1 -> lvl021082703053:nic1.port1,lvl021082703053:nic1.port1 -> lvl02-0101-0827-03t0:ethernet31/1,1
2026-09-04 04:28:00.0000000,lvl02-0101-0827-03t0,ethernet31/1,lvl021082703053,nic1.port1,50,4,0,3195,lvl02-0101-0827-03t0:ethernet31/1 -> lvl021082703053:nic1.port1,lvl021082703053:nic1.port1 -> lvl02-0101-0827-03t0:ethernet31/1,1
2026-09-04 04:28:00.0000000,lvl02-0101-0827-03t0,ethernet31/1,lvl021082703053,nic1.port1,50,6,0,0,lvl02-0101-0827-03t0:ethernet31/1 -> lvl021082703053:nic1.port1,lvl021082703053:nic1.port1 -> lvl02-0101-0827-03t0:ethernet31/1,1
2026-09-04 04:28:00.0000000,lvl02-0101-0827-03t0,ethernet4/1,lvl021082703007,nic1.port1,50,2,0,0,lvl02-0101-0827-03t0:ethernet4/1 -> lvl021082703007:nic1.port1,lvl021082703007:nic1.port1 -> lvl02-0101-0827-03t0:ethernet4/1,1
2026-09-04 04:28:00.0000000,lvl02-0101-0827-03t0,ethernet4/1,lvl021082703007,nic1.port1,50,3,0,0,lvl02-0101-0827-03t0:ethernet4/1 -> lvl021082703007:nic1.port1,lvl021082703007:nic1.port1 -> lvl02-0101-0827-03t0:ethernet4/1,1
2026-09-04 04:28:00.0000000,lvl02-0101-0827-03t0,ethernet4/1,lvl021082703007,nic1.port1,50,4,0,0,lvl02-0101-0827-03t0:ethernet4/1 -> lvl021082703007:nic1.port1,lvl021082703007:nic1.port1 -> lvl02-0101-0827-03t0:ethernet4/1,1
2026-09-04 04:28:00.0000000,lvl02-0101-0827-03t0,ethernet4/1,lvl021082703007,nic1.port1,50,6,0,0,lvl02-0101-0827-03t0:ethernet4/1 -> lvl021082703007:nic1.port1,lvl021082703007:nic1.port1 -> lvl02-0101-0827-03t0:ethernet4/1,1
2026-09-04 04:31:00.0000000,lvl02-0101-0827-03lt0,ethernet12/1,lvl021082703019,nic1.port1,50,2,0,0,lvl02-0101-0827-03lt0:ethernet12/1 -> lvl021082703019:nic1.port1,lvl021082703019:nic1.port1 -> lvl02-0101-0827-03lt0:ethernet12/1,1
2026-09-04 04:31:00.0000000,lvl02-0101-0827-03lt0,ethernet12/1,lvl021082703019,nic1.port1,50,3,0,0,lvl02-0101-0827-03lt0:ethernet12/1 -> lvl021082703019:nic1.port1,lvl021082703019:nic1.port1 -> lvl02-0101-0827-03lt0:ethernet12/1,1
2026-09-04 04:31:00.0000000,lvl02-0101-0827-03lt0,ethernet12/1,lvl021082703019,nic1.port1,50,4,0,0,lvl02-0101-0827-03lt0:ethernet12/1 -> lvl021082703019:nic1.port1,lvl021082703019:nic1.port1 -> lvl02-0101-0827-03lt0:ethernet12/1,1
2026-09-04 04:31:00.0000000,lvl02-0101-0827-03lt0,ethernet12/1,lvl021082703019,nic1.port1,50,6,0,0,lvl02-0101-0827-03lt0:ethernet12/1 -> lvl021082703019:nic1.port1,lvl021082703019:nic1.port1 -> lvl02-0101-0827-03lt0:ethernet12/1,1
2026-09-04 04:31:00.0000000,lvl02-0101-0827-03lt0,ethernet14/1,lvl021082703023,nic1.port1,50,2,0,0,lvl02-0101-0827-03lt0:ethernet14/1 -> lvl021082703023:nic1.port1,lvl021082703023:nic1.port1 -> lvl02-0101-0827-03lt0:ethernet14/1,1
2026-09-04 04:31:00.0000000,lvl02-0101-0827-03lt0,ethernet14/1,lvl021082703023,nic1.port1,50,3,0,43,lvl02-0101-0827-03lt0:ethernet14/1 -> lvl021082703023:nic1.port1,lvl021082703023:nic1.port1 -> lvl02-0101-0827-03lt0:ethernet14/1,1
2026-09-04 04:31:00.0000000,lvl02-0101-0827-03lt0,ethernet14/1,lvl021082703023,nic1.port1,50,4,0,43,lvl02-0101-0827-03lt0:ethernet14/1 -> lvl021082703023:nic1.port1,lvl021082703023:nic1.port1 -> lvl02-0101-0827-03lt0:ethernet14/1,1
2026-09-04 04:31:00.0000000,lvl02-0101-0827-03lt0,ethernet14/1,lvl021082703023,nic1.port1,50,6,0,0,lvl02-0101-0827-03lt0:ethernet14/1 -> lvl021082703023:nic1.port1,lvl021082703023:nic1.port1 -> lvl02-0101-0827-03lt0:ethernet14/1,1
2026-09-04 04:31:00.0000000,lvl02-0101-0827-03lt0,ethernet15/1,lvl021082703025,nic1.port1,50,2,0,0,lvl02-0101-0827-03lt0:ethernet15/1 -> lvl021082703025:nic1.port1,lvl021082703025:nic1.port1 -> lvl02-0101-0827-03lt0:ethernet15/1,1
2026-09-04 04:31:00.0000000,lvl02-0101-0827-03lt0,ethernet15/1,lvl021082703025,nic1.port1,50,3,0,0,lvl02-0101-0827-03lt0:ethernet15/1 -> lvl021082703025:nic1.port1,lvl021082703025:nic1.port1 -> lvl02-0101-0827-03lt0:ethernet15/1,1
2026-09-04 04:31:00.0000000,lvl02-0101-0827-03lt0,ethernet15/1,lvl021082703025,nic1.port1,50,4,0,0,lvl02-0101-0827-03lt0:ethernet15/1 -> lvl021082703025:nic1.port1,lvl021082703025:nic1.port1 -> lvl02-0101-0827-03lt0:ethernet15/1,1
2026-09-04 04:31:00.0000000,lvl02-0101-0827-03lt0,ethernet15/1,lvl021082703025,nic1.port1,50,6,0,0,lvl02-0101-0827-03lt0:ethernet15/1 -> lvl021082703025:nic1.port1,lvl021082703025:nic1.port1 -> lvl02-0101-0827-03lt0:ethernet15/1,1
2026-09-04 04:31:00.0000000,lvl02-0101-0827-03lt0,ethernet18/1,lvl021082703031,nic1.port1,50,2,0,0,lvl02-0101-0827-03lt0:ethernet18/1 -> lvl021082703031:nic1.port1,lvl021082703031:nic1.port1 -> lvl02-0101-0827-03lt0:ethernet18/1,1
2026-09-04 04:31:00.0000000,lvl02-0101-0827-03lt0,ethernet18/1,lvl021082703031,nic1.port1,50,3,0,0,lvl02-0101-0827-03lt0:ethernet18/1 -> lvl021082703031:nic1.port1,lvl021082703031:nic1.port1 -> lvl02-0101-0827-03lt0:ethernet18/1,1
2026-09-04 04:31:00.0000000,lvl02-0101-0827-03lt0,ethernet18/1,lvl021082703031,nic1.port1,50,4,0,0,lvl02-0101-0827-03lt0:ethernet18/1 -> lvl021082703031:nic1.port1,lvl021082703031:nic1.port1 -> lvl02-0101-0827-03lt0:ethernet18/1,1
2026-09-04 04:31:00.0000000,lvl02-0101-0827-03lt0,ethernet18/1,lvl021082703031,nic1.port1,50,6,0,0,lvl02-0101-0827-03lt0:ethernet18/1 -> lvl021082703031:nic1.port1,lvl021082703031:nic1.port1 -> lvl02-0101-0827-03lt0:ethernet18/1,1
2026-09-04 04:31:00.0000000,lvl02-0101-0827-03lt0,ethernet19/1,lvl021082703033,nic1.port1,50,2,0,0,lvl02-0101-0827-03lt0:ethernet19/1 -> lvl021082703033:nic1.port1,lvl021082703033:nic1.port1 -> lvl02-0101-0827-03lt0:ethernet19/1,1
2026-09-04 04:31:00.0000000,lvl02-0101-0827-03lt0,ethernet19/1,lvl021082703033,nic1.port1,50,3,0,0,lvl02-0101-0827-03lt0:ethernet19/1 -> lvl021082703033:nic1.port1,lvl021082703033:nic1.port1 -> lvl02-0101-0827-03lt0:ethernet19/1,1
2026-09-04 04:31:00.0000000,lvl02-0101-0827-03lt0,ethernet19/1,lvl021082703033,nic1.port1,50,4,0,0,lvl02-0101-0827-03lt0:ethernet19/1 -> lvl021082703033:nic1.port1,lvl021082703033:nic1.port1 -> lvl02-0101-0827-03lt0:ethernet19/1,1
2026-09-04 04:31:00.0000000,lvl02-0101-0827-03lt0,ethernet19/1,lvl021082703033,nic1.port1,50,6,0,0,lvl02-0101-0827-03lt0:ethernet19/1 -> lvl021082703033:nic1.port1,lvl021082703033:nic1.port1 -> lvl02-0101-0827-03lt0:ethernet19/1,1
2026-09-04 04:31:00.0000000,lvl02-0101-0827-03lt0,ethernet2/1,lvl021082703003,nic1.port1,50,2,0,0,lvl02-0101-0827-03lt0:ethernet2/1 -> lvl021082703003:nic1.port1,lvl021082703003:nic1.port1 -> lvl02-0101-0827-03lt0:ethernet2/1,1
2026-09-04 04:31:00.0000000,lvl02-0101-0827-03lt0,ethernet2/1,lvl021082703003,nic1.port1,50,3,0,0,lvl02-0101-0827-03lt0:ethernet2/1 -> lvl021082703003:nic1.port1,lvl021082703003:nic1.port1 -> lvl02-0101-0827-03lt0:ethernet2/1,1
2026-09-04 04:31:00.0000000,lvl02-0101-0827-03lt0,ethernet2/1,lvl021082703003,nic1.port1,50,4,0,0,lvl02-0101-0827-03lt0:ethernet2/1 -> lvl021082703003:nic1.port1,lvl021082703003:nic1.port1 -> lvl02-0101-0827-03lt0:ethernet2/1,1
2026-09-04 04:31:00.0000000,lvl02-0101-0827-03lt0,ethernet2/1,lvl021082703003,nic1.port1,50,6,0,0,lvl02-0101-0827-03lt0:ethernet2/1 -> lvl021082703003:nic1.port1,lvl021082703003:nic1.port1 -> lvl02-0101-0827-03lt0:ethernet2/1,1
2026-09-04 04:31:00.0000000,lvl02-0101-0827-03lt0,ethernet21/1,lvl021082703037,nic1.port1,50,2,0,0,lvl02-0101-0827-03lt0:ethernet21/1 -> lvl021082703037:nic1.port1,lvl021082703037:nic1.port1 -> lvl02-0101-0827-03lt0:ethernet21/1,1
2026-09-04 04:31:00.0000000,lvl02-0101-0827-03lt0,ethernet21/1,lvl021082703037,nic1.port1,50,3,0,0,lvl02-0101-0827-03lt0:ethernet21/1 -> lvl021082703037:nic1.port1,lvl021082703037:nic1.port1 -> lvl02-0101-0827-03lt0:ethernet21/1,1
2026-09-04 04:31:00.0000000,lvl02-0101-0827-03lt0,ethernet21/1,lvl021082703037,nic1.port1,50,4,0,0,lvl02-0101-0827-03lt0:ethernet21/1 -> lvl021082703037:nic1.port1,lvl021082703037:nic1.port1 -> lvl02-0101-0827-03lt0:ethernet21/1,1
2026-09-04 04:31:00.0000000,lvl02-0101-0827-03lt0,ethernet21/1,lvl021082703037,nic1.port1,50,6,0,0,lvl02-0101-0827-03lt0:ethernet21/1 -> lvl021082703037:nic1.port1,lvl021082703037:nic1.port1 -> lvl02-0101-0827-03lt0:ethernet21/1,1
2026-09-04 04:31:00.0000000,lvl02-0101-0827-03lt0,ethernet27/1,lvl021082703045,nic1.port1,50,2,0,0,lvl02-0101-0827-03lt0:ethernet27/1 -> lvl021082703045:nic1.port1,lvl021082703045:nic1.port1 -> lvl02-0101-0827-03lt0:ethernet27/1,1
2026-09-04 04:31:00.0000000,lvl02-0101-0827-03lt0,ethernet27/1,lvl021082703045,nic1.port1,50,3,0,0,lvl02-0101-0827-03lt0:ethernet27/1 -> lvl021082703045:nic1.port1,lvl021082703045:nic1.port1 -> lvl02-0101-0827-03lt0:ethernet27/1,1
2026-09-04 04:31:00.0000000,lvl02-0101-0827-03lt0,ethernet27/1,lvl021082703045,nic1.port1,50,4,0,0,lvl02-0101-0827-03lt0:ethernet27/1 -> lvl021082703045:nic1.port1,lvl021082703045:nic1.port1 -> lvl02-0101-0827-03lt0:ethernet27/1,1
2026-09-04 04:31:00.0000000,lvl02-0101-0827-03lt0,ethernet27/1,lvl021082703045,nic1.port1,50,6,0,0,lvl02-0101-0827-03lt0:ethernet27/1 -> lvl021082703045:nic1.port1,lvl021082703045:nic1.port1 -> lvl02-0101-0827-03lt0:ethernet27/1,1
2026-09-04 04:31:00.0000000,lvl02-0101-0827-03lt0,ethernet29/1,lvl021082703049,nic1.port1,50,2,0,0,lvl02-0101-0827-03lt0:ethernet29/1 -> lvl021082703049:nic1.port1,lvl021082703049:nic1.port1 -> lvl02-0101-0827-03lt0:ethernet29/1,1
2026-09-04 04:31:00.0000000,lvl02-0101-0827-03lt0,ethernet29/1,lvl021082703049,nic1.port1,50,3,0,0,lvl02-0101-0827-03lt0:ethernet29/1 -> lvl021082703049:nic1.port1,lvl021082703049:nic1.port1 -> lvl02-0101-0827-03lt0:ethernet29/1,1
2026-09-04 04:31:00.0000000,lvl02-0101-0827-03lt0,ethernet29/1,lvl021082703049,nic1.port1,50,4,0,0,lvl02-0101-0827-03lt0:ethernet29/1 -> lvl021082703049:nic1.port1,lvl021082703049:nic1.port1 -> lvl02-0101-0827-03lt0:ethernet29/1,1
2026-09-04 04:31:00.0000000,lvl02-0101-0827-03lt0,ethernet29/1,lvl021082703049,nic1.port1,50,6,0,0,lvl02-0101-0827-03lt0:ethernet29/1 -> lvl021082703049:nic1.port1,lvl021082703049:nic1.port1 -> lvl02-0101-0827-03lt0:ethernet29/1,1
2026-09-04 04:31:00.0000000,lvl02-0101-0827-03lt0,ethernet31/1,lvl021082703053,nic1.port1,50,2,0,0,lvl02-0101-0827-03lt0:ethernet31/1 -> lvl021082703053:nic1.port1,lvl021082703053:nic1.port1 -> lvl02-0101-0827-03lt0:ethernet31/1,1
2026-09-04 04:31:00.0000000,lvl02-0101-0827-03lt0,ethernet31/1,lvl021082703053,nic1.port1,50,3,0,9799,lvl02-0101-0827-03lt0:ethernet31/1 -> lvl021082703053:nic1.port1,lvl021082703053:nic1.port1 -> lvl02-0101-0827-03lt0:ethernet31/1,1
2026-09-04 04:31:00.0000000,lvl02-0101-0827-03lt0,ethernet31/1,lvl021082703053,nic1.port1,50,4,0,9799,lvl02-0101-0827-03lt0:ethernet31/1 -> lvl021082703053:nic1.port1,lvl021082703053:nic1.port1 -> lvl02-0101-0827-03lt0:ethernet31/1,1
2026-09-04 04:31:00.0000000,lvl02-0101-0827-03lt0,ethernet31/1,lvl021082703053,nic1.port1,50,6,0,0,lvl02-0101-0827-03lt0:ethernet31/1 -> lvl021082703053:nic1.port1,lvl021082703053:nic1.port1 -> lvl02-0101-0827-03lt0:ethernet31/1,1
2026-09-04 04:31:00.0000000,lvl02-0101-0827-03lt0,ethernet4/1,lvl021082703007,nic1.port1,50,2,0,0,lvl02-0101-0827-03lt0:ethernet4/1 -> lvl021082703007:nic1.port1,lvl021082703007:nic1.port1 -> lvl02-0101-0827-03lt0:ethernet4/1,1
2026-09-04 04:31:00.0000000,lvl02-0101-0827-03lt0,ethernet4/1,lvl021082703007,nic1.port1,50,3,0,0,lvl02-0101-0827-03lt0:ethernet4/1 -> lvl021082703007:nic1.port1,lvl021082703007:nic1.port1 -> lvl02-0101-0827-03lt0:ethernet4/1,1
2026-09-04 04:31:00.0000000,lvl02-0101-0827-03lt0,ethernet4/1,lvl021082703007,nic1.port1,50,4,0,0,lvl02-0101-0827-03lt0:ethernet4/1 -> lvl021082703007:nic1.port1,lvl021082703007:nic1.port1 -> lvl02-0101-0827-03lt0:ethernet4/1,1
2026-09-04 04:31:00.0000000,lvl02-0101-0827-03lt0,ethernet4/1,lvl021082703007,nic1.port1,50,6,0,0,lvl02-0101-0827-03lt0:ethernet4/1 -> lvl021082703007:nic1.port1,lvl021082703007:nic1.port1 -> lvl02-0101-0827-03lt0:ethernet4/1,1
2026-09-04 04:33:00.0000000,lvl02-0101-0827-03t0,ethernet12/1,lvl021082703019,nic1.port1,50,2,0,0,lvl02-0101-0827-03t0:ethernet12/1 -> lvl021082703019:nic1.port1,lvl021082703019:nic1.port1 -> lvl02-0101-0827-03t0:ethernet12/1,1
2026-09-04 04:33:00.0000000,lvl02-0101-0827-03t0,ethernet12/1,lvl021082703019,nic1.port1,50,3,0,0,lvl02-0101-0827-03t0:ethernet12/1 -> lvl021082703019:nic1.port1,lvl021082703019:nic1.port1 -> lvl02-0101-0827-03t0:ethernet12/1,1
2026-09-04 04:33:00.0000000,lvl02-0101-0827-03t0,ethernet12/1,lvl021082703019,nic1.port1,50,4,0,0,lvl02-0101-0827-03t0:ethernet12/1 -> lvl021082703019:nic1.port1,lvl021082703019:nic1.port1 -> lvl02-0101-0827-03t0:ethernet12/1,1
2026-09-04 04:33:00.0000000,lvl02-0101-0827-03t0,ethernet12/1,lvl021082703019,nic1.port1,50,6,0,0,lvl02-0101-0827-03t0:ethernet12/1 -> lvl021082703019:nic1.port1,lvl021082703019:nic1.port1 -> lvl02-0101-0827-03t0:ethernet12/1,1
2026-09-04 04:33:00.0000000,lvl02-0101-0827-03t0,ethernet14/1,lvl021082703023,nic1.port1,50,2,0,0,lvl02-0101-0827-03t0:ethernet14/1 -> lvl021082703023:nic1.port1,lvl021082703023:nic1.port1 -> lvl02-0101-0827-03t0:ethernet14/1,1
2026-09-04 04:33:00.0000000,lvl02-0101-0827-03t0,ethernet14/1,lvl021082703023,nic1.port1,50,3,0,43,lvl02-0101-0827-03t0:ethernet14/1 -> lvl021082703023:nic1.port1,lvl021082703023:nic1.port1 -> lvl02-0101-0827-03t0:ethernet14/1,1
2026-09-04 04:33:00.0000000,lvl02-0101-0827-03t0,ethernet14/1,lvl021082703023,nic1.port1,50,4,0,43,lvl02-0101-0827-03t0:ethernet14/1 -> lvl021082703023:nic1.port1,lvl021082703023:nic1.port1 -> lvl02-0101-0827-03t0:ethernet14/1,1
2026-09-04 04:33:00.0000000,lvl02-0101-0827-03t0,ethernet14/1,lvl021082703023,nic1.port1,50,6,0,0,lvl02-0101-0827-03t0:ethernet14/1 -> lvl021082703023:nic1.port1,lvl021082703023:nic1.port1 -> lvl02-0101-0827-03t0:ethernet14/1,1
2026-09-04 04:33:00.0000000,lvl02-0101-0827-03t0,ethernet15/1,lvl021082703025,nic1.port1,50,2,0,0,lvl02-0101-0827-03t0:ethernet15/1 -> lvl021082703025:nic1.port1,lvl021082703025:nic1.port1 -> lvl02-0101-0827-03t0:ethernet15/1,1
2026-09-04 04:33:00.0000000,lvl02-0101-0827-03t0,ethernet15/1,lvl021082703025,nic1.port1,50,3,0,0,lvl02-0101-0827-03t0:ethernet15/1 -> lvl021082703025:nic1.port1,lvl021082703025:nic1.port1 -> lvl02-0101-0827-03t0:ethernet15/1,1
2026-09-04 04:33:00.0000000,lvl02-0101-0827-03t0,ethernet15/1,lvl021082703025,nic1.port1,50,4,0,0,lvl02-0101-0827-03t0:ethernet15/1 -> lvl021082703025:nic1.port1,lvl021082703025:nic1.port1 -> lvl02-0101-0827-03t0:ethernet15/1,1
2026-09-04 04:33:00.0000000,lvl02-0101-0827-03t0,ethernet15/1,lvl021082703025,nic1.port1,50,6,0,0,lvl02-0101-0827-03t0:ethernet15/1 -> lvl021082703025:nic1.port1,lvl021082703025:nic1.port1 -> lvl02-0101-0827-03t0:ethernet15/1,1
2026-09-04 04:33:00.0000000,lvl02-0101-0827-03t0,ethernet18/1,lvl021082703031,nic1.port1,50,2,0,0,lvl02-0101-0827-03t0:ethernet18/1 -> lvl021082703031:nic1.port1,lvl021082703031:nic1.port1 -> lvl02-0101-0827-03t0:ethernet18/1,1
2026-09-04 04:33:00.0000000,lvl02-0101-0827-03t0,ethernet18/1,lvl021082703031,nic1.port1,50,3,0,0,lvl02-0101-0827-03t0:ethernet18/1 -> lvl021082703031:nic1.port1,lvl021082703031:nic1.port1 -> lvl02-0101-0827-03t0:ethernet18/1,1
2026-09-04 04:33:00.0000000,lvl02-0101-0827-03t0,ethernet18/1,lvl021082703031,nic1.port1,50,4,0,0,lvl02-0101-0827-03t0:ethernet18/1 -> lvl021082703031:nic1.port1,lvl021082703031:nic1.port1 -> lvl02-0101-0827-03t0:ethernet18/1,1
2026-09-04 04:33:00.0000000,lvl02-0101-0827-03t0,ethernet18/1,lvl021082703031,nic1.port1,50,6,0,0,lvl02-0101-0827-03t0:ethernet18/1 -> lvl021082703031:nic1.port1,lvl021082703031:nic1.port1 -> lvl02-0101-0827-03t0:ethernet18/1,1
2026-09-04 04:33:00.0000000,lvl02-0101-0827-03t0,ethernet19/1,lvl021082703033,nic1.port1,50,2,0,0,lvl02-0101-0827-03t0:ethernet19/1 -> lvl021082703033:nic1.port1,lvl021082703033:nic1.port1 -> lvl02-0101-0827-03t0:ethernet19/1,1
2026-09-04 04:33:00.0000000,lvl02-0101-0827-03t0,ethernet19/1,lvl021082703033,nic1.port1,50,3,0,0,lvl02-0101-0827-03t0:ethernet19/1 -> lvl021082703033:nic1.port1,lvl021082703033:nic1.port1 -> lvl02-0101-0827-03t0:ethernet19/1,1
2026-09-04 04:33:00.0000000,lvl02-0101-0827-03t0,ethernet19/1,lvl021082703033,nic1.port1,50,4,0,0,lvl02-0101-0827-03t0:ethernet19/1 -> lvl021082703033:nic1.port1,lvl021082703033:nic1.port1 -> lvl02-0101-0827-03t0:ethernet19/1,1
2026-09-04 04:33:00.0000000,lvl02-0101-0827-03t0,ethernet19/1,lvl021082703033,nic1.port1,50,6,0,0,lvl02-0101-0827-03t0:ethernet19/1 -> lvl021082703033:nic1.port1,lvl021082703033:nic1.port1 -> lvl02-0101-0827-03t0:ethernet19/1,1
2026-09-04 04:33:00.0000000,lvl02-0101-0827-03t0,ethernet2/1,lvl021082703003,nic1.port1,50,2,0,0,lvl02-0101-0827-03t0:ethernet2/1 -> lvl021082703003:nic1.port1,lvl021082703003:nic1.port1 -> lvl02-0101-0827-03t0:ethernet2/1,1
2026-09-04 04:33:00.0000000,lvl02-0101-0827-03t0,ethernet2/1,lvl021082703003,nic1.port1,50,3,0,0,lvl02-0101-0827-03t0:ethernet2/1 -> lvl021082703003:nic1.port1,lvl021082703003:nic1.port1 -> lvl02-0101-0827-03t0:ethernet2/1,1
2026-09-04 04:33:00.0000000,lvl02-0101-0827-03t0,ethernet2/1,lvl021082703003,nic1.port1,50,4,0,0,lvl02-0101-0827-03t0:ethernet2/1 -> lvl021082703003:nic1.port1,lvl021082703003:nic1.port1 -> lvl02-0101-0827-03t0:ethernet2/1,1
2026-09-04 04:33:00.0000000,lvl02-0101-0827-03t0,ethernet2/1,lvl021082703003,nic1.port1,50,6,0,0,lvl02-0101-0827-03t0:ethernet2/1 -> lvl021082703003:nic1.port1,lvl021082703003:nic1.port1 -> lvl02-0101-0827-03t0:ethernet2/1,1
2026-09-04 04:33:00.0000000,lvl02-0101-0827-03t0,ethernet21/1,lvl021082703037,nic1.port1,50,2,0,0,lvl02-0101-0827-03t0:ethernet21/1 -> lvl021082703037:nic1.port1,lvl021082703037:nic1.port1 -> lvl02-0101-0827-03t0:ethernet21/1,1
2026-09-04 04:33:00.0000000,lvl02-0101-0827-03t0,ethernet21/1,lvl021082703037,nic1.port1,50,3,0,0,lvl02-0101-0827-03t0:ethernet21/1 -> lvl021082703037:nic1.port1,lvl021082703037:nic1.port1 -> lvl02-0101-0827-03t0:ethernet21/1,1
2026-09-04 04:33:00.0000000,lvl02-0101-0827-03t0,ethernet21/1,lvl021082703037,nic1.port1,50,4,0,0,lvl02-0101-0827-03t0:ethernet21/1 -> lvl021082703037:nic1.port1,lvl021082703037:nic1.port1 -> lvl02-0101-0827-03t0:ethernet21/1,1
2026-09-04 04:33:00.0000000,lvl02-0101-0827-03t0,ethernet21/1,lvl021082703037,nic1.port1,50,6,0,0,lvl02-0101-0827-03t0:ethernet21/1 -> lvl021082703037:nic1.port1,lvl021082703037:nic1.port1 -> lvl02-0101-0827-03t0:ethernet21/1,1
2026-09-04 04:33:00.0000000,lvl02-0101-0827-03t0,ethernet27/1,lvl021082703045,nic1.port1,50,2,0,0,lvl02-0101-0827-03t0:ethernet27/1 -> lvl021082703045:nic1.port1,lvl021082703045:nic1.port1 -> lvl02-0101-0827-03t0:ethernet27/1,1
2026-09-04 04:33:00.0000000,lvl02-0101-0827-03t0,ethernet27/1,lvl021082703045,nic1.port1,50,3,0,0,lvl02-0101-0827-03t0:ethernet27/1 -> lvl021082703045:nic1.port1,lvl021082703045:nic1.port1 -> lvl02-0101-0827-03t0:ethernet27/1,1
2026-09-04 04:33:00.0000000,lvl02-0101-0827-03t0,ethernet27/1,lvl021082703045,nic1.port1,50,4,0,0,lvl02-0101-0827-03t0:ethernet27/1 -> lvl021082703045:nic1.port1,lvl021082703045:nic1.port1 -> lvl02-0101-0827-03t0:ethernet27/1,1
2026-09-04 04:33:00.0000000,lvl02-0101-0827-03t0,ethernet27/1,lvl021082703045,nic1.port1,50,6,0,0,lvl02-0101-0827-03t0:ethernet27/1 -> lvl021082703045:nic1.port1,lvl021082703045:nic1.port1 -> lvl02-0101-0827-03t0:ethernet27/1,1
2026-09-04 04:33:00.0000000,lvl02-0101-0827-03t0,ethernet29/1,lvl021082703049,nic1.port1,50,2,0,0,lvl02-0101-0827-03t0:ethernet29/1 -> lvl021082703049:nic1.port1,lvl021082703049:nic1.port1 -> lvl02-0101-0827-03t0:ethernet29/1,1
2026-09-04 04:33:00.0000000,lvl02-0101-0827-03t0,ethernet29/1,lvl021082703049,nic1.port1,50,3,0,0,lvl02-0101-0827-03t0:ethernet29/1 -> lvl021082703049:nic1.port1,lvl021082703049:nic1.port1 -> lvl02-0101-0827-03t0:ethernet29/1,1
2026-09-04 04:33:00.0000000,lvl02-0101-0827-03t0,ethernet29/1,lvl021082703049,nic1.port1,50,4,0,0,lvl02-0101-0827-03t0:ethernet29/1 -> lvl021082703049:nic1.port1,lvl021082703049:nic1.port1 -> lvl02-0101-0827-03t0:ethernet29/1,1
2026-09-04 04:33:00.0000000,lvl02-0101-0827-03t0,ethernet29/1,lvl021082703049,nic1.port1,50,6,0,0,lvl02-0101-0827-03t0:ethernet29/1 -> lvl021082703049:nic1.port1,lvl021082703049:nic1.port1 -> lvl02-0101-0827-03t0:ethernet29/1,1
2026-09-04 04:33:00.0000000,lvl02-0101-0827-03t0,ethernet31/1,lvl021082703053,nic1.port1,50,2,0,0,lvl02-0101-0827-03t0:ethernet31/1 -> lvl021082703053:nic1.port1,lvl021082703053:nic1.port1 -> lvl02-0101-0827-03t0:ethernet31/1,1
2026-09-04 04:33:00.0000000,lvl02-0101-0827-03t0,ethernet31/1,lvl021082703053,nic1.port1,50,3,0,10735,lvl02-0101-0827-03t0:ethernet31/1 -> lvl021082703053:nic1.port1,lvl021082703053:nic1.port1 -> lvl02-0101-0827-03t0:ethernet31/1,1
2026-09-04 04:33:00.0000000,lvl02-0101-0827-03t0,ethernet31/1,lvl021082703053,nic1.port1,50,4,0,10735,lvl02-0101-0827-03t0:ethernet31/1 -> lvl021082703053:nic1.port1,lvl021082703053:nic1.port1 -> lvl02-0101-0827-03t0:ethernet31/1,1
2026-09-04 04:33:00.0000000,lvl02-0101-0827-03t0,ethernet31/1,lvl021082703053,nic1.port1,50,6,0,0,lvl02-0101-0827-03t0:ethernet31/1 -> lvl021082703053:nic1.port1,lvl021082703053:nic1.port1 -> lvl02-0101-0827-03t0:ethernet31/1,1
2026-09-04 04:33:00.0000000,lvl02-0101-0827-03t0,ethernet4/1,lvl021082703007,nic1.port1,50,2,0,0,lvl02-0101-0827-03t0:ethernet4/1 -> lvl021082703007:nic1.port1,lvl021082703007:nic1.port1 -> lvl02-0101-0827-03t0:ethernet4/1,1
2026-09-04 04:33:00.0000000,lvl02-0101-0827-03t0,ethernet4/1,lvl021082703007,nic1.port1,50,3,0,0,lvl02-0101-0827-03t0:ethernet4/1 -> lvl021082703007:nic1.port1,lvl021082703007:nic1.port1 -> lvl02-0101-0827-03t0:ethernet4/1,1
2026-09-04 04:33:00.0000000,lvl02-0101-0827-03t0,ethernet4/1,lvl021082703007,nic1.port1,50,4,0,0,lvl02-0101-0827-03t0:ethernet4/1 -> lvl021082703007:nic1.port1,lvl021082703007:nic1.port1 -> lvl02-0101-0827-03t0:ethernet4/1,1
2026-09-04 04:33:00.0000000,lvl02-0101-0827-03t0,ethernet4/1,lvl021082703007,nic1.port1,50,6,0,0,lvl02-0101-0827-03t0:ethernet4/1 -> lvl021082703007:nic1.port1,lvl021082703007:nic1.port1 -> lvl02-0101-0827-03t0:ethernet4/1,1
2026-09-04 04:36:00.0000000,lvl02-0101-0827-03lt0,ethernet12/1,lvl021082703019,nic1.port1,50,2,0,0,lvl02-0101-0827-03lt0:ethernet12/1 -> lvl021082703019:nic1.port1,lvl021082703019:nic1.port1 -> lvl02-0101-0827-03lt0:ethernet12/1,1
2026-09-04 04:36:00.0000000,lvl02-0101-0827-03lt0,ethernet12/1,lvl021082703019,nic1.port1,50,3,0,0,lvl02-0101-0827-03lt0:ethernet12/1 -> lvl021082703019:nic1.port1,lvl021082703019:nic1.port1 -> lvl02-0101-0827-03lt0:ethernet12/1,1
2026-09-04 04:36:00.0000000,lvl02-0101-0827-03lt0,ethernet12/1,lvl021082703019,nic1.port1,50,4,0,0,lvl02-0101-0827-03lt0:ethernet12/1 -> lvl021082703019:nic1.port1,lvl021082703019:nic1.port1 -> lvl02-0101-0827-03lt0:ethernet12/1,1
2026-09-04 04:36:00.0000000,lvl02-0101-0827-03lt0,ethernet12/1,lvl021082703019,nic1.port1,50,6,0,0,lvl02-0101-0827-03lt0:ethernet12/1 -> lvl021082703019:nic1.port1,lvl021082703019:nic1.port1 -> lvl02-0101-0827-03lt0:ethernet12/1,1
2026-09-04 04:36:00.0000000,lvl02-0101-0827-03lt0,ethernet14/1,lvl021082703023,nic1.port1,50,2,0,0,lvl02-0101-0827-03lt0:ethernet14/1 -> lvl021082703023:nic1.port1,lvl021082703023:nic1.port1 -> lvl02-0101-0827-03lt0:ethernet14/1,1
2026-09-04 04:36:00.0000000,lvl02-0101-0827-03lt0,ethernet14/1,lvl021082703023,nic1.port1,50,3,0,12,lvl02-0101-0827-03lt0:ethernet14/1 -> lvl021082703023:nic1.port1,lvl021082703023:nic1.port1 -> lvl02-0101-0827-03lt0:ethernet14/1,1
2026-09-04 04:36:00.0000000,lvl02-0101-0827-03lt0,ethernet14/1,lvl021082703023,nic1.port1,50,4,0,12,lvl02-0101-0827-03lt0:ethernet14/1 -> lvl021082703023:nic1.port1,lvl021082703023:nic1.port1 -> lvl02-0101-0827-03lt0:ethernet14/1,1
2026-09-04 04:36:00.0000000,lvl02-0101-0827-03lt0,ethernet14/1,lvl021082703023,nic1.port1,50,6,0,0,lvl02-0101-0827-03lt0:ethernet14/1 -> lvl021082703023:nic1.port1,lvl021082703023:nic1.port1 -> lvl02-0101-0827-03lt0:ethernet14/1,1
2026-09-04 04:36:00.0000000,lvl02-0101-0827-03lt0,ethernet15/1,lvl021082703025,nic1.port1,50,2,0,0,lvl02-0101-0827-03lt0:ethernet15/1 -> lvl021082703025:nic1.port1,lvl021082703025:nic1.port1 -> lvl02-0101-0827-03lt0:ethernet15/1,1
2026-09-04 04:36:00.0000000,lvl02-0101-0827-03lt0,ethernet15/1,lvl021082703025,nic1.port1,50,3,0,0,lvl02-0101-0827-03lt0:ethernet15/1 -> lvl021082703025:nic1.port1,lvl021082703025:nic1.port1 -> lvl02-0101-0827-03lt0:ethernet15/1,1
2026-09-04 04:36:00.0000000,lvl02-0101-0827-03lt0,ethernet15/1,lvl021082703025,nic1.port1,50,4,0,0,lvl02-0101-0827-03lt0:ethernet15/1 -> lvl021082703025:nic1.port1,lvl021082703025:nic1.port1 -> lvl02-0101-0827-03lt0:ethernet15/1,1
2026-09-04 04:36:00.0000000,lvl02-0101-0827-03lt0,ethernet15/1,lvl021082703025,nic1.port1,50,6,0,0,lvl02-0101-0827-03lt0:ethernet15/1 -> lvl021082703025:nic1.port1,lvl021082703025:nic1.port1 -> lvl02-0101-0827-03lt0:ethernet15/1,1
2026-09-04 04:36:00.0000000,lvl02-0101-0827-03lt0,ethernet18/1,lvl021082703031,nic1.port1,50,2,0,0,lvl02-0101-0827-03lt0:ethernet18/1 -> lvl021082703031:nic1.port1,lvl021082703031:nic1.port1 -> lvl02-0101-0827-03lt0:ethernet18/1,1
2026-09-04 04:36:00.0000000,lvl02-0101-0827-03lt0,ethernet18/1,lvl021082703031,nic1.port1,50,3,0,0,lvl02-0101-0827-03lt0:ethernet18/1 -> lvl021082703031:nic1.port1,lvl021082703031:nic1.port1 -> lvl02-0101-0827-03lt0:ethernet18/1,1
2026-09-04 04:36:00.0000000,lvl02-0101-0827-03lt0,ethernet18/1,lvl021082703031,nic1.port1,50,4,0,0,lvl02-0101-0827-03lt0:ethernet18/1 -> lvl021082703031:nic1.port1,lvl021082703031:nic1.port1 -> lvl02-0101-0827-03lt0:ethernet18/1,1
2026-09-04 04:36:00.0000000,lvl02-0101-0827-03lt0,ethernet18/1,lvl021082703031,nic1.port1,50,6,0,0,lvl02-0101-0827-03lt0:ethernet18/1 -> lvl021082703031:nic1.port1,lvl021082703031:nic1.port1 -> lvl02-0101-0827-03lt0:ethernet18/1,1
2026-09-04 04:36:00.0000000,lvl02-0101-0827-03lt0,ethernet19/1,lvl021082703033,nic1.port1,50,2,0,0,lvl02-0101-0827-03lt0:ethernet19/1 -> lvl021082703033:nic1.port1,lvl021082703033:nic1.port1 -> lvl02-0101-0827-03lt0:ethernet19/1,1
2026-09-04 04:36:00.0000000,lvl02-0101-0827-03lt0,ethernet19/1,lvl021082703033,nic1.port1,50,3,0,0,lvl02-0101-0827-03lt0:ethernet19/1 -> lvl021082703033:nic1.port1,lvl021082703033:nic1.port1 -> lvl02-0101-0827-03lt0:ethernet19/1,1
2026-09-04 04:36:00.0000000,lvl02-0101-0827-03lt0,ethernet19/1,lvl021082703033,nic1.port1,50,4,0,0,lvl02-0101-0827-03lt0:ethernet19/1 -> lvl021082703033:nic1.port1,lvl021082703033:nic1.port1 -> lvl02-0101-0827-03lt0:ethernet19/1,1
2026-09-04 04:36:00.0000000,lvl02-0101-0827-03lt0,ethernet19/1,lvl021082703033,nic1.port1,50,6,0,0,lvl02-0101-0827-03lt0:ethernet19/1 -> lvl021082703033:nic1.port1,lvl021082703033:nic1.port1 -> lvl02-0101-0827-03lt0:ethernet19/1,1
2026-09-04 04:36:00.0000000,lvl02-0101-0827-03lt0,ethernet2/1,lvl021082703003,nic1.port1,50,2,0,0,lvl02-0101-0827-03lt0:ethernet2/1 -> lvl021082703003:nic1.port1,lvl021082703003:nic1.port1 -> lvl02-0101-0827-03lt0:ethernet2/1,1
2026-09-04 04:36:00.0000000,lvl02-0101-0827-03lt0,ethernet2/1,lvl021082703003,nic1.port1,50,3,0,0,lvl02-0101-0827-03lt0:ethernet2/1 -> lvl021082703003:nic1.port1,lvl021082703003:nic1.port1 -> lvl02-0101-0827-03lt0:ethernet2/1,1
2026-09-04 04:36:00.0000000,lvl02-0101-0827-03lt0,ethernet2/1,lvl021082703003,nic1.port1,50,4,0,0,lvl02-0101-0827-03lt0:ethernet2/1 -> lvl021082703003:nic1.port1,lvl021082703003:nic1.port1 -> lvl02-0101-0827-03lt0:ethernet2/1,1
2026-09-04 04:36:00.0000000,lvl02-0101-0827-03lt0,ethernet2/1,lvl021082703003,nic1.port1,50,6,0,0,lvl02-0101-0827-03lt0:ethernet2/1 -> lvl021082703003:nic1.port1,lvl021082703003:nic1.port1 -> lvl02-0101-0827-03lt0:ethernet2/1,1
2026-09-04 04:36:00.0000000,lvl02-0101-0827-03lt0,ethernet21/1,lvl021082703037,nic1.port1,50,2,0,0,lvl02-0101-0827-03lt0:ethernet21/1 -> lvl021082703037:nic1.port1,lvl021082703037:nic1.port1 -> lvl02-0101-0827-03lt0:ethernet21/1,1
2026-09-04 04:36:00.0000000,lvl02-0101-0827-03lt0,ethernet21/1,lvl021082703037,nic1.port1,50,3,0,0,lvl02-0101-0827-03lt0:ethernet21/1 -> lvl021082703037:nic1.port1,lvl021082703037:nic1.port1 -> lvl02-0101-0827-03lt0:ethernet21/1,1
2026-09-04 04:36:00.0000000,lvl02-0101-0827-03lt0,ethernet21/1,lvl021082703037,nic1.port1,50,4,0,0,lvl02-0101-0827-03lt0:ethernet21/1 -> lvl021082703037:nic1.port1,lvl021082703037:nic1.port1 -> lvl02-0101-0827-03lt0:ethernet21/1,1
2026-09-04 04:36:00.0000000,lvl02-0101-0827-03lt0,ethernet21/1,lvl021082703037,nic1.port1,50,6,0,0,lvl02-0101-0827-03lt0:ethernet21/1 -> lvl021082703037:nic1.port1,lvl021082703037:nic1.port1 -> lvl02-0101-0827-03lt0:ethernet21/1,1
2026-09-04 04:36:00.0000000,lvl02-0101-0827-03lt0,ethernet27/1,lvl021082703045,nic1.port1,50,2,0,0,lvl02-0101-0827-03lt0:ethernet27/1 -> lvl021082703045:nic1.port1,lvl021082703045:nic1.port1 -> lvl02-0101-0827-03lt0:ethernet27/1,1
2026-09-04 04:36:00.0000000,lvl02-0101-0827-03lt0,ethernet27/1,lvl021082703045,nic1.port1,50,3,0,4,lvl02-0101-0827-03lt0:ethernet27/1 -> lvl021082703045:nic1.port1,lvl021082703045:nic1.port1 -> lvl02-0101-0827-03lt0:ethernet27/1,1
2026-09-04 04:36:00.0000000,lvl02-0101-0827-03lt0,ethernet27/1,lvl021082703045,nic1.port1,50,4,0,4,lvl02-0101-0827-03lt0:ethernet27/1 -> lvl021082703045:nic1.port1,lvl021082703045:nic1.port1 -> lvl02-0101-0827-03lt0:ethernet27/1,1
2026-09-04 04:36:00.0000000,lvl02-0101-0827-03lt0,ethernet27/1,lvl021082703045,nic1.port1,50,6,0,0,lvl02-0101-0827-03lt0:ethernet27/1 -> lvl021082703045:nic1.port1,lvl021082703045:nic1.port1 -> lvl02-0101-0827-03lt0:ethernet27/1,1
2026-09-04 04:36:00.0000000,lvl02-0101-0827-03lt0,ethernet29/1,lvl021082703049,nic1.port1,50,2,0,0,lvl02-0101-0827-03lt0:ethernet29/1 -> lvl021082703049:nic1.port1,lvl021082703049:nic1.port1 -> lvl02-0101-0827-03lt0:ethernet29/1,1
2026-09-04 04:36:00.0000000,lvl02-0101-0827-03lt0,ethernet29/1,lvl021082703049,nic1.port1,50,3,0,0,lvl02-0101-0827-03lt0:ethernet29/1 -> lvl021082703049:nic1.port1,lvl021082703049:nic1.port1 -> lvl02-0101-0827-03lt0:ethernet29/1,1
2026-09-04 04:36:00.0000000,lvl02-0101-0827-03lt0,ethernet29/1,lvl021082703049,nic1.port1,50,4,0,0,lvl02-0101-0827-03lt0:ethernet29/1 -> lvl021082703049:nic1.port1,lvl021082703049:nic1.port1 -> lvl02-0101-0827-03lt0:ethernet29/1,1
2026-09-04 04:36:00.0000000,lvl02-0101-0827-03lt0,ethernet29/1,lvl021082703049,nic1.port1,50,6,0,0,lvl02-0101-0827-03lt0:ethernet29/1 -> lvl021082703049:nic1.port1,lvl021082703049:nic1.port1 -> lvl02-0101-0827-03lt0:ethernet29/1,1
2026-09-04 04:36:00.0000000,lvl02-0101-0827-03lt0,ethernet31/1,lvl021082703053,nic1.port1,50,2,0,0,lvl02-0101-0827-03lt0:ethernet31/1 -> lvl021082703053:nic1.port1,lvl021082703053:nic1.port1 -> lvl02-0101-0827-03lt0:ethernet31/1,1
2026-09-04 04:36:00.0000000,lvl02-0101-0827-03lt0,ethernet31/1,lvl021082703053,nic1.port1,50,3,0,5941,lvl02-0101-0827-03lt0:ethernet31/1 -> lvl021082703053:nic1.port1,lvl021082703053:nic1.port1 -> lvl02-0101-0827-03lt0:ethernet31/1,1
2026-09-04 04:36:00.0000000,lvl02-0101-0827-03lt0,ethernet31/1,lvl021082703053,nic1.port1,50,4,0,5941,lvl02-0101-0827-03lt0:ethernet31/1 -> lvl021082703053:nic1.port1,lvl021082703053:nic1.port1 -> lvl02-0101-0827-03lt0:ethernet31/1,1
2026-09-04 04:36:00.0000000,lvl02-0101-0827-03lt0,ethernet31/1,lvl021082703053,nic1.port1,50,6,0,0,lvl02-0101-0827-03lt0:ethernet31/1 -> lvl021082703053:nic1.port1,lvl021082703053:nic1.port1 -> lvl02-0101-0827-03lt0:ethernet31/1,1
2026-09-04 04:36:00.0000000,lvl02-0101-0827-03lt0,ethernet4/1,lvl021082703007,nic1.port1,50,2,0,0,lvl02-0101-0827-03lt0:ethernet4/1 -> lvl021082703007:nic1.port1,lvl021082703007:nic1.port1 -> lvl02-0101-0827-03lt0:ethernet4/1,1
2026-09-04 04:36:00.0000000,lvl02-0101-0827-03lt0,ethernet4/1,lvl021082703007,nic1.port1,50,3,0,0,lvl02-0101-0827-03lt0:ethernet4/1 -> lvl021082703007:nic1.port1,lvl021082703007:nic1.port1 -> lvl02-0101-0827-03lt0:ethernet4/1,1
2026-09-04 04:36:00.0000000,lvl02-0101-0827-03lt0,ethernet4/1,lvl021082703007,nic1.port1,50,4,0,0,lvl02-0101-0827-03lt0:ethernet4/1 -> lvl021082703007:nic1.port1,lvl021082703007:nic1.port1 -> lvl02-0101-0827-03lt0:ethernet4/1,1
2026-09-04 04:36:00.0000000,lvl02-0101-0827-03lt0,ethernet4/1,lvl021082703007,nic1.port1,50,6,0,0,lvl02-0101-0827-03lt0:ethernet4/1 -> lvl021082703007:nic1.port1,lvl021082703007:nic1.port1 -> lvl02-0101-0827-03lt0:ethernet4/1,1
2026-09-04 04:38:00.0000000,lvl02-0101-0827-03t0,ethernet12/1,lvl021082703019,nic1.port1,50,2,0,0,lvl02-0101-0827-03t0:ethernet12/1 -> lvl021082703019:nic1.port1,lvl021082703019:nic1.port1 -> lvl02-0101-0827-03t0:ethernet12/1,1
2026-09-04 04:38:00.0000000,lvl02-0101-0827-03t0,ethernet12/1,lvl021082703019,nic1.port1,50,3,0,0,lvl02-0101-0827-03t0:ethernet12/1 -> lvl021082703019:nic1.port1,lvl021082703019:nic1.port1 -> lvl02-0101-0827-03t0:ethernet12/1,1
2026-09-04 04:38:00.0000000,lvl02-0101-0827-03t0,ethernet12/1,lvl021082703019,nic1.port1,50,4,0,0,lvl02-0101-0827-03t0:ethernet12/1 -> lvl021082703019:nic1.port1,lvl021082703019:nic1.port1 -> lvl02-0101-0827-03t0:ethernet12/1,1
2026-09-04 04:38:00.0000000,lvl02-0101-0827-03t0,ethernet12/1,lvl021082703019,nic1.port1,50,6,0,0,lvl02-0101-0827-03t0:ethernet12/1 -> lvl021082703019:nic1.port1,lvl021082703019:nic1.port1 -> lvl02-0101-0827-03t0:ethernet12/1,1
2026-09-04 04:38:00.0000000,lvl02-0101-0827-03t0,ethernet14/1,lvl021082703023,nic1.port1,50,2,0,0,lvl02-0101-0827-03t0:ethernet14/1 -> lvl021082703023:nic1.port1,lvl021082703023:nic1.port1 -> lvl02-0101-0827-03t0:ethernet14/1,1
2026-09-04 04:38:00.0000000,lvl02-0101-0827-03t0,ethernet14/1,lvl021082703023,nic1.port1,50,3,0,12,lvl02-0101-0827-03t0:ethernet14/1 -> lvl021082703023:nic1.port1,lvl021082703023:nic1.port1 -> lvl02-0101-0827-03t0:ethernet14/1,1
2026-09-04 04:38:00.0000000,lvl02-0101-0827-03t0,ethernet14/1,lvl021082703023,nic1.port1,50,4,0,12,lvl02-0101-0827-03t0:ethernet14/1 -> lvl021082703023:nic1.port1,lvl021082703023:nic1.port1 -> lvl02-0101-0827-03t0:ethernet14/1,1
2026-09-04 04:38:00.0000000,lvl02-0101-0827-03t0,ethernet14/1,lvl021082703023,nic1.port1,50,6,0,0,lvl02-0101-0827-03t0:ethernet14/1 -> lvl021082703023:nic1.port1,lvl021082703023:nic1.port1 -> lvl02-0101-0827-03t0:ethernet14/1,1
2026-09-04 04:38:00.0000000,lvl02-0101-0827-03t0,ethernet15/1,lvl021082703025,nic1.port1,50,2,0,0,lvl02-0101-0827-03t0:ethernet15/1 -> lvl021082703025:nic1.port1,lvl021082703025:nic1.port1 -> lvl02-0101-0827-03t0:ethernet15/1,1
2026-09-04 04:38:00.0000000,lvl02-0101-0827-03t0,ethernet15/1,lvl021082703025,nic1.port1,50,3,0,0,lvl02-0101-0827-03t0:ethernet15/1 -> lvl021082703025:nic1.port1,lvl021082703025:nic1.port1 -> lvl02-0101-0827-03t0:ethernet15/1,1
2026-09-04 04:38:00.0000000,lvl02-0101-0827-03t0,ethernet15/1,lvl021082703025,nic1.port1,50,4,0,0,lvl02-0101-0827-03t0:ethernet15/1 -> lvl021082703025:nic1.port1,lvl021082703025:nic1.port1 -> lvl02-0101-0827-03t0:ethernet15/1,1
2026-09-04 04:38:00.0000000,lvl02-0101-0827-03t0,ethernet15/1,lvl021082703025,nic1.port1,50,6,0,0,lvl02-0101-0827-03t0:ethernet15/1 -> lvl021082703025:nic1.port1,lvl021082703025:nic1.port1 -> lvl02-0101-0827-03t0:ethernet15/1,1
2026-09-04 04:38:00.0000000,lvl02-0101-0827-03t0,ethernet18/1,lvl021082703031,nic1.port1,50,2,0,0,lvl02-0101-0827-03t0:ethernet18/1 -> lvl021082703031:nic1.port1,lvl021082703031:nic1.port1 -> lvl02-0101-0827-03t0:ethernet18/1,1
2026-09-04 04:38:00.0000000,lvl02-0101-0827-03t0,ethernet18/1,lvl021082703031,nic1.port1,50,3,0,0,lvl02-0101-0827-03t0:ethernet18/1 -> lvl021082703031:nic1.port1,lvl021082703031:nic1.port1 -> lvl02-0101-0827-03t0:ethernet18/1,1
2026-09-04 04:38:00.0000000,lvl02-0101-0827-03t0,ethernet18/1,lvl021082703031,nic1.port1,50,4,0,0,lvl02-0101-0827-03t0:ethernet18/1 -> lvl021082703031:nic1.port1,lvl021082703031:nic1.port1 -> lvl02-0101-0827-03t0:ethernet18/1,1
2026-09-04 04:38:00.0000000,lvl02-0101-0827-03t0,ethernet18/1,lvl021082703031,nic1.port1,50,6,0,0,lvl02-0101-0827-03t0:ethernet18/1 -> lvl021082703031:nic1.port1,lvl021082703031:nic1.port1 -> lvl02-0101-0827-03t0:ethernet18/1,1
2026-09-04 04:38:00.0000000,lvl02-0101-0827-03t0,ethernet19/1,lvl021082703033,nic1.port1,50,2,0,0,lvl02-0101-0827-03t0:ethernet19/1 -> lvl021082703033:nic1.port1,lvl021082703033:nic1.port1 -> lvl02-0101-0827-03t0:ethernet19/1,1
2026-09-04 04:38:00.0000000,lvl02-0101-0827-03t0,ethernet19/1,lvl021082703033,nic1.port1,50,3,0,0,lvl02-0101-0827-03t0:ethernet19/1 -> lvl021082703033:nic1.port1,lvl021082703033:nic1.port1 -> lvl02-0101-0827-03t0:ethernet19/1,1
2026-09-04 04:38:00.0000000,lvl02-0101-0827-03t0,ethernet19/1,lvl021082703033,nic1.port1,50,4,0,0,lvl02-0101-0827-03t0:ethernet19/1 -> lvl021082703033:nic1.port1,lvl021082703033:nic1.port1 -> lvl02-0101-0827-03t0:ethernet19/1,1
2026-09-04 04:38:00.0000000,lvl02-0101-0827-03t0,ethernet19/1,lvl021082703033,nic1.port1,50,6,0,0,lvl02-0101-0827-03t0:ethernet19/1 -> lvl021082703033:nic1.port1,lvl021082703033:nic1.port1 -> lvl02-0101-0827-03t0:ethernet19/1,1
2026-09-04 04:38:00.0000000,lvl02-0101-0827-03t0,ethernet2/1,lvl021082703003,nic1.port1,50,2,0,0,lvl02-0101-0827-03t0:ethernet2/1 -> lvl021082703003:nic1.port1,lvl021082703003:nic1.port1 -> lvl02-0101-0827-03t0:ethernet2/1,1
2026-09-04 04:38:00.0000000,lvl02-0101-0827-03t0,ethernet2/1,lvl021082703003,nic1.port1,50,3,0,0,lvl02-0101-0827-03t0:ethernet2/1 -> lvl021082703003:nic1.port1,lvl021082703003:nic1.port1 -> lvl02-0101-0827-03t0:ethernet2/1,1
2026-09-04 04:38:00.0000000,lvl02-0101-0827-03t0,ethernet2/1,lvl021082703003,nic1.port1,50,4,0,0,lvl02-0101-0827-03t0:ethernet2/1 -> lvl021082703003:nic1.port1,lvl021082703003:nic1.port1 -> lvl02-0101-0827-03t0:ethernet2/1,1
2026-09-04 04:38:00.0000000,lvl02-0101-0827-03t0,ethernet2/1,lvl021082703003,nic1.port1,50,6,0,0,lvl02-0101-0827-03t0:ethernet2/1 -> lvl021082703003:nic1.port1,lvl021082703003:nic1.port1 -> lvl02-0101-0827-03t0:ethernet2/1,1
2026-09-04 04:38:00.0000000,lvl02-0101-0827-03t0,ethernet21/1,lvl021082703037,nic1.port1,50,2,0,0,lvl02-0101-0827-03t0:ethernet21/1 -> lvl021082703037:nic1.port1,lvl021082703037:nic1.port1 -> lvl02-0101-0827-03t0:ethernet21/1,1
2026-09-04 04:38:00.0000000,lvl02-0101-0827-03t0,ethernet21/1,lvl021082703037,nic1.port1,50,3,0,0,lvl02-0101-0827-03t0:ethernet21/1 -> lvl021082703037:nic1.port1,lvl021082703037:nic1.port1 -> lvl02-0101-0827-03t0:ethernet21/1,1
2026-09-04 04:38:00.0000000,lvl02-0101-0827-03t0,ethernet21/1,lvl021082703037,nic1.port1,50,4,0,0,lvl02-0101-0827-03t0:ethernet21/1 -> lvl021082703037:nic1.port1,lvl021082703037:nic1.port1 -> lvl02-0101-0827-03t0:ethernet21/1,1
2026-09-04 04:38:00.0000000,lvl02-0101-0827-03t0,ethernet21/1,lvl021082703037,nic1.port1,50,6,0,0,lvl02-0101-0827-03t0:ethernet21/1 -> lvl021082703037:nic1.port1,lvl021082703037:nic1.port1 -> lvl02-0101-0827-03t0:ethernet21/1,1
2026-09-04 04:38:00.0000000,lvl02-0101-0827-03t0,ethernet27/1,lvl021082703045,nic1.port1,50,2,0,0,lvl02-0101-0827-03t0:ethernet27/1 -> lvl021082703045:nic1.port1,lvl021082703045:nic1.port1 -> lvl02-0101-0827-03t0:ethernet27/1,1
2026-09-04 04:38:00.0000000,lvl02-0101-0827-03t0,ethernet27/1,lvl021082703045,nic1.port1,50,3,0,4,lvl02-0101-0827-03t0:ethernet27/1 -> lvl021082703045:nic1.port1,lvl021082703045:nic1.port1 -> lvl02-0101-0827-03t0:ethernet27/1,1
2026-09-04 04:38:00.0000000,lvl02-0101-0827-03t0,ethernet27/1,lvl021082703045,nic1.port1,50,4,0,4,lvl02-0101-0827-03t0:ethernet27/1 -> lvl021082703045:nic1.port1,lvl021082703045:nic1.port1 -> lvl02-0101-0827-03t0:ethernet27/1,1
2026-09-04 04:38:00.0000000,lvl02-0101-0827-03t0,ethernet27/1,lvl021082703045,nic1.port1,50,6,0,0,lvl02-0101-0827-03t0:ethernet27/1 -> lvl021082703045:nic1.port1,lvl021082703045:nic1.port1 -> lvl02-0101-0827-03t0:ethernet27/1,1
2026-09-04 04:38:00.0000000,lvl02-0101-0827-03t0,ethernet29/1,lvl021082703049,nic1.port1,50,2,0,0,lvl02-0101-0827-03t0:ethernet29/1 -> lvl021082703049:nic1.port1,lvl021082703049:nic1.port1 -> lvl02-0101-0827-03t0:ethernet29/1,1
2026-09-04 04:38:00.0000000,lvl02-0101-0827-03t0,ethernet29/1,lvl021082703049,nic1.port1,50,3,0,0,lvl02-0101-0827-03t0:ethernet29/1 -> lvl021082703049:nic1.port1,lvl021082703049:nic1.port1 -> lvl02-0101-0827-03t0:ethernet29/1,1
2026-09-04 04:38:00.0000000,lvl02-0101-0827-03t0,ethernet29/1,lvl021082703049,nic1.port1,50,4,0,0,lvl02-0101-0827-03t0:ethernet29/1 -> lvl021082703049:nic1.port1,lvl021082703049:nic1.port1 -> lvl02-0101-0827-03t0:ethernet29/1,1
2026-09-04 04:38:00.0000000,lvl02-0101-0827-03t0,ethernet29/1,lvl021082703049,nic1.port1,50,6,0,0,lvl02-0101-0827-03t0:ethernet29/1 -> lvl021082703049:nic1.port1,lvl021082703049:nic1.port1 -> lvl02-0101-0827-03t0:ethernet29/1,1
2026-09-04 04:38:00.0000000,lvl02-0101-0827-03t0,ethernet31/1,lvl021082703053,nic1.port1,50,2,0,0,lvl02-0101-0827-03t0:ethernet31/1 -> lvl021082703053:nic1.port1,lvl021082703053:nic1.port1 -> lvl02-0101-0827-03t0:ethernet31/1,1
2026-09-04 04:38:00.0000000,lvl02-0101-0827-03t0,ethernet31/1,lvl021082703053,nic1.port1,50,3,0,5871,lvl02-0101-0827-03t0:ethernet31/1 -> lvl021082703053:nic1.port1,lvl021082703053:nic1.port1 -> lvl02-0101-0827-03t0:ethernet31/1,1
2026-09-04 04:38:00.0000000,lvl02-0101-0827-03t0,ethernet31/1,lvl021082703053,nic1.port1,50,4,0,5871,lvl02-0101-0827-03t0:ethernet31/1 -> lvl021082703053:nic1.port1,lvl021082703053:nic1.port1 -> lvl02-0101-0827-03t0:ethernet31/1,1
2026-09-04 04:38:00.0000000,lvl02-0101-0827-03t0,ethernet31/1,lvl021082703053,nic1.port1,50,6,0,0,lvl02-0101-0827-03t0:ethernet31/1 -> lvl021082703053:nic1.port1,lvl021082703053:nic1.port1 -> lvl02-0101-0827-03t0:ethernet31/1,1
2026-09-04 04:38:00.0000000,lvl02-0101-0827-03t0,ethernet4/1,lvl021082703007,nic1.port1,50,2,0,0,lvl02-0101-0827-03t0:ethernet4/1 -> lvl021082703007:nic1.port1,lvl021082703007:nic1.port1 -> lvl02-0101-0827-03t0:ethernet4/1,1
2026-09-04 04:38:00.0000000,lvl02-0101-0827-03t0,ethernet4/1,lvl021082703007,nic1.port1,50,3,0,0,lvl02-0101-0827-03t0:ethernet4/1 -> lvl021082703007:nic1.port1,lvl021082703007:nic1.port1 -> lvl02-0101-0827-03t0:ethernet4/1,1
2026-09-04 04:38:00.0000000,lvl02-0101-0827-03t0,ethernet4/1,lvl021082703007,nic1.port1,50,4,0,0,lvl02-0101-0827-03t0:ethernet4/1 -> lvl021082703007:nic1.port1,lvl021082703007:nic1.port1 -> lvl02-0101-0827-03t0:ethernet4/1,1
2026-09-04 04:38:00.0000000,lvl02-0101-0827-03t0,ethernet4/1,lvl021082703007,nic1.port1,50,6,0,0,lvl02-0101-0827-03t0:ethernet4/1 -> lvl021082703007:nic1.port1,lvl021082703007:nic1.port1 -> lvl02-0101-0827-03t0:ethernet4/1,1
2026-09-04 04:41:00.0000000,lvl02-0101-0827-03lt0,ethernet12/1,lvl021082703019,nic1.port1,50,2,0,0,lvl02-0101-0827-03lt0:ethernet12/1 -> lvl021082703019:nic1.port1,lvl021082703019:nic1.port1 -> lvl02-0101-0827-03lt0:ethernet12/1,1
2026-09-04 04:41:00.0000000,lvl02-0101-0827-03lt0,ethernet12/1,lvl021082703019,nic1.port1,50,3,0,0,lvl02-0101-0827-03lt0:ethernet12/1 -> lvl021082703019:nic1.port1,lvl021082703019:nic1.port1 -> lvl02-0101-0827-03lt0:ethernet12/1,1
2026-09-04 04:41:00.0000000,lvl02-0101-0827-03lt0,ethernet12/1,lvl021082703019,nic1.port1,50,4,0,0,lvl02-0101-0827-03lt0:ethernet12/1 -> lvl021082703019:nic1.port1,lvl021082703019:nic1.port1 -> lvl02-0101-0827-03lt0:ethernet12/1,1
2026-09-04 04:41:00.0000000,lvl02-0101-0827-03lt0,ethernet12/1,lvl021082703019,nic1.port1,50,6,0,0,lvl02-0101-0827-03lt0:ethernet12/1 -> lvl021082703019:nic1.port1,lvl021082703019:nic1.port1 -> lvl02-0101-0827-03lt0:ethernet12/1,1
2026-09-04 04:41:00.0000000,lvl02-0101-0827-03lt0,ethernet14/1,lvl021082703023,nic1.port1,50,2,0,0,lvl02-0101-0827-03lt0:ethernet14/1 -> lvl021082703023:nic1.port1,lvl021082703023:nic1.port1 -> lvl02-0101-0827-03lt0:ethernet14/1,1
2026-09-04 04:41:00.0000000,lvl02-0101-0827-03lt0,ethernet14/1,lvl021082703023,nic1.port1,50,3,0,0,lvl02-0101-0827-03lt0:ethernet14/1 -> lvl021082703023:nic1.port1,lvl021082703023:nic1.port1 -> lvl02-0101-0827-03lt0:ethernet14/1,1
2026-09-04 04:41:00.0000000,lvl02-0101-0827-03lt0,ethernet14/1,lvl021082703023,nic1.port1,50,4,0,0,lvl02-0101-0827-03lt0:ethernet14/1 -> lvl021082703023:nic1.port1,lvl021082703023:nic1.port1 -> lvl02-0101-0827-03lt0:ethernet14/1,1
2026-09-04 04:41:00.0000000,lvl02-0101-0827-03lt0,ethernet14/1,lvl021082703023,nic1.port1,50,6,0,0,lvl02-0101-0827-03lt0:ethernet14/1 -> lvl021082703023:nic1.port1,lvl021082703023:nic1.port1 -> lvl02-0101-0827-03lt0:ethernet14/1,1
2026-09-04 04:41:00.0000000,lvl02-0101-0827-03lt0,ethernet15/1,lvl021082703025,nic1.port1,50,2,0,0,lvl02-0101-0827-03lt0:ethernet15/1 -> lvl021082703025:nic1.port1,lvl021082703025:nic1.port1 -> lvl02-0101-0827-03lt0:ethernet15/1,1
2026-09-04 04:41:00.0000000,lvl02-0101-0827-03lt0,ethernet15/1,lvl021082703025,nic1.port1,50,3,0,0,lvl02-0101-0827-03lt0:ethernet15/1 -> lvl021082703025:nic1.port1,lvl021082703025:nic1.port1 -> lvl02-0101-0827-03lt0:ethernet15/1,1
2026-09-04 04:41:00.0000000,lvl02-0101-0827-03lt0,ethernet15/1,lvl021082703025,nic1.port1,50,4,0,0,lvl02-0101-0827-03lt0:ethernet15/1 -> lvl021082703025:nic1.port1,lvl021082703025:nic1.port1 -> lvl02-0101-0827-03lt0:ethernet15/1,1
2026-09-04 04:41:00.0000000,lvl02-0101-0827-03lt0,ethernet15/1,lvl021082703025,nic1.port1,50,6,0,0,lvl02-0101-0827-03lt0:ethernet15/1 -> lvl021082703025:nic1.port1,lvl021082703025:nic1.port1 -> lvl02-0101-0827-03lt0:ethernet15/1,1
2026-09-04 04:41:00.0000000,lvl02-0101-0827-03lt0,ethernet18/1,lvl021082703031,nic1.port1,50,2,0,0,lvl02-0101-0827-03lt0:ethernet18/1 -> lvl021082703031:nic1.port1,lvl021082703031:nic1.port1 -> lvl02-0101-0827-03lt0:ethernet18/1,1
2026-09-04 04:41:00.0000000,lvl02-0101-0827-03lt0,ethernet18/1,lvl021082703031,nic1.port1,50,3,0,0,lvl02-0101-0827-03lt0:ethernet18/1 -> lvl021082703031:nic1.port1,lvl021082703031:nic1.port1 -> lvl02-0101-0827-03lt0:ethernet18/1,1
2026-09-04 04:41:00.0000000,lvl02-0101-0827-03lt0,ethernet18/1,lvl021082703031,nic1.port1,50,4,0,0,lvl02-0101-0827-03lt0:ethernet18/1 -> lvl021082703031:nic1.port1,lvl021082703031:nic1.port1 -> lvl02-0101-0827-03lt0:ethernet18/1,1
2026-09-04 04:41:00.0000000,lvl02-0101-0827-03lt0,ethernet18/1,lvl021082703031,nic1.port1,50,6,0,0,lvl02-0101-0827-03lt0:ethernet18/1 -> lvl021082703031:nic1.port1,lvl021082703031:nic1.port1 -> lvl02-0101-0827-03lt0:ethernet18/1,1
2026-09-04 04:41:00.0000000,lvl02-0101-0827-03lt0,ethernet19/1,lvl021082703033,nic1.port1,50,2,0,0,lvl02-0101-0827-03lt0:ethernet19/1 -> lvl021082703033:nic1.port1,lvl021082703033:nic1.port1 -> lvl02-0101-0827-03lt0:ethernet19/1,1
2026-09-04 04:41:00.0000000,lvl02-0101-0827-03lt0,ethernet19/1,lvl021082703033,nic1.port1,50,3,0,0,lvl02-0101-0827-03lt0:ethernet19/1 -> lvl021082703033:nic1.port1,lvl021082703033:nic1.port1 -> lvl02-0101-0827-03lt0:ethernet19/1,1
2026-09-04 04:41:00.0000000,lvl02-0101-0827-03lt0,ethernet19/1,lvl021082703033,nic1.port1,50,4,0,0,lvl02-0101-0827-03lt0:ethernet19/1 -> lvl021082703033:nic1.port1,lvl021082703033:nic1.port1 -> lvl02-0101-0827-03lt0:ethernet19/1,1
2026-09-04 04:41:00.0000000,lvl02-0101-0827-03lt0,ethernet19/1,lvl021082703033,nic1.port1,50,6,0,0,lvl02-0101-0827-03lt0:ethernet19/1 -> lvl021082703033:nic1.port1,lvl021082703033:nic1.port1 -> lvl02-0101-0827-03lt0:ethernet19/1,1
2026-09-04 04:41:00.0000000,lvl02-0101-0827-03lt0,ethernet2/1,lvl021082703003,nic1.port1,50,2,0,0,lvl02-0101-0827-03lt0:ethernet2/1 -> lvl021082703003:nic1.port1,lvl021082703003:nic1.port1 -> lvl02-0101-0827-03lt0:ethernet2/1,1
2026-09-04 04:41:00.0000000,lvl02-0101-0827-03lt0,ethernet2/1,lvl021082703003,nic1.port1,50,3,0,0,lvl02-0101-0827-03lt0:ethernet2/1 -> lvl021082703003:nic1.port1,lvl021082703003:nic1.port1 -> lvl02-0101-0827-03lt0:ethernet2/1,1
2026-09-04 04:41:00.0000000,lvl02-0101-0827-03lt0,ethernet2/1,lvl021082703003,nic1.port1,50,4,0,0,lvl02-0101-0827-03lt0:ethernet2/1 -> lvl021082703003:nic1.port1,lvl021082703003:nic1.port1 -> lvl02-0101-0827-03lt0:ethernet2/1,1
2026-09-04 04:41:00.0000000,lvl02-0101-0827-03lt0,ethernet2/1,lvl021082703003,nic1.port1,50,6,0,0,lvl02-0101-0827-03lt0:ethernet2/1 -> lvl021082703003:nic1.port1,lvl021082703003:nic1.port1 -> lvl02-0101-0827-03lt0:ethernet2/1,1
2026-09-04 04:41:00.0000000,lvl02-0101-0827-03lt0,ethernet21/1,lvl021082703037,nic1.port1,50,2,0,0,lvl02-0101-0827-03lt0:ethernet21/1 -> lvl021082703037:nic1.port1,lvl021082703037:nic1.port1 -> lvl02-0101-0827-03lt0:ethernet21/1,1
2026-09-04 04:41:00.0000000,lvl02-0101-0827-03lt0,ethernet21/1,lvl021082703037,nic1.port1,50,3,0,0,lvl02-0101-0827-03lt0:ethernet21/1 -> lvl021082703037:nic1.port1,lvl021082703037:nic1.port1 -> lvl02-0101-0827-03lt0:ethernet21/1,1
2026-09-04 04:41:00.0000000,lvl02-0101-0827-03lt0,ethernet21/1,lvl021082703037,nic1.port1,50,4,0,0,lvl02-0101-0827-03lt0:ethernet21/1 -> lvl021082703037:nic1.port1,lvl021082703037:nic1.port1 -> lvl02-0101-0827-03lt0:ethernet21/1,1
2026-09-04 04:41:00.0000000,lvl02-0101-0827-03lt0,ethernet21/1,lvl021082703037,nic1.port1,50,6,0,0,lvl02-0101-0827-03lt0:ethernet21/1 -> lvl021082703037:nic1.port1,lvl021082703037:nic1.port1 -> lvl02-0101-0827-03lt0:ethernet21/1,1
2026-09-04 04:41:00.0000000,lvl02-0101-0827-03lt0,ethernet27/1,lvl021082703045,nic1.port1,50,2,0,0,lvl02-0101-0827-03lt0:ethernet27/1 -> lvl021082703045:nic1.port1,lvl021082703045:nic1.port1 -> lvl02-0101-0827-03lt0:ethernet27/1,1
2026-09-04 04:41:00.0000000,lvl02-0101-0827-03lt0,ethernet27/1,lvl021082703045,nic1.port1,50,3,0,0,lvl02-0101-0827-03lt0:ethernet27/1 -> lvl021082703045:nic1.port1,lvl021082703045:nic1.port1 -> lvl02-0101-0827-03lt0:ethernet27/1,1
2026-09-04 04:41:00.0000000,lvl02-0101-0827-03lt0,ethernet27/1,lvl021082703045,nic1.port1,50,4,0,0,lvl02-0101-0827-03lt0:ethernet27/1 -> lvl021082703045:nic1.port1,lvl021082703045:nic1.port1 -> lvl02-0101-0827-03lt0:ethernet27/1,1
2026-09-04 04:41:00.0000000,lvl02-0101-0827-03lt0,ethernet27/1,lvl021082703045,nic1.port1,50,6,0,0,lvl02-0101-0827-03lt0:ethernet27/1 -> lvl021082703045:nic1.port1,lvl021082703045:nic1.port1 -> lvl02-0101-0827-03lt0:ethernet27/1,1
2026-09-04 04:41:00.0000000,lvl02-0101-0827-03lt0,ethernet29/1,lvl021082703049,nic1.port1,50,2,0,0,lvl02-0101-0827-03lt0:ethernet29/1 -> lvl021082703049:nic1.port1,lvl021082703049:nic1.port1 -> lvl02-0101-0827-03lt0:ethernet29/1,1
2026-09-04 04:41:00.0000000,lvl02-0101-0827-03lt0,ethernet29/1,lvl021082703049,nic1.port1,50,3,0,0,lvl02-0101-0827-03lt0:ethernet29/1 -> lvl021082703049:nic1.port1,lvl021082703049:nic1.port1 -> lvl02-0101-0827-03lt0:ethernet29/1,1
2026-09-04 04:41:00.0000000,lvl02-0101-0827-03lt0,ethernet29/1,lvl021082703049,nic1.port1,50,4,0,0,lvl02-0101-0827-03lt0:ethernet29/1 -> lvl021082703049:nic1.port1,lvl021082703049:nic1.port1 -> lvl02-0101-0827-03lt0:ethernet29/1,1
2026-09-04 04:41:00.0000000,lvl02-0101-0827-03lt0,ethernet29/1,lvl021082703049,nic1.port1,50,6,0,0,lvl02-0101-0827-03lt0:ethernet29/1 -> lvl021082703049:nic1.port1,lvl021082703049:nic1.port1 -> lvl02-0101-0827-03lt0:ethernet29/1,1
2026-09-04 04:41:00.0000000,lvl02-0101-0827-03lt0,ethernet31/1,lvl021082703053,nic1.port1,50,2,0,0,lvl02-0101-0827-03lt0:ethernet31/1 -> lvl021082703053:nic1.port1,lvl021082703053:nic1.port1 -> lvl02-0101-0827-03lt0:ethernet31/1,1
2026-09-04 04:41:00.0000000,lvl02-0101-0827-03lt0,ethernet31/1,lvl021082703053,nic1.port1,50,3,0,8797,lvl02-0101-0827-03lt0:ethernet31/1 -> lvl021082703053:nic1.port1,lvl021082703053:nic1.port1 -> lvl02-0101-0827-03lt0:ethernet31/1,1
2026-09-04 04:41:00.0000000,lvl02-0101-0827-03lt0,ethernet31/1,lvl021082703053,nic1.port1,50,4,0,8797,lvl02-0101-0827-03lt0:ethernet31/1 -> lvl021082703053:nic1.port1,lvl021082703053:nic1.port1 -> lvl02-0101-0827-03lt0:ethernet31/1,1
2026-09-04 04:41:00.0000000,lvl02-0101-0827-03lt0,ethernet31/1,lvl021082703053,nic1.port1,50,6,0,0,lvl02-0101-0827-03lt0:ethernet31/1 -> lvl021082703053:nic1.port1,lvl021082703053:nic1.port1 -> lvl02-0101-0827-03lt0:ethernet31/1,1
2026-09-04 04:41:00.0000000,lvl02-0101-0827-03lt0,ethernet4/1,lvl021082703007,nic1.port1,50,2,0,0,lvl02-0101-0827-03lt0:ethernet4/1 -> lvl021082703007:nic1.port1,lvl021082703007:nic1.port1 -> lvl02-0101-0827-03lt0:ethernet4/1,1
2026-09-04 04:41:00.0000000,lvl02-0101-0827-03lt0,ethernet4/1,lvl021082703007,nic1.port1,50,3,0,0,lvl02-0101-0827-03lt0:ethernet4/1 -> lvl021082703007:nic1.port1,lvl021082703007:nic1.port1 -> lvl02-0101-0827-03lt0:ethernet4/1,1
2026-09-04 04:41:00.0000000,lvl02-0101-0827-03lt0,ethernet4/1,lvl021082703007,nic1.port1,50,4,0,0,lvl02-0101-0827-03lt0:ethernet4/1 -> lvl021082703007:nic1.port1,lvl021082703007:nic1.port1 -> lvl02-0101-0827-03lt0:ethernet4/1,1
2026-09-04 04:41:00.0000000,lvl02-0101-0827-03lt0,ethernet4/1,lvl021082703007,nic1.port1,50,6,0,0,lvl02-0101-0827-03lt0:ethernet4/1 -> lvl021082703007:nic1.port1,lvl021082703007:nic1.port1 -> lvl02-0101-0827-03lt0:ethernet4/1,1
2026-09-04 04:43:00.0000000,lvl02-0101-0827-03t0,ethernet12/1,lvl021082703019,nic1.port1,50,2,0,0,lvl02-0101-0827-03t0:ethernet12/1 -> lvl021082703019:nic1.port1,lvl021082703019:nic1.port1 -> lvl02-0101-0827-03t0:ethernet12/1,1
2026-09-04 04:43:00.0000000,lvl02-0101-0827-03t0,ethernet12/1,lvl021082703019,nic1.port1,50,3,0,0,lvl02-0101-0827-03t0:ethernet12/1 -> lvl021082703019:nic1.port1,lvl021082703019:nic1.port1 -> lvl02-0101-0827-03t0:ethernet12/1,1
2026-09-04 04:43:00.0000000,lvl02-0101-0827-03t0,ethernet12/1,lvl021082703019,nic1.port1,50,4,0,0,lvl02-0101-0827-03t0:ethernet12/1 -> lvl021082703019:nic1.port1,lvl021082703019:nic1.port1 -> lvl02-0101-0827-03t0:ethernet12/1,1
2026-09-04 04:43:00.0000000,lvl02-0101-0827-03t0,ethernet12/1,lvl021082703019,nic1.port1,50,6,0,0,lvl02-0101-0827-03t0:ethernet12/1 -> lvl021082703019:nic1.port1,lvl021082703019:nic1.port1 -> lvl02-0101-0827-03t0:ethernet12/1,1
2026-09-04 04:43:00.0000000,lvl02-0101-0827-03t0,ethernet14/1,lvl021082703023,nic1.port1,50,2,0,0,lvl02-0101-0827-03t0:ethernet14/1 -> lvl021082703023:nic1.port1,lvl021082703023:nic1.port1 -> lvl02-0101-0827-03t0:ethernet14/1,1
2026-09-04 04:43:00.0000000,lvl02-0101-0827-03t0,ethernet14/1,lvl021082703023,nic1.port1,50,3,0,0,lvl02-0101-0827-03t0:ethernet14/1 -> lvl021082703023:nic1.port1,lvl021082703023:nic1.port1 -> lvl02-0101-0827-03t0:ethernet14/1,1
2026-09-04 04:43:00.0000000,lvl02-0101-0827-03t0,ethernet14/1,lvl021082703023,nic1.port1,50,4,0,0,lvl02-0101-0827-03t0:ethernet14/1 -> lvl021082703023:nic1.port1,lvl021082703023:nic1.port1 -> lvl02-0101-0827-03t0:ethernet14/1,1
2026-09-04 04:43:00.0000000,lvl02-0101-0827-03t0,ethernet14/1,lvl021082703023,nic1.port1,50,6,0,0,lvl02-0101-0827-03t0:ethernet14/1 -> lvl021082703023:nic1.port1,lvl021082703023:nic1.port1 -> lvl02-0101-0827-03t0:ethernet14/1,1
2026-09-04 04:43:00.0000000,lvl02-0101-0827-03t0,ethernet15/1,lvl021082703025,nic1.port1,50,2,0,0,lvl02-0101-0827-03t0:ethernet15/1 -> lvl021082703025:nic1.port1,lvl021082703025:nic1.port1 -> lvl02-0101-0827-03t0:ethernet15/1,1
2026-09-04 04:43:00.0000000,lvl02-0101-0827-03t0,ethernet15/1,lvl021082703025,nic1.port1,50,3,0,0,lvl02-0101-0827-03t0:ethernet15/1 -> lvl021082703025:nic1.port1,lvl021082703025:nic1.port1 -> lvl02-0101-0827-03t0:ethernet15/1,1
2026-09-04 04:43:00.0000000,lvl02-0101-0827-03t0,ethernet15/1,lvl021082703025,nic1.port1,50,4,0,0,lvl02-0101-0827-03t0:ethernet15/1 -> lvl021082703025:nic1.port1,lvl021082703025:nic1.port1 -> lvl02-0101-0827-03t0:ethernet15/1,1
2026-09-04 04:43:00.0000000,lvl02-0101-0827-03t0,ethernet15/1,lvl021082703025,nic1.port1,50,6,0,0,lvl02-0101-0827-03t0:ethernet15/1 -> lvl021082703025:nic1.port1,lvl021082703025:nic1.port1 -> lvl02-0101-0827-03t0:ethernet15/1,1
2026-09-04 04:43:00.0000000,lvl02-0101-0827-03t0,ethernet18/1,lvl021082703031,nic1.port1,50,2,0,0,lvl02-0101-0827-03t0:ethernet18/1 -> lvl021082703031:nic1.port1,lvl021082703031:nic1.port1 -> lvl02-0101-0827-03t0:ethernet18/1,1
2026-09-04 04:43:00.0000000,lvl02-0101-0827-03t0,ethernet18/1,lvl021082703031,nic1.port1,50,3,0,0,lvl02-0101-0827-03t0:ethernet18/1 -> lvl021082703031:nic1.port1,lvl021082703031:nic1.port1 -> lvl02-0101-0827-03t0:ethernet18/1,1
2026-09-04 04:43:00.0000000,lvl02-0101-0827-03t0,ethernet18/1,lvl021082703031,nic1.port1,50,4,0,0,lvl02-0101-0827-03t0:ethernet18/1 -> lvl021082703031:nic1.port1,lvl021082703031:nic1.port1 -> lvl02-0101-0827-03t0:ethernet18/1,1
2026-09-04 04:43:00.0000000,lvl02-0101-0827-03t0,ethernet18/1,lvl021082703031,nic1.port1,50,6,0,0,lvl02-0101-0827-03t0:ethernet18/1 -> lvl021082703031:nic1.port1,lvl021082703031:nic1.port1 -> lvl02-0101-0827-03t0:ethernet18/1,1
2026-09-04 04:43:00.0000000,lvl02-0101-0827-03t0,ethernet19/1,lvl021082703033,nic1.port1,50,2,0,0,lvl02-0101-0827-03t0:ethernet19/1 -> lvl021082703033:nic1.port1,lvl021082703033:nic1.port1 -> lvl02-0101-0827-03t0:ethernet19/1,1
2026-09-04 04:43:00.0000000,lvl02-0101-0827-03t0,ethernet19/1,lvl021082703033,nic1.port1,50,3,0,0,lvl02-0101-0827-03t0:ethernet19/1 -> lvl021082703033:nic1.port1,lvl021082703033:nic1.port1 -> lvl02-0101-0827-03t0:ethernet19/1,1
2026-09-04 04:43:00.0000000,lvl02-0101-0827-03t0,ethernet19/1,lvl021082703033,nic1.port1,50,4,0,0,lvl02-0101-0827-03t0:ethernet19/1 -> lvl021082703033:nic1.port1,lvl021082703033:nic1.port1 -> lvl02-0101-0827-03t0:ethernet19/1,1
2026-09-04 04:43:00.0000000,lvl02-0101-0827-03t0,ethernet19/1,lvl021082703033,nic1.port1,50,6,0,0,lvl02-0101-0827-03t0:ethernet19/1 -> lvl021082703033:nic1.port1,lvl021082703033:nic1.port1 -> lvl02-0101-0827-03t0:ethernet19/1,1
2026-09-04 04:43:00.0000000,lvl02-0101-0827-03t0,ethernet2/1,lvl021082703003,nic1.port1,50,2,0,0,lvl02-0101-0827-03t0:ethernet2/1 -> lvl021082703003:nic1.port1,lvl021082703003:nic1.port1 -> lvl02-0101-0827-03t0:ethernet2/1,1
2026-09-04 04:43:00.0000000,lvl02-0101-0827-03t0,ethernet2/1,lvl021082703003,nic1.port1,50,3,0,0,lvl02-0101-0827-03t0:ethernet2/1 -> lvl021082703003:nic1.port1,lvl021082703003:nic1.port1 -> lvl02-0101-0827-03t0:ethernet2/1,1
2026-09-04 04:43:00.0000000,lvl02-0101-0827-03t0,ethernet2/1,lvl021082703003,nic1.port1,50,4,0,0,lvl02-0101-0827-03t0:ethernet2/1 -> lvl021082703003:nic1.port1,lvl021082703003:nic1.port1 -> lvl02-0101-0827-03t0:ethernet2/1,1
2026-09-04 04:43:00.0000000,lvl02-0101-0827-03t0,ethernet2/1,lvl021082703003,nic1.port1,50,6,0,0,lvl02-0101-0827-03t0:ethernet2/1 -> lvl021082703003:nic1.port1,lvl021082703003:nic1.port1 -> lvl02-0101-0827-03t0:ethernet2/1,1
2026-09-04 04:43:00.0000000,lvl02-0101-0827-03t0,ethernet21/1,lvl021082703037,nic1.port1,50,2,0,0,lvl02-0101-0827-03t0:ethernet21/1 -> lvl021082703037:nic1.port1,lvl021082703037:nic1.port1 -> lvl02-0101-0827-03t0:ethernet21/1,1
2026-09-04 04:43:00.0000000,lvl02-0101-0827-03t0,ethernet21/1,lvl021082703037,nic1.port1,50,3,0,0,lvl02-0101-0827-03t0:ethernet21/1 -> lvl021082703037:nic1.port1,lvl021082703037:nic1.port1 -> lvl02-0101-0827-03t0:ethernet21/1,1
2026-09-04 04:43:00.0000000,lvl02-0101-0827-03t0,ethernet21/1,lvl021082703037,nic1.port1,50,4,0,0,lvl02-0101-0827-03t0:ethernet21/1 -> lvl021082703037:nic1.port1,lvl021082703037:nic1.port1 -> lvl02-0101-0827-03t0:ethernet21/1,1
2026-09-04 04:43:00.0000000,lvl02-0101-0827-03t0,ethernet21/1,lvl021082703037,nic1.port1,50,6,0,0,lvl02-0101-0827-03t0:ethernet21/1 -> lvl021082703037:nic1.port1,lvl021082703037:nic1.port1 -> lvl02-0101-0827-03t0:ethernet21/1,1
2026-09-04 04:43:00.0000000,lvl02-0101-0827-03t0,ethernet27/1,lvl021082703045,nic1.port1,50,2,0,0,lvl02-0101-0827-03t0:ethernet27/1 -> lvl021082703045:nic1.port1,lvl021082703045:nic1.port1 -> lvl02-0101-0827-03t0:ethernet27/1,1
2026-09-04 04:43:00.0000000,lvl02-0101-0827-03t0,ethernet27/1,lvl021082703045,nic1.port1,50,3,0,0,lvl02-0101-0827-03t0:ethernet27/1 -> lvl021082703045:nic1.port1,lvl021082703045:nic1.port1 -> lvl02-0101-0827-03t0:ethernet27/1,1
2026-09-04 04:43:00.0000000,lvl02-0101-0827-03t0,ethernet27/1,lvl021082703045,nic1.port1,50,4,0,0,lvl02-0101-0827-03t0:ethernet27/1 -> lvl021082703045:nic1.port1,lvl021082703045:nic1.port1 -> lvl02-0101-0827-03t0:ethernet27/1,1
2026-09-04 04:43:00.0000000,lvl02-0101-0827-03t0,ethernet27/1,lvl021082703045,nic1.port1,50,6,0,0,lvl02-0101-0827-03t0:ethernet27/1 -> lvl021082703045:nic1.port1,lvl021082703045:nic1.port1 -> lvl02-0101-0827-03t0:ethernet27/1,1
2026-09-04 04:43:00.0000000,lvl02-0101-0827-03t0,ethernet29/1,lvl021082703049,nic1.port1,50,2,0,0,lvl02-0101-0827-03t0:ethernet29/1 -> lvl021082703049:nic1.port1,lvl021082703049:nic1.port1 -> lvl02-0101-0827-03t0:ethernet29/1,1
2026-09-04 04:43:00.0000000,lvl02-0101-0827-03t0,ethernet29/1,lvl021082703049,nic1.port1,50,3,0,0,lvl02-0101-0827-03t0:ethernet29/1 -> lvl021082703049:nic1.port1,lvl021082703049:nic1.port1 -> lvl02-0101-0827-03t0:ethernet29/1,1
2026-09-04 04:43:00.0000000,lvl02-0101-0827-03t0,ethernet29/1,lvl021082703049,nic1.port1,50,4,0,0,lvl02-0101-0827-03t0:ethernet29/1 -> lvl021082703049:nic1.port1,lvl021082703049:nic1.port1 -> lvl02-0101-0827-03t0:ethernet29/1,1
2026-09-04 04:43:00.0000000,lvl02-0101-0827-03t0,ethernet29/1,lvl021082703049,nic1.port1,50,6,0,0,lvl02-0101-0827-03t0:ethernet29/1 -> lvl021082703049:nic1.port1,lvl021082703049:nic1.port1 -> lvl02-0101-0827-03t0:ethernet29/1,1
2026-09-04 04:43:00.0000000,lvl02-0101-0827-03t0,ethernet31/1,lvl021082703053,nic1.port1,50,2,0,0,lvl02-0101-0827-03t0:ethernet31/1 -> lvl021082703053:nic1.port1,lvl021082703053:nic1.port1 -> lvl02-0101-0827-03t0:ethernet31/1,1
2026-09-04 04:43:00.0000000,lvl02-0101-0827-03t0,ethernet31/1,lvl021082703053,nic1.port1,50,3,0,9369,lvl02-0101-0827-03t0:ethernet31/1 -> lvl021082703053:nic1.port1,lvl021082703053:nic1.port1 -> lvl02-0101-0827-03t0:ethernet31/1,1
2026-09-04 04:43:00.0000000,lvl02-0101-0827-03t0,ethernet31/1,lvl021082703053,nic1.port1,50,4,0,9369,lvl02-0101-0827-03t0:ethernet31/1 -> lvl021082703053:nic1.port1,lvl021082703053:nic1.port1 -> lvl02-0101-0827-03t0:ethernet31/1,1
2026-09-04 04:43:00.0000000,lvl02-0101-0827-03t0,ethernet31/1,lvl021082703053,nic1.port1,50,6,0,0,lvl02-0101-0827-03t0:ethernet31/1 -> lvl021082703053:nic1.port1,lvl021082703053:nic1.port1 -> lvl02-0101-0827-03t0:ethernet31/1,1
2026-09-04 04:43:00.0000000,lvl02-0101-0827-03t0,ethernet4/1,lvl021082703007,nic1.port1,50,2,0,0,lvl02-0101-0827-03t0:ethernet4/1 -> lvl021082703007:nic1.port1,lvl021082703007:nic1.port1 -> lvl02-0101-0827-03t0:ethernet4/1,1
2026-09-04 04:43:00.0000000,lvl02-0101-0827-03t0,ethernet4/1,lvl021082703007,nic1.port1,50,3,0,0,lvl02-0101-0827-03t0:ethernet4/1 -> lvl021082703007:nic1.port1,lvl021082703007:nic1.port1 -> lvl02-0101-0827-03t0:ethernet4/1,1
2026-09-04 04:43:00.0000000,lvl02-0101-0827-03t0,ethernet4/1,lvl021082703007,nic1.port1,50,4,0,0,lvl02-0101-0827-03t0:ethernet4/1 -> lvl021082703007:nic1.port1,lvl021082703007:nic1.port1 -> lvl02-0101-0827-03t0:ethernet4/1,1
2026-09-04 04:43:00.0000000,lvl02-0101-0827-03t0,ethernet4/1,lvl021082703007,nic1.port1,50,6,0,0,lvl02-0101-0827-03t0:ethernet4/1 -> lvl021082703007:nic1.port1,lvl021082703007:nic1.port1 -> lvl02-0101-0827-03t0:ethernet4/1,1
2026-09-04 04:46:00.0000000,lvl02-0101-0827-03lt0,ethernet12/1,lvl021082703019,nic1.port1,50,2,0,0,lvl02-0101-0827-03lt0:ethernet12/1 -> lvl021082703019:nic1.port1,lvl021082703019:nic1.port1 -> lvl02-0101-0827-03lt0:ethernet12/1,1
2026-09-04 04:46:00.0000000,lvl02-0101-0827-03lt0,ethernet12/1,lvl021082703019,nic1.port1,50,3,0,2,lvl02-0101-0827-03lt0:ethernet12/1 -> lvl021082703019:nic1.port1,lvl021082703019:nic1.port1 -> lvl02-0101-0827-03lt0:ethernet12/1,1
2026-09-04 04:46:00.0000000,lvl02-0101-0827-03lt0,ethernet12/1,lvl021082703019,nic1.port1,50,4,0,2,lvl02-0101-0827-03lt0:ethernet12/1 -> lvl021082703019:nic1.port1,lvl021082703019:nic1.port1 -> lvl02-0101-0827-03lt0:ethernet12/1,1
2026-09-04 04:46:00.0000000,lvl02-0101-0827-03lt0,ethernet12/1,lvl021082703019,nic1.port1,50,6,0,0,lvl02-0101-0827-03lt0:ethernet12/1 -> lvl021082703019:nic1.port1,lvl021082703019:nic1.port1 -> lvl02-0101-0827-03lt0:ethernet12/1,1
2026-09-04 04:46:00.0000000,lvl02-0101-0827-03lt0,ethernet14/1,lvl021082703023,nic1.port1,50,2,0,0,lvl02-0101-0827-03lt0:ethernet14/1 -> lvl021082703023:nic1.port1,lvl021082703023:nic1.port1 -> lvl02-0101-0827-03lt0:ethernet14/1,1
2026-09-04 04:46:00.0000000,lvl02-0101-0827-03lt0,ethernet14/1,lvl021082703023,nic1.port1,50,3,0,12,lvl02-0101-0827-03lt0:ethernet14/1 -> lvl021082703023:nic1.port1,lvl021082703023:nic1.port1 -> lvl02-0101-0827-03lt0:ethernet14/1,1
2026-09-04 04:46:00.0000000,lvl02-0101-0827-03lt0,ethernet14/1,lvl021082703023,nic1.port1,50,4,0,12,lvl02-0101-0827-03lt0:ethernet14/1 -> lvl021082703023:nic1.port1,lvl021082703023:nic1.port1 -> lvl02-0101-0827-03lt0:ethernet14/1,1
2026-09-04 04:46:00.0000000,lvl02-0101-0827-03lt0,ethernet14/1,lvl021082703023,nic1.port1,50,6,0,0,lvl02-0101-0827-03lt0:ethernet14/1 -> lvl021082703023:nic1.port1,lvl021082703023:nic1.port1 -> lvl02-0101-0827-03lt0:ethernet14/1,1
2026-09-04 04:46:00.0000000,lvl02-0101-0827-03lt0,ethernet15/1,lvl021082703025,nic1.port1,50,2,0,0,lvl02-0101-0827-03lt0:ethernet15/1 -> lvl021082703025:nic1.port1,lvl021082703025:nic1.port1 -> lvl02-0101-0827-03lt0:ethernet15/1,1
2026-09-04 04:46:00.0000000,lvl02-0101-0827-03lt0,ethernet15/1,lvl021082703025,nic1.port1,50,3,0,0,lvl02-0101-0827-03lt0:ethernet15/1 -> lvl021082703025:nic1.port1,lvl021082703025:nic1.port1 -> lvl02-0101-0827-03lt0:ethernet15/1,1
2026-09-04 04:46:00.0000000,lvl02-0101-0827-03lt0,ethernet15/1,lvl021082703025,nic1.port1,50,4,0,0,lvl02-0101-0827-03lt0:ethernet15/1 -> lvl021082703025:nic1.port1,lvl021082703025:nic1.port1 -> lvl02-0101-0827-03lt0:ethernet15/1,1
2026-09-04 04:46:00.0000000,lvl02-0101-0827-03lt0,ethernet15/1,lvl021082703025,nic1.port1,50,6,0,0,lvl02-0101-0827-03lt0:ethernet15/1 -> lvl021082703025:nic1.port1,lvl021082703025:nic1.port1 -> lvl02-0101-0827-03lt0:ethernet15/1,1
2026-09-04 04:46:00.0000000,lvl02-0101-0827-03lt0,ethernet18/1,lvl021082703031,nic1.port1,50,2,0,0,lvl02-0101-0827-03lt0:ethernet18/1 -> lvl021082703031:nic1.port1,lvl021082703031:nic1.port1 -> lvl02-0101-0827-03lt0:ethernet18/1,1
2026-09-04 04:46:00.0000000,lvl02-0101-0827-03lt0,ethernet18/1,lvl021082703031,nic1.port1,50,3,0,0,lvl02-0101-0827-03lt0:ethernet18/1 -> lvl021082703031:nic1.port1,lvl021082703031:nic1.port1 -> lvl02-0101-0827-03lt0:ethernet18/1,1
2026-09-04 04:46:00.0000000,lvl02-0101-0827-03lt0,ethernet18/1,lvl021082703031,nic1.port1,50,4,0,0,lvl02-0101-0827-03lt0:ethernet18/1 -> lvl021082703031:nic1.port1,lvl021082703031:nic1.port1 -> lvl02-0101-0827-03lt0:ethernet18/1,1
2026-09-04 04:46:00.0000000,lvl02-0101-0827-03lt0,ethernet18/1,lvl021082703031,nic1.port1,50,6,0,0,lvl02-0101-0827-03lt0:ethernet18/1 -> lvl021082703031:nic1.port1,lvl021082703031:nic1.port1 -> lvl02-0101-0827-03lt0:ethernet18/1,1
2026-09-04 04:46:00.0000000,lvl02-0101-0827-03lt0,ethernet19/1,lvl021082703033,nic1.port1,50,2,0,0,lvl02-0101-0827-03lt0:ethernet19/1 -> lvl021082703033:nic1.port1,lvl021082703033:nic1.port1 -> lvl02-0101-0827-03lt0:ethernet19/1,1
2026-09-04 04:46:00.0000000,lvl02-0101-0827-03lt0,ethernet19/1,lvl021082703033,nic1.port1,50,3,0,0,lvl02-0101-0827-03lt0:ethernet19/1 -> lvl021082703033:nic1.port1,lvl021082703033:nic1.port1 -> lvl02-0101-0827-03lt0:ethernet19/1,1
2026-09-04 04:46:00.0000000,lvl02-0101-0827-03lt0,ethernet19/1,lvl021082703033,nic1.port1,50,4,0,0,lvl02-0101-0827-03lt0:ethernet19/1 -> lvl021082703033:nic1.port1,lvl021082703033:nic1.port1 -> lvl02-0101-0827-03lt0:ethernet19/1,1
2026-09-04 04:46:00.0000000,lvl02-0101-0827-03lt0,ethernet19/1,lvl021082703033,nic1.port1,50,6,0,0,lvl02-0101-0827-03lt0:ethernet19/1 -> lvl021082703033:nic1.port1,lvl021082703033:nic1.port1 -> lvl02-0101-0827-03lt0:ethernet19/1,1
2026-09-04 04:46:00.0000000,lvl02-0101-0827-03lt0,ethernet2/1,lvl021082703003,nic1.port1,50,2,0,0,lvl02-0101-0827-03lt0:ethernet2/1 -> lvl021082703003:nic1.port1,lvl021082703003:nic1.port1 -> lvl02-0101-0827-03lt0:ethernet2/1,1
2026-09-04 04:46:00.0000000,lvl02-0101-0827-03lt0,ethernet2/1,lvl021082703003,nic1.port1,50,3,0,0,lvl02-0101-0827-03lt0:ethernet2/1 -> lvl021082703003:nic1.port1,lvl021082703003:nic1.port1 -> lvl02-0101-0827-03lt0:ethernet2/1,1
2026-09-04 04:46:00.0000000,lvl02-0101-0827-03lt0,ethernet2/1,lvl021082703003,nic1.port1,50,4,0,0,lvl02-0101-0827-03lt0:ethernet2/1 -> lvl021082703003:nic1.port1,lvl021082703003:nic1.port1 -> lvl02-0101-0827-03lt0:ethernet2/1,1
2026-09-04 04:46:00.0000000,lvl02-0101-0827-03lt0,ethernet2/1,lvl021082703003,nic1.port1,50,6,0,0,lvl02-0101-0827-03lt0:ethernet2/1 -> lvl021082703003:nic1.port1,lvl021082703003:nic1.port1 -> lvl02-0101-0827-03lt0:ethernet2/1,1
2026-09-04 04:46:00.0000000,lvl02-0101-0827-03lt0,ethernet21/1,lvl021082703037,nic1.port1,50,2,0,0,lvl02-0101-0827-03lt0:ethernet21/1 -> lvl021082703037:nic1.port1,lvl021082703037:nic1.port1 -> lvl02-0101-0827-03lt0:ethernet21/1,1
2026-09-04 04:46:00.0000000,lvl02-0101-0827-03lt0,ethernet21/1,lvl021082703037,nic1.port1,50,3,0,0,lvl02-0101-0827-03lt0:ethernet21/1 -> lvl021082703037:nic1.port1,lvl021082703037:nic1.port1 -> lvl02-0101-0827-03lt0:ethernet21/1,1
2026-09-04 04:46:00.0000000,lvl02-0101-0827-03lt0,ethernet21/1,lvl021082703037,nic1.port1,50,4,0,0,lvl02-0101-0827-03lt0:ethernet21/1 -> lvl021082703037:nic1.port1,lvl021082703037:nic1.port1 -> lvl02-0101-0827-03lt0:ethernet21/1,1
2026-09-04 04:46:00.0000000,lvl02-0101-0827-03lt0,ethernet21/1,lvl021082703037,nic1.port1,50,6,0,0,lvl02-0101-0827-03lt0:ethernet21/1 -> lvl021082703037:nic1.port1,lvl021082703037:nic1.port1 -> lvl02-0101-0827-03lt0:ethernet21/1,1
2026-09-04 04:46:00.0000000,lvl02-0101-0827-03lt0,ethernet27/1,lvl021082703045,nic1.port1,50,2,0,0,lvl02-0101-0827-03lt0:ethernet27/1 -> lvl021082703045:nic1.port1,lvl021082703045:nic1.port1 -> lvl02-0101-0827-03lt0:ethernet27/1,1
2026-09-04 04:46:00.0000000,lvl02-0101-0827-03lt0,ethernet27/1,lvl021082703045,nic1.port1,50,3,0,0,lvl02-0101-0827-03lt0:ethernet27/1 -> lvl021082703045:nic1.port1,lvl021082703045:nic1.port1 -> lvl02-0101-0827-03lt0:ethernet27/1,1
2026-09-04 04:46:00.0000000,lvl02-0101-0827-03lt0,ethernet27/1,lvl021082703045,nic1.port1,50,4,0,0,lvl02-0101-0827-03lt0:ethernet27/1 -> lvl021082703045:nic1.port1,lvl021082703045:nic1.port1 -> lvl02-0101-0827-03lt0:ethernet27/1,1
2026-09-04 04:46:00.0000000,lvl02-0101-0827-03lt0,ethernet27/1,lvl021082703045,nic1.port1,50,6,0,0,lvl02-0101-0827-03lt0:ethernet27/1 -> lvl021082703045:nic1.port1,lvl021082703045:nic1.port1 -> lvl02-0101-0827-03lt0:ethernet27/1,1
2026-09-04 04:46:00.0000000,lvl02-0101-0827-03lt0,ethernet29/1,lvl021082703049,nic1.port1,50,2,0,0,lvl02-0101-0827-03lt0:ethernet29/1 -> lvl021082703049:nic1.port1,lvl021082703049:nic1.port1 -> lvl02-0101-0827-03lt0:ethernet29/1,1
2026-09-04 04:46:00.0000000,lvl02-0101-0827-03lt0,ethernet29/1,lvl021082703049,nic1.port1,50,3,0,0,lvl02-0101-0827-03lt0:ethernet29/1 -> lvl021082703049:nic1.port1,lvl021082703049:nic1.port1 -> lvl02-0101-0827-03lt0:ethernet29/1,1
2026-09-04 04:46:00.0000000,lvl02-0101-0827-03lt0,ethernet29/1,lvl021082703049,nic1.port1,50,4,0,0,lvl02-0101-0827-03lt0:ethernet29/1 -> lvl021082703049:nic1.port1,lvl021082703049:nic1.port1 -> lvl02-0101-0827-03lt0:ethernet29/1,1
2026-09-04 04:46:00.0000000,lvl02-0101-0827-03lt0,ethernet29/1,lvl021082703049,nic1.port1,50,6,0,0,lvl02-0101-0827-03lt0:ethernet29/1 -> lvl021082703049:nic1.port1,lvl021082703049:nic1.port1 -> lvl02-0101-0827-03lt0:ethernet29/1,1
2026-09-04 04:46:00.0000000,lvl02-0101-0827-03lt0,ethernet31/1,lvl021082703053,nic1.port1,50,2,0,0,lvl02-0101-0827-03lt0:ethernet31/1 -> lvl021082703053:nic1.port1,lvl021082703053:nic1.port1 -> lvl02-0101-0827-03lt0:ethernet31/1,1
2026-09-04 04:46:00.0000000,lvl02-0101-0827-03lt0,ethernet31/1,lvl021082703053,nic1.port1,50,3,0,8379,lvl02-0101-0827-03lt0:ethernet31/1 -> lvl021082703053:nic1.port1,lvl021082703053:nic1.port1 -> lvl02-0101-0827-03lt0:ethernet31/1,1
2026-09-04 04:46:00.0000000,lvl02-0101-0827-03lt0,ethernet31/1,lvl021082703053,nic1.port1,50,4,0,8379,lvl02-0101-0827-03lt0:ethernet31/1 -> lvl021082703053:nic1.port1,lvl021082703053:nic1.port1 -> lvl02-0101-0827-03lt0:ethernet31/1,1
2026-09-04 04:46:00.0000000,lvl02-0101-0827-03lt0,ethernet31/1,lvl021082703053,nic1.port1,50,6,0,0,lvl02-0101-0827-03lt0:ethernet31/1 -> lvl021082703053:nic1.port1,lvl021082703053:nic1.port1 -> lvl02-0101-0827-03lt0:ethernet31/1,1
2026-09-04 04:46:00.0000000,lvl02-0101-0827-03lt0,ethernet4/1,lvl021082703007,nic1.port1,50,2,0,0,lvl02-0101-0827-03lt0:ethernet4/1 -> lvl021082703007:nic1.port1,lvl021082703007:nic1.port1 -> lvl02-0101-0827-03lt0:ethernet4/1,1
2026-09-04 04:46:00.0000000,lvl02-0101-0827-03lt0,ethernet4/1,lvl021082703007,nic1.port1,50,3,0,0,lvl02-0101-0827-03lt0:ethernet4/1 -> lvl021082703007:nic1.port1,lvl021082703007:nic1.port1 -> lvl02-0101-0827-03lt0:ethernet4/1,1
2026-09-04 04:46:00.0000000,lvl02-0101-0827-03lt0,ethernet4/1,lvl021082703007,nic1.port1,50,4,0,0,lvl02-0101-0827-03lt0:ethernet4/1 -> lvl021082703007:nic1.port1,lvl021082703007:nic1.port1 -> lvl02-0101-0827-03lt0:ethernet4/1,1
2026-09-04 04:46:00.0000000,lvl02-0101-0827-03lt0,ethernet4/1,lvl021082703007,nic1.port1,50,6,0,0,lvl02-0101-0827-03lt0:ethernet4/1 -> lvl021082703007:nic1.port1,lvl021082703007:nic1.port1 -> lvl02-0101-0827-03lt0:ethernet4/1,1
2026-09-04 04:48:00.0000000,lvl02-0101-0827-03t0,ethernet12/1,lvl021082703019,nic1.port1,50,2,0,0,lvl02-0101-0827-03t0:ethernet12/1 -> lvl021082703019:nic1.port1,lvl021082703019:nic1.port1 -> lvl02-0101-0827-03t0:ethernet12/1,1
2026-09-04 04:48:00.0000000,lvl02-0101-0827-03t0,ethernet12/1,lvl021082703019,nic1.port1,50,3,0,2,lvl02-0101-0827-03t0:ethernet12/1 -> lvl021082703019:nic1.port1,lvl021082703019:nic1.port1 -> lvl02-0101-0827-03t0:ethernet12/1,1
2026-09-04 04:48:00.0000000,lvl02-0101-0827-03t0,ethernet12/1,lvl021082703019,nic1.port1,50,4,0,2,lvl02-0101-0827-03t0:ethernet12/1 -> lvl021082703019:nic1.port1,lvl021082703019:nic1.port1 -> lvl02-0101-0827-03t0:ethernet12/1,1
2026-09-04 04:48:00.0000000,lvl02-0101-0827-03t0,ethernet12/1,lvl021082703019,nic1.port1,50,6,0,0,lvl02-0101-0827-03t0:ethernet12/1 -> lvl021082703019:nic1.port1,lvl021082703019:nic1.port1 -> lvl02-0101-0827-03t0:ethernet12/1,1
2026-09-04 04:48:00.0000000,lvl02-0101-0827-03t0,ethernet14/1,lvl021082703023,nic1.port1,50,2,0,0,lvl02-0101-0827-03t0:ethernet14/1 -> lvl021082703023:nic1.port1,lvl021082703023:nic1.port1 -> lvl02-0101-0827-03t0:ethernet14/1,1
2026-09-04 04:48:00.0000000,lvl02-0101-0827-03t0,ethernet14/1,lvl021082703023,nic1.port1,50,3,0,12,lvl02-0101-0827-03t0:ethernet14/1 -> lvl021082703023:nic1.port1,lvl021082703023:nic1.port1 -> lvl02-0101-0827-03t0:ethernet14/1,1
2026-09-04 04:48:00.0000000,lvl02-0101-0827-03t0,ethernet14/1,lvl021082703023,nic1.port1,50,4,0,12,lvl02-0101-0827-03t0:ethernet14/1 -> lvl021082703023:nic1.port1,lvl021082703023:nic1.port1 -> lvl02-0101-0827-03t0:ethernet14/1,1
2026-09-04 04:48:00.0000000,lvl02-0101-0827-03t0,ethernet14/1,lvl021082703023,nic1.port1,50,6,0,0,lvl02-0101-0827-03t0:ethernet14/1 -> lvl021082703023:nic1.port1,lvl021082703023:nic1.port1 -> lvl02-0101-0827-03t0:ethernet14/1,1
2026-09-04 04:48:00.0000000,lvl02-0101-0827-03t0,ethernet15/1,lvl021082703025,nic1.port1,50,2,0,0,lvl02-0101-0827-03t0:ethernet15/1 -> lvl021082703025:nic1.port1,lvl021082703025:nic1.port1 -> lvl02-0101-0827-03t0:ethernet15/1,1
2026-09-04 04:48:00.0000000,lvl02-0101-0827-03t0,ethernet15/1,lvl021082703025,nic1.port1,50,3,0,0,lvl02-0101-0827-03t0:ethernet15/1 -> lvl021082703025:nic1.port1,lvl021082703025:nic1.port1 -> lvl02-0101-0827-03t0:ethernet15/1,1
2026-09-04 04:48:00.0000000,lvl02-0101-0827-03t0,ethernet15/1,lvl021082703025,nic1.port1,50,4,0,0,lvl02-0101-0827-03t0:ethernet15/1 -> lvl021082703025:nic1.port1,lvl021082703025:nic1.port1 -> lvl02-0101-0827-03t0:ethernet15/1,1
2026-09-04 04:48:00.0000000,lvl02-0101-0827-03t0,ethernet15/1,lvl021082703025,nic1.port1,50,6,0,0,lvl02-0101-0827-03t0:ethernet15/1 -> lvl021082703025:nic1.port1,lvl021082703025:nic1.port1 -> lvl02-0101-0827-03t0:ethernet15/1,1
2026-09-04 04:48:00.0000000,lvl02-0101-0827-03t0,ethernet18/1,lvl021082703031,nic1.port1,50,2,0,0,lvl02-0101-0827-03t0:ethernet18/1 -> lvl021082703031:nic1.port1,lvl021082703031:nic1.port1 -> lvl02-0101-0827-03t0:ethernet18/1,1
2026-09-04 04:48:00.0000000,lvl02-0101-0827-03t0,ethernet18/1,lvl021082703031,nic1.port1,50,3,0,0,lvl02-0101-0827-03t0:ethernet18/1 -> lvl021082703031:nic1.port1,lvl021082703031:nic1.port1 -> lvl02-0101-0827-03t0:ethernet18/1,1
2026-09-04 04:48:00.0000000,lvl02-0101-0827-03t0,ethernet18/1,lvl021082703031,nic1.port1,50,4,0,0,lvl02-0101-0827-03t0:ethernet18/1 -> lvl021082703031:nic1.port1,lvl021082703031:nic1.port1 -> lvl02-0101-0827-03t0:ethernet18/1,1
2026-09-04 04:48:00.0000000,lvl02-0101-0827-03t0,ethernet18/1,lvl021082703031,nic1.port1,50,6,0,0,lvl02-0101-0827-03t0:ethernet18/1 -> lvl021082703031:nic1.port1,lvl021082703031:nic1.port1 -> lvl02-0101-0827-03t0:ethernet18/1,1
2026-09-04 04:48:00.0000000,lvl02-0101-0827-03t0,ethernet19/1,lvl021082703033,nic1.port1,50,2,0,0,lvl02-0101-0827-03t0:ethernet19/1 -> lvl021082703033:nic1.port1,lvl021082703033:nic1.port1 -> lvl02-0101-0827-03t0:ethernet19/1,1
2026-09-04 04:48:00.0000000,lvl02-0101-0827-03t0,ethernet19/1,lvl021082703033,nic1.port1,50,3,0,0,lvl02-0101-0827-03t0:ethernet19/1 -> lvl021082703033:nic1.port1,lvl021082703033:nic1.port1 -> lvl02-0101-0827-03t0:ethernet19/1,1
2026-09-04 04:48:00.0000000,lvl02-0101-0827-03t0,ethernet19/1,lvl021082703033,nic1.port1,50,4,0,0,lvl02-0101-0827-03t0:ethernet19/1 -> lvl021082703033:nic1.port1,lvl021082703033:nic1.port1 -> lvl02-0101-0827-03t0:ethernet19/1,1
2026-09-04 04:48:00.0000000,lvl02-0101-0827-03t0,ethernet19/1,lvl021082703033,nic1.port1,50,6,0,0,lvl02-0101-0827-03t0:ethernet19/1 -> lvl021082703033:nic1.port1,lvl021082703033:nic1.port1 -> lvl02-0101-0827-03t0:ethernet19/1,1
2026-09-04 04:48:00.0000000,lvl02-0101-0827-03t0,ethernet2/1,lvl021082703003,nic1.port1,50,2,0,0,lvl02-0101-0827-03t0:ethernet2/1 -> lvl021082703003:nic1.port1,lvl021082703003:nic1.port1 -> lvl02-0101-0827-03t0:ethernet2/1,1
2026-09-04 04:48:00.0000000,lvl02-0101-0827-03t0,ethernet2/1,lvl021082703003,nic1.port1,50,3,0,0,lvl02-0101-0827-03t0:ethernet2/1 -> lvl021082703003:nic1.port1,lvl021082703003:nic1.port1 -> lvl02-0101-0827-03t0:ethernet2/1,1
2026-09-04 04:48:00.0000000,lvl02-0101-0827-03t0,ethernet2/1,lvl021082703003,nic1.port1,50,4,0,0,lvl02-0101-0827-03t0:ethernet2/1 -> lvl021082703003:nic1.port1,lvl021082703003:nic1.port1 -> lvl02-0101-0827-03t0:ethernet2/1,1
2026-09-04 04:48:00.0000000,lvl02-0101-0827-03t0,ethernet2/1,lvl021082703003,nic1.port1,50,6,0,0,lvl02-0101-0827-03t0:ethernet2/1 -> lvl021082703003:nic1.port1,lvl021082703003:nic1.port1 -> lvl02-0101-0827-03t0:ethernet2/1,1
2026-09-04 04:48:00.0000000,lvl02-0101-0827-03t0,ethernet21/1,lvl021082703037,nic1.port1,50,2,0,0,lvl02-0101-0827-03t0:ethernet21/1 -> lvl021082703037:nic1.port1,lvl021082703037:nic1.port1 -> lvl02-0101-0827-03t0:ethernet21/1,1
2026-09-04 04:48:00.0000000,lvl02-0101-0827-03t0,ethernet21/1,lvl021082703037,nic1.port1,50,3,0,0,lvl02-0101-0827-03t0:ethernet21/1 -> lvl021082703037:nic1.port1,lvl021082703037:nic1.port1 -> lvl02-0101-0827-03t0:ethernet21/1,1
2026-09-04 04:48:00.0000000,lvl02-0101-0827-03t0,ethernet21/1,lvl021082703037,nic1.port1,50,4,0,0,lvl02-0101-0827-03t0:ethernet21/1 -> lvl021082703037:nic1.port1,lvl021082703037:nic1.port1 -> lvl02-0101-0827-03t0:ethernet21/1,1
2026-09-04 04:48:00.0000000,lvl02-0101-0827-03t0,ethernet21/1,lvl021082703037,nic1.port1,50,6,0,0,lvl02-0101-0827-03t0:ethernet21/1 -> lvl021082703037:nic1.port1,lvl021082703037:nic1.port1 -> lvl02-0101-0827-03t0:ethernet21/1,1
2026-09-04 04:48:00.0000000,lvl02-0101-0827-03t0,ethernet27/1,lvl021082703045,nic1.port1,50,2,0,0,lvl02-0101-0827-03t0:ethernet27/1 -> lvl021082703045:nic1.port1,lvl021082703045:nic1.port1 -> lvl02-0101-0827-03t0:ethernet27/1,1
2026-09-04 04:48:00.0000000,lvl02-0101-0827-03t0,ethernet27/1,lvl021082703045,nic1.port1,50,3,0,0,lvl02-0101-0827-03t0:ethernet27/1 -> lvl021082703045:nic1.port1,lvl021082703045:nic1.port1 -> lvl02-0101-0827-03t0:ethernet27/1,1
2026-09-04 04:48:00.0000000,lvl02-0101-0827-03t0,ethernet27/1,lvl021082703045,nic1.port1,50,4,0,0,lvl02-0101-0827-03t0:ethernet27/1 -> lvl021082703045:nic1.port1,lvl021082703045:nic1.port1 -> lvl02-0101-0827-03t0:ethernet27/1,1
2026-09-04 04:48:00.0000000,lvl02-0101-0827-03t0,ethernet27/1,lvl021082703045,nic1.port1,50,6,0,0,lvl02-0101-0827-03t0:ethernet27/1 -> lvl021082703045:nic1.port1,lvl021082703045:nic1.port1 -> lvl02-0101-0827-03t0:ethernet27/1,1
2026-09-04 04:48:00.0000000,lvl02-0101-0827-03t0,ethernet29/1,lvl021082703049,nic1.port1,50,2,0,0,lvl02-0101-0827-03t0:ethernet29/1 -> lvl021082703049:nic1.port1,lvl021082703049:nic1.port1 -> lvl02-0101-0827-03t0:ethernet29/1,1
2026-09-04 04:48:00.0000000,lvl02-0101-0827-03t0,ethernet29/1,lvl021082703049,nic1.port1,50,3,0,0,lvl02-0101-0827-03t0:ethernet29/1 -> lvl021082703049:nic1.port1,lvl021082703049:nic1.port1 -> lvl02-0101-0827-03t0:ethernet29/1,1
2026-09-04 04:48:00.0000000,lvl02-0101-0827-03t0,ethernet29/1,lvl021082703049,nic1.port1,50,4,0,0,lvl02-0101-0827-03t0:ethernet29/1 -> lvl021082703049:nic1.port1,lvl021082703049:nic1.port1 -> lvl02-0101-0827-03t0:ethernet29/1,1
2026-09-04 04:48:00.0000000,lvl02-0101-0827-03t0,ethernet29/1,lvl021082703049,nic1.port1,50,6,0,0,lvl02-0101-0827-03t0:ethernet29/1 -> lvl021082703049:nic1.port1,lvl021082703049:nic1.port1 -> lvl02-0101-0827-03t0:ethernet29/1,1
2026-09-04 04:48:00.0000000,lvl02-0101-0827-03t0,ethernet31/1,lvl021082703053,nic1.port1,50,2,0,0,lvl02-0101-0827-03t0:ethernet31/1 -> lvl021082703053:nic1.port1,lvl021082703053:nic1.port1 -> lvl02-0101-0827-03t0:ethernet31/1,1
2026-09-04 04:48:00.0000000,lvl02-0101-0827-03t0,ethernet31/1,lvl021082703053,nic1.port1,50,3,0,8120,lvl02-0101-0827-03t0:ethernet31/1 -> lvl021082703053:nic1.port1,lvl021082703053:nic1.port1 -> lvl02-0101-0827-03t0:ethernet31/1,1
2026-09-04 04:48:00.0000000,lvl02-0101-0827-03t0,ethernet31/1,lvl021082703053,nic1.port1,50,4,0,8120,lvl02-0101-0827-03t0:ethernet31/1 -> lvl021082703053:nic1.port1,lvl021082703053:nic1.port1 -> lvl02-0101-0827-03t0:ethernet31/1,1
2026-09-04 04:48:00.0000000,lvl02-0101-0827-03t0,ethernet31/1,lvl021082703053,nic1.port1,50,6,0,0,lvl02-0101-0827-03t0:ethernet31/1 -> lvl021082703053:nic1.port1,lvl021082703053:nic1.port1 -> lvl02-0101-0827-03t0:ethernet31/1,1
2026-09-04 04:48:00.0000000,lvl02-0101-0827-03t0,ethernet4/1,lvl021082703007,nic1.port1,50,2,0,0,lvl02-0101-0827-03t0:ethernet4/1 -> lvl021082703007:nic1.port1,lvl021082703007:nic1.port1 -> lvl02-0101-0827-03t0:ethernet4/1,1
2026-09-04 04:48:00.0000000,lvl02-0101-0827-03t0,ethernet4/1,lvl021082703007,nic1.port1,50,3,0,0,lvl02-0101-0827-03t0:ethernet4/1 -> lvl021082703007:nic1.port1,lvl021082703007:nic1.port1 -> lvl02-0101-0827-03t0:ethernet4/1,1
2026-09-04 04:48:00.0000000,lvl02-0101-0827-03t0,ethernet4/1,lvl021082703007,nic1.port1,50,4,0,0,lvl02-0101-0827-03t0:ethernet4/1 -> lvl021082703007:nic1.port1,lvl021082703007:nic1.port1 -> lvl02-0101-0827-03t0:ethernet4/1,1
2026-09-04 04:48:00.0000000,lvl02-0101-0827-03t0,ethernet4/1,lvl021082703007,nic1.port1,50,6,0,0,lvl02-0101-0827-03t0:ethernet4/1 -> lvl021082703007:nic1.port1,lvl021082703007:nic1.port1 -> lvl02-0101-0827-03t0:ethernet4/1,1
2026-09-04 04:51:00.0000000,lvl02-0101-0827-03lt0,ethernet12/1,lvl021082703019,nic1.port1,50,2,0,0,lvl02-0101-0827-03lt0:ethernet12/1 -> lvl021082703019:nic1.port1,lvl021082703019:nic1.port1 -> lvl02-0101-0827-03lt0:ethernet12/1,1
2026-09-04 04:51:00.0000000,lvl02-0101-0827-03lt0,ethernet12/1,lvl021082703019,nic1.port1,50,3,0,0,lvl02-0101-0827-03lt0:ethernet12/1 -> lvl021082703019:nic1.port1,lvl021082703019:nic1.port1 -> lvl02-0101-0827-03lt0:ethernet12/1,1
2026-09-04 04:51:00.0000000,lvl02-0101-0827-03lt0,ethernet12/1,lvl021082703019,nic1.port1,50,4,0,0,lvl02-0101-0827-03lt0:ethernet12/1 -> lvl021082703019:nic1.port1,lvl021082703019:nic1.port1 -> lvl02-0101-0827-03lt0:ethernet12/1,1
2026-09-04 04:51:00.0000000,lvl02-0101-0827-03lt0,ethernet12/1,lvl021082703019,nic1.port1,50,6,0,0,lvl02-0101-0827-03lt0:ethernet12/1 -> lvl021082703019:nic1.port1,lvl021082703019:nic1.port1 -> lvl02-0101-0827-03lt0:ethernet12/1,1
2026-09-04 04:51:00.0000000,lvl02-0101-0827-03lt0,ethernet14/1,lvl021082703023,nic1.port1,50,2,0,0,lvl02-0101-0827-03lt0:ethernet14/1 -> lvl021082703023:nic1.port1,lvl021082703023:nic1.port1 -> lvl02-0101-0827-03lt0:ethernet14/1,1
2026-09-04 04:51:00.0000000,lvl02-0101-0827-03lt0,ethernet14/1,lvl021082703023,nic1.port1,50,3,0,0,lvl02-0101-0827-03lt0:ethernet14/1 -> lvl021082703023:nic1.port1,lvl021082703023:nic1.port1 -> lvl02-0101-0827-03lt0:ethernet14/1,1
2026-09-04 04:51:00.0000000,lvl02-0101-0827-03lt0,ethernet14/1,lvl021082703023,nic1.port1,50,4,0,0,lvl02-0101-0827-03lt0:ethernet14/1 -> lvl021082703023:nic1.port1,lvl021082703023:nic1.port1 -> lvl02-0101-0827-03lt0:ethernet14/1,1
2026-09-04 04:51:00.0000000,lvl02-0101-0827-03lt0,ethernet14/1,lvl021082703023,nic1.port1,50,6,0,0,lvl02-0101-0827-03lt0:ethernet14/1 -> lvl021082703023:nic1.port1,lvl021082703023:nic1.port1 -> lvl02-0101-0827-03lt0:ethernet14/1,1
2026-09-04 04:51:00.0000000,lvl02-0101-0827-03lt0,ethernet15/1,lvl021082703025,nic1.port1,50,2,0,0,lvl02-0101-0827-03lt0:ethernet15/1 -> lvl021082703025:nic1.port1,lvl021082703025:nic1.port1 -> lvl02-0101-0827-03lt0:ethernet15/1,1
2026-09-04 04:51:00.0000000,lvl02-0101-0827-03lt0,ethernet15/1,lvl021082703025,nic1.port1,50,3,0,0,lvl02-0101-0827-03lt0:ethernet15/1 -> lvl021082703025:nic1.port1,lvl021082703025:nic1.port1 -> lvl02-0101-0827-03lt0:ethernet15/1,1
2026-09-04 04:51:00.0000000,lvl02-0101-0827-03lt0,ethernet15/1,lvl021082703025,nic1.port1,50,4,0,0,lvl02-0101-0827-03lt0:ethernet15/1 -> lvl021082703025:nic1.port1,lvl021082703025:nic1.port1 -> lvl02-0101-0827-03lt0:ethernet15/1,1
2026-09-04 04:51:00.0000000,lvl02-0101-0827-03lt0,ethernet15/1,lvl021082703025,nic1.port1,50,6,0,0,lvl02-0101-0827-03lt0:ethernet15/1 -> lvl021082703025:nic1.port1,lvl021082703025:nic1.port1 -> lvl02-0101-0827-03lt0:ethernet15/1,1
2026-09-04 04:51:00.0000000,lvl02-0101-0827-03lt0,ethernet18/1,lvl021082703031,nic1.port1,50,2,0,0,lvl02-0101-0827-03lt0:ethernet18/1 -> lvl021082703031:nic1.port1,lvl021082703031:nic1.port1 -> lvl02-0101-0827-03lt0:ethernet18/1,1
2026-09-04 04:51:00.0000000,lvl02-0101-0827-03lt0,ethernet18/1,lvl021082703031,nic1.port1,50,3,0,0,lvl02-0101-0827-03lt0:ethernet18/1 -> lvl021082703031:nic1.port1,lvl021082703031:nic1.port1 -> lvl02-0101-0827-03lt0:ethernet18/1,1
2026-09-04 04:51:00.0000000,lvl02-0101-0827-03lt0,ethernet18/1,lvl021082703031,nic1.port1,50,4,0,0,lvl02-0101-0827-03lt0:ethernet18/1 -> lvl021082703031:nic1.port1,lvl021082703031:nic1.port1 -> lvl02-0101-0827-03lt0:ethernet18/1,1
2026-09-04 04:51:00.0000000,lvl02-0101-0827-03lt0,ethernet18/1,lvl021082703031,nic1.port1,50,6,0,0,lvl02-0101-0827-03lt0:ethernet18/1 -> lvl021082703031:nic1.port1,lvl021082703031:nic1.port1 -> lvl02-0101-0827-03lt0:ethernet18/1,1
2026-09-04 04:51:00.0000000,lvl02-0101-0827-03lt0,ethernet19/1,lvl021082703033,nic1.port1,50,2,0,0,lvl02-0101-0827-03lt0:ethernet19/1 -> lvl021082703033:nic1.port1,lvl021082703033:nic1.port1 -> lvl02-0101-0827-03lt0:ethernet19/1,1
2026-09-04 04:51:00.0000000,lvl02-0101-0827-03lt0,ethernet19/1,lvl021082703033,nic1.port1,50,3,0,0,lvl02-0101-0827-03lt0:ethernet19/1 -> lvl021082703033:nic1.port1,lvl021082703033:nic1.port1 -> lvl02-0101-0827-03lt0:ethernet19/1,1
2026-09-04 04:51:00.0000000,lvl02-0101-0827-03lt0,ethernet19/1,lvl021082703033,nic1.port1,50,4,0,0,lvl02-0101-0827-03lt0:ethernet19/1 -> lvl021082703033:nic1.port1,lvl021082703033:nic1.port1 -> lvl02-0101-0827-03lt0:ethernet19/1,1
2026-09-04 04:51:00.0000000,lvl02-0101-0827-03lt0,ethernet19/1,lvl021082703033,nic1.port1,50,6,0,0,lvl02-0101-0827-03lt0:ethernet19/1 -> lvl021082703033:nic1.port1,lvl021082703033:nic1.port1 -> lvl02-0101-0827-03lt0:ethernet19/1,1
2026-09-04 04:51:00.0000000,lvl02-0101-0827-03lt0,ethernet2/1,lvl021082703003,nic1.port1,50,2,0,0,lvl02-0101-0827-03lt0:ethernet2/1 -> lvl021082703003:nic1.port1,lvl021082703003:nic1.port1 -> lvl02-0101-0827-03lt0:ethernet2/1,1
2026-09-04 04:51:00.0000000,lvl02-0101-0827-03lt0,ethernet2/1,lvl021082703003,nic1.port1,50,3,0,0,lvl02-0101-0827-03lt0:ethernet2/1 -> lvl021082703003:nic1.port1,lvl021082703003:nic1.port1 -> lvl02-0101-0827-03lt0:ethernet2/1,1
2026-09-04 04:51:00.0000000,lvl02-0101-0827-03lt0,ethernet2/1,lvl021082703003,nic1.port1,50,4,0,0,lvl02-0101-0827-03lt0:ethernet2/1 -> lvl021082703003:nic1.port1,lvl021082703003:nic1.port1 -> lvl02-0101-0827-03lt0:ethernet2/1,1
2026-09-04 04:51:00.0000000,lvl02-0101-0827-03lt0,ethernet2/1,lvl021082703003,nic1.port1,50,6,0,0,lvl02-0101-0827-03lt0:ethernet2/1 -> lvl021082703003:nic1.port1,lvl021082703003:nic1.port1 -> lvl02-0101-0827-03lt0:ethernet2/1,1
2026-09-04 04:51:00.0000000,lvl02-0101-0827-03lt0,ethernet21/1,lvl021082703037,nic1.port1,50,2,0,0,lvl02-0101-0827-03lt0:ethernet21/1 -> lvl021082703037:nic1.port1,lvl021082703037:nic1.port1 -> lvl02-0101-0827-03lt0:ethernet21/1,1
2026-09-04 04:51:00.0000000,lvl02-0101-0827-03lt0,ethernet21/1,lvl021082703037,nic1.port1,50,3,0,0,lvl02-0101-0827-03lt0:ethernet21/1 -> lvl021082703037:nic1.port1,lvl021082703037:nic1.port1 -> lvl02-0101-0827-03lt0:ethernet21/1,1
2026-09-04 04:51:00.0000000,lvl02-0101-0827-03lt0,ethernet21/1,lvl021082703037,nic1.port1,50,4,0,0,lvl02-0101-0827-03lt0:ethernet21/1 -> lvl021082703037:nic1.port1,lvl021082703037:nic1.port1 -> lvl02-0101-0827-03lt0:ethernet21/1,1
2026-09-04 04:51:00.0000000,lvl02-0101-0827-03lt0,ethernet21/1,lvl021082703037,nic1.port1,50,6,0,0,lvl02-0101-0827-03lt0:ethernet21/1 -> lvl021082703037:nic1.port1,lvl021082703037:nic1.port1 -> lvl02-0101-0827-03lt0:ethernet21/1,1
2026-09-04 04:51:00.0000000,lvl02-0101-0827-03lt0,ethernet27/1,lvl021082703045,nic1.port1,50,2,0,0,lvl02-0101-0827-03lt0:ethernet27/1 -> lvl021082703045:nic1.port1,lvl021082703045:nic1.port1 -> lvl02-0101-0827-03lt0:ethernet27/1,1
2026-09-04 04:51:00.0000000,lvl02-0101-0827-03lt0,ethernet27/1,lvl021082703045,nic1.port1,50,3,0,4,lvl02-0101-0827-03lt0:ethernet27/1 -> lvl021082703045:nic1.port1,lvl021082703045:nic1.port1 -> lvl02-0101-0827-03lt0:ethernet27/1,1
2026-09-04 04:51:00.0000000,lvl02-0101-0827-03lt0,ethernet27/1,lvl021082703045,nic1.port1,50,4,0,4,lvl02-0101-0827-03lt0:ethernet27/1 -> lvl021082703045:nic1.port1,lvl021082703045:nic1.port1 -> lvl02-0101-0827-03lt0:ethernet27/1,1
2026-09-04 04:51:00.0000000,lvl02-0101-0827-03lt0,ethernet27/1,lvl021082703045,nic1.port1,50,6,0,0,lvl02-0101-0827-03lt0:ethernet27/1 -> lvl021082703045:nic1.port1,lvl021082703045:nic1.port1 -> lvl02-0101-0827-03lt0:ethernet27/1,1
2026-09-04 04:51:00.0000000,lvl02-0101-0827-03lt0,ethernet29/1,lvl021082703049,nic1.port1,50,2,0,0,lvl02-0101-0827-03lt0:ethernet29/1 -> lvl021082703049:nic1.port1,lvl021082703049:nic1.port1 -> lvl02-0101-0827-03lt0:ethernet29/1,1
2026-09-04 04:51:00.0000000,lvl02-0101-0827-03lt0,ethernet29/1,lvl021082703049,nic1.port1,50,3,0,0,lvl02-0101-0827-03lt0:ethernet29/1 -> lvl021082703049:nic1.port1,lvl021082703049:nic1.port1 -> lvl02-0101-0827-03lt0:ethernet29/1,1
2026-09-04 04:51:00.0000000,lvl02-0101-0827-03lt0,ethernet29/1,lvl021082703049,nic1.port1,50,4,0,0,lvl02-0101-0827-03lt0:ethernet29/1 -> lvl021082703049:nic1.port1,lvl021082703049:nic1.port1 -> lvl02-0101-0827-03lt0:ethernet29/1,1
2026-09-04 04:51:00.0000000,lvl02-0101-0827-03lt0,ethernet29/1,lvl021082703049,nic1.port1,50,6,0,0,lvl02-0101-0827-03lt0:ethernet29/1 -> lvl021082703049:nic1.port1,lvl021082703049:nic1.port1 -> lvl02-0101-0827-03lt0:ethernet29/1,1
2026-09-04 04:51:00.0000000,lvl02-0101-0827-03lt0,ethernet31/1,lvl021082703053,nic1.port1,50,2,0,0,lvl02-0101-0827-03lt0:ethernet31/1 -> lvl021082703053:nic1.port1,lvl021082703053:nic1.port1 -> lvl02-0101-0827-03lt0:ethernet31/1,1
2026-09-04 04:51:00.0000000,lvl02-0101-0827-03lt0,ethernet31/1,lvl021082703053,nic1.port1,50,3,0,7955,lvl02-0101-0827-03lt0:ethernet31/1 -> lvl021082703053:nic1.port1,lvl021082703053:nic1.port1 -> lvl02-0101-0827-03lt0:ethernet31/1,1
2026-09-04 04:51:00.0000000,lvl02-0101-0827-03lt0,ethernet31/1,lvl021082703053,nic1.port1,50,4,0,7955,lvl02-0101-0827-03lt0:ethernet31/1 -> lvl021082703053:nic1.port1,lvl021082703053:nic1.port1 -> lvl02-0101-0827-03lt0:ethernet31/1,1
2026-09-04 04:51:00.0000000,lvl02-0101-0827-03lt0,ethernet31/1,lvl021082703053,nic1.port1,50,6,0,0,lvl02-0101-0827-03lt0:ethernet31/1 -> lvl021082703053:nic1.port1,lvl021082703053:nic1.port1 -> lvl02-0101-0827-03lt0:ethernet31/1,1
2026-09-04 04:51:00.0000000,lvl02-0101-0827-03lt0,ethernet4/1,lvl021082703007,nic1.port1,50,2,0,0,lvl02-0101-0827-03lt0:ethernet4/1 -> lvl021082703007:nic1.port1,lvl021082703007:nic1.port1 -> lvl02-0101-0827-03lt0:ethernet4/1,1
2026-09-04 04:51:00.0000000,lvl02-0101-0827-03lt0,ethernet4/1,lvl021082703007,nic1.port1,50,3,0,0,lvl02-0101-0827-03lt0:ethernet4/1 -> lvl021082703007:nic1.port1,lvl021082703007:nic1.port1 -> lvl02-0101-0827-03lt0:ethernet4/1,1
2026-09-04 04:51:00.0000000,lvl02-0101-0827-03lt0,ethernet4/1,lvl021082703007,nic1.port1,50,4,0,0,lvl02-0101-0827-03lt0:ethernet4/1 -> lvl021082703007:nic1.port1,lvl021082703007:nic1.port1 -> lvl02-0101-0827-03lt0:ethernet4/1,1
2026-09-04 04:51:00.0000000,lvl02-0101-0827-03lt0,ethernet4/1,lvl021082703007,nic1.port1,50,6,0,0,lvl02-0101-0827-03lt0:ethernet4/1 -> lvl021082703007:nic1.port1,lvl021082703007:nic1.port1 -> lvl02-0101-0827-03lt0:ethernet4/1,1
2026-09-04 04:53:00.0000000,lvl02-0101-0827-03t0,ethernet12/1,lvl021082703019,nic1.port1,50,2,0,0,lvl02-0101-0827-03t0:ethernet12/1 -> lvl021082703019:nic1.port1,lvl021082703019:nic1.port1 -> lvl02-0101-0827-03t0:ethernet12/1,1
2026-09-04 04:53:00.0000000,lvl02-0101-0827-03t0,ethernet12/1,lvl021082703019,nic1.port1,50,3,0,0,lvl02-0101-0827-03t0:ethernet12/1 -> lvl021082703019:nic1.port1,lvl021082703019:nic1.port1 -> lvl02-0101-0827-03t0:ethernet12/1,1
2026-09-04 04:53:00.0000000,lvl02-0101-0827-03t0,ethernet12/1,lvl021082703019,nic1.port1,50,4,0,0,lvl02-0101-0827-03t0:ethernet12/1 -> lvl021082703019:nic1.port1,lvl021082703019:nic1.port1 -> lvl02-0101-0827-03t0:ethernet12/1,1
2026-09-04 04:53:00.0000000,lvl02-0101-0827-03t0,ethernet12/1,lvl021082703019,nic1.port1,50,6,0,0,lvl02-0101-0827-03t0:ethernet12/1 -> lvl021082703019:nic1.port1,lvl021082703019:nic1.port1 -> lvl02-0101-0827-03t0:ethernet12/1,1
2026-09-04 04:53:00.0000000,lvl02-0101-0827-03t0,ethernet14/1,lvl021082703023,nic1.port1,50,2,0,0,lvl02-0101-0827-03t0:ethernet14/1 -> lvl021082703023:nic1.port1,lvl021082703023:nic1.port1 -> lvl02-0101-0827-03t0:ethernet14/1,1
2026-09-04 04:53:00.0000000,lvl02-0101-0827-03t0,ethernet14/1,lvl021082703023,nic1.port1,50,3,0,0,lvl02-0101-0827-03t0:ethernet14/1 -> lvl021082703023:nic1.port1,lvl021082703023:nic1.port1 -> lvl02-0101-0827-03t0:ethernet14/1,1
2026-09-04 04:53:00.0000000,lvl02-0101-0827-03t0,ethernet14/1,lvl021082703023,nic1.port1,50,4,0,0,lvl02-0101-0827-03t0:ethernet14/1 -> lvl021082703023:nic1.port1,lvl021082703023:nic1.port1 -> lvl02-0101-0827-03t0:ethernet14/1,1
2026-09-04 04:53:00.0000000,lvl02-0101-0827-03t0,ethernet14/1,lvl021082703023,nic1.port1,50,6,0,0,lvl02-0101-0827-03t0:ethernet14/1 -> lvl021082703023:nic1.port1,lvl021082703023:nic1.port1 -> lvl02-0101-0827-03t0:ethernet14/1,1
2026-09-04 04:53:00.0000000,lvl02-0101-0827-03t0,ethernet15/1,lvl021082703025,nic1.port1,50,2,0,0,lvl02-0101-0827-03t0:ethernet15/1 -> lvl021082703025:nic1.port1,lvl021082703025:nic1.port1 -> lvl02-0101-0827-03t0:ethernet15/1,1
2026-09-04 04:53:00.0000000,lvl02-0101-0827-03t0,ethernet15/1,lvl021082703025,nic1.port1,50,3,0,0,lvl02-0101-0827-03t0:ethernet15/1 -> lvl021082703025:nic1.port1,lvl021082703025:nic1.port1 -> lvl02-0101-0827-03t0:ethernet15/1,1
2026-09-04 04:53:00.0000000,lvl02-0101-0827-03t0,ethernet15/1,lvl021082703025,nic1.port1,50,4,0,0,lvl02-0101-0827-03t0:ethernet15/1 -> lvl021082703025:nic1.port1,lvl021082703025:nic1.port1 -> lvl02-0101-0827-03t0:ethernet15/1,1
2026-09-04 04:53:00.0000000,lvl02-0101-0827-03t0,ethernet15/1,lvl021082703025,nic1.port1,50,6,0,0,lvl02-0101-0827-03t0:ethernet15/1 -> lvl021082703025:nic1.port1,lvl021082703025:nic1.port1 -> lvl02-0101-0827-03t0:ethernet15/1,1
2026-09-04 04:53:00.0000000,lvl02-0101-0827-03t0,ethernet18/1,lvl021082703031,nic1.port1,50,2,0,0,lvl02-0101-0827-03t0:ethernet18/1 -> lvl021082703031:nic1.port1,lvl021082703031:nic1.port1 -> lvl02-0101-0827-03t0:ethernet18/1,1
2026-09-04 04:53:00.0000000,lvl02-0101-0827-03t0,ethernet18/1,lvl021082703031,nic1.port1,50,3,0,0,lvl02-0101-0827-03t0:ethernet18/1 -> lvl021082703031:nic1.port1,lvl021082703031:nic1.port1 -> lvl02-0101-0827-03t0:ethernet18/1,1
2026-09-04 04:53:00.0000000,lvl02-0101-0827-03t0,ethernet18/1,lvl021082703031,nic1.port1,50,4,0,0,lvl02-0101-0827-03t0:ethernet18/1 -> lvl021082703031:nic1.port1,lvl021082703031:nic1.port1 -> lvl02-0101-0827-03t0:ethernet18/1,1
2026-09-04 04:53:00.0000000,lvl02-0101-0827-03t0,ethernet18/1,lvl021082703031,nic1.port1,50,6,0,0,lvl02-0101-0827-03t0:ethernet18/1 -> lvl021082703031:nic1.port1,lvl021082703031:nic1.port1 -> lvl02-0101-0827-03t0:ethernet18/1,1
2026-09-04 04:53:00.0000000,lvl02-0101-0827-03t0,ethernet19/1,lvl021082703033,nic1.port1,50,2,0,0,lvl02-0101-0827-03t0:ethernet19/1 -> lvl021082703033:nic1.port1,lvl021082703033:nic1.port1 -> lvl02-0101-0827-03t0:ethernet19/1,1
2026-09-04 04:53:00.0000000,lvl02-0101-0827-03t0,ethernet19/1,lvl021082703033,nic1.port1,50,3,0,0,lvl02-0101-0827-03t0:ethernet19/1 -> lvl021082703033:nic1.port1,lvl021082703033:nic1.port1 -> lvl02-0101-0827-03t0:ethernet19/1,1
2026-09-04 04:53:00.0000000,lvl02-0101-0827-03t0,ethernet19/1,lvl021082703033,nic1.port1,50,4,0,0,lvl02-0101-0827-03t0:ethernet19/1 -> lvl021082703033:nic1.port1,lvl021082703033:nic1.port1 -> lvl02-0101-0827-03t0:ethernet19/1,1
2026-09-04 04:53:00.0000000,lvl02-0101-0827-03t0,ethernet19/1,lvl021082703033,nic1.port1,50,6,0,0,lvl02-0101-0827-03t0:ethernet19/1 -> lvl021082703033:nic1.port1,lvl021082703033:nic1.port1 -> lvl02-0101-0827-03t0:ethernet19/1,1
2026-09-04 04:53:00.0000000,lvl02-0101-0827-03t0,ethernet2/1,lvl021082703003,nic1.port1,50,2,0,0,lvl02-0101-0827-03t0:ethernet2/1 -> lvl021082703003:nic1.port1,lvl021082703003:nic1.port1 -> lvl02-0101-0827-03t0:ethernet2/1,1
2026-09-04 04:53:00.0000000,lvl02-0101-0827-03t0,ethernet2/1,lvl021082703003,nic1.port1,50,3,0,0,lvl02-0101-0827-03t0:ethernet2/1 -> lvl021082703003:nic1.port1,lvl021082703003:nic1.port1 -> lvl02-0101-0827-03t0:ethernet2/1,1
2026-09-04 04:53:00.0000000,lvl02-0101-0827-03t0,ethernet2/1,lvl021082703003,nic1.port1,50,4,0,0,lvl02-0101-0827-03t0:ethernet2/1 -> lvl021082703003:nic1.port1,lvl021082703003:nic1.port1 -> lvl02-0101-0827-03t0:ethernet2/1,1
2026-09-04 04:53:00.0000000,lvl02-0101-0827-03t0,ethernet2/1,lvl021082703003,nic1.port1,50,6,0,0,lvl02-0101-0827-03t0:ethernet2/1 -> lvl021082703003:nic1.port1,lvl021082703003:nic1.port1 -> lvl02-0101-0827-03t0:ethernet2/1,1
2026-09-04 04:53:00.0000000,lvl02-0101-0827-03t0,ethernet21/1,lvl021082703037,nic1.port1,50,2,0,0,lvl02-0101-0827-03t0:ethernet21/1 -> lvl021082703037:nic1.port1,lvl021082703037:nic1.port1 -> lvl02-0101-0827-03t0:ethernet21/1,1
2026-09-04 04:53:00.0000000,lvl02-0101-0827-03t0,ethernet21/1,lvl021082703037,nic1.port1,50,3,0,0,lvl02-0101-0827-03t0:ethernet21/1 -> lvl021082703037:nic1.port1,lvl021082703037:nic1.port1 -> lvl02-0101-0827-03t0:ethernet21/1,1
2026-09-04 04:53:00.0000000,lvl02-0101-0827-03t0,ethernet21/1,lvl021082703037,nic1.port1,50,4,0,0,lvl02-0101-0827-03t0:ethernet21/1 -> lvl021082703037:nic1.port1,lvl021082703037:nic1.port1 -> lvl02-0101-0827-03t0:ethernet21/1,1
2026-09-04 04:53:00.0000000,lvl02-0101-0827-03t0,ethernet21/1,lvl021082703037,nic1.port1,50,6,0,0,lvl02-0101-0827-03t0:ethernet21/1 -> lvl021082703037:nic1.port1,lvl021082703037:nic1.port1 -> lvl02-0101-0827-03t0:ethernet21/1,1
2026-09-04 04:53:00.0000000,lvl02-0101-0827-03t0,ethernet27/1,lvl021082703045,nic1.port1,50,2,0,0,lvl02-0101-0827-03t0:ethernet27/1 -> lvl021082703045:nic1.port1,lvl021082703045:nic1.port1 -> lvl02-0101-0827-03t0:ethernet27/1,1
2026-09-04 04:53:00.0000000,lvl02-0101-0827-03t0,ethernet27/1,lvl021082703045,nic1.port1,50,3,0,4,lvl02-0101-0827-03t0:ethernet27/1 -> lvl021082703045:nic1.port1,lvl021082703045:nic1.port1 -> lvl02-0101-0827-03t0:ethernet27/1,1
2026-09-04 04:53:00.0000000,lvl02-0101-0827-03t0,ethernet27/1,lvl021082703045,nic1.port1,50,4,0,4,lvl02-0101-0827-03t0:ethernet27/1 -> lvl021082703045:nic1.port1,lvl021082703045:nic1.port1 -> lvl02-0101-0827-03t0:ethernet27/1,1
2026-09-04 04:53:00.0000000,lvl02-0101-0827-03t0,ethernet27/1,lvl021082703045,nic1.port1,50,6,0,0,lvl02-0101-0827-03t0:ethernet27/1 -> lvl021082703045:nic1.port1,lvl021082703045:nic1.port1 -> lvl02-0101-0827-03t0:ethernet27/1,1
2026-09-04 04:53:00.0000000,lvl02-0101-0827-03t0,ethernet29/1,lvl021082703049,nic1.port1,50,2,0,0,lvl02-0101-0827-03t0:ethernet29/1 -> lvl021082703049:nic1.port1,lvl021082703049:nic1.port1 -> lvl02-0101-0827-03t0:ethernet29/1,1
2026-09-04 04:53:00.0000000,lvl02-0101-0827-03t0,ethernet29/1,lvl021082703049,nic1.port1,50,3,0,0,lvl02-0101-0827-03t0:ethernet29/1 -> lvl021082703049:nic1.port1,lvl021082703049:nic1.port1 -> lvl02-0101-0827-03t0:ethernet29/1,1
2026-09-04 04:53:00.0000000,lvl02-0101-0827-03t0,ethernet29/1,lvl021082703049,nic1.port1,50,4,0,0,lvl02-0101-0827-03t0:ethernet29/1 -> lvl021082703049:nic1.port1,lvl021082703049:nic1.port1 -> lvl02-0101-0827-03t0:ethernet29/1,1
2026-09-04 04:53:00.0000000,lvl02-0101-0827-03t0,ethernet29/1,lvl021082703049,nic1.port1,50,6,0,0,lvl02-0101-0827-03t0:ethernet29/1 -> lvl021082703049:nic1.port1,lvl021082703049:nic1.port1 -> lvl02-0101-0827-03t0:ethernet29/1,1
2026-09-04 04:53:00.0000000,lvl02-0101-0827-03t0,ethernet31/1,lvl021082703053,nic1.port1,50,2,0,0,lvl02-0101-0827-03t0:ethernet31/1 -> lvl021082703053:nic1.port1,lvl021082703053:nic1.port1 -> lvl02-0101-0827-03t0:ethernet31/1,1
2026-09-04 04:53:00.0000000,lvl02-0101-0827-03t0,ethernet31/1,lvl021082703053,nic1.port1,50,3,0,9150,lvl02-0101-0827-03t0:ethernet31/1 -> lvl021082703053:nic1.port1,lvl021082703053:nic1.port1 -> lvl02-0101-0827-03t0:ethernet31/1,1
2026-09-04 04:53:00.0000000,lvl02-0101-0827-03t0,ethernet31/1,lvl021082703053,nic1.port1,50,4,0,9150,lvl02-0101-0827-03t0:ethernet31/1 -> lvl021082703053:nic1.port1,lvl021082703053:nic1.port1 -> lvl02-0101-0827-03t0:ethernet31/1,1
2026-09-04 04:53:00.0000000,lvl02-0101-0827-03t0,ethernet31/1,lvl021082703053,nic1.port1,50,6,0,0,lvl02-0101-0827-03t0:ethernet31/1 -> lvl021082703053:nic1.port1,lvl021082703053:nic1.port1 -> lvl02-0101-0827-03t0:ethernet31/1,1
2026-09-04 04:53:00.0000000,lvl02-0101-0827-03t0,ethernet4/1,lvl021082703007,nic1.port1,50,2,0,0,lvl02-0101-0827-03t0:ethernet4/1 -> lvl021082703007:nic1.port1,lvl021082703007:nic1.port1 -> lvl02-0101-0827-03t0:ethernet4/1,1
2026-09-04 04:53:00.0000000,lvl02-0101-0827-03t0,ethernet4/1,lvl021082703007,nic1.port1,50,3,0,0,lvl02-0101-0827-03t0:ethernet4/1 -> lvl021082703007:nic1.port1,lvl021082703007:nic1.port1 -> lvl02-0101-0827-03t0:ethernet4/1,1
2026-09-04 04:53:00.0000000,lvl02-0101-0827-03t0,ethernet4/1,lvl021082703007,nic1.port1,50,4,0,0,lvl02-0101-0827-03t0:ethernet4/1 -> lvl021082703007:nic1.port1,lvl021082703007:nic1.port1 -> lvl02-0101-0827-03t0:ethernet4/1,1
2026-09-04 04:53:00.0000000,lvl02-0101-0827-03t0,ethernet4/1,lvl021082703007,nic1.port1,50,6,0,0,lvl02-0101-0827-03t0:ethernet4/1 -> lvl021082703007:nic1.port1,lvl021082703007:nic1.port1 -> lvl02-0101-0827-03t0:ethernet4/1,1
2026-09-04 04:56:00.0000000,lvl02-0101-0827-03lt0,ethernet12/1,lvl021082703019,nic1.port1,50,2,0,0,lvl02-0101-0827-03lt0:ethernet12/1 -> lvl021082703019:nic1.port1,lvl021082703019:nic1.port1 -> lvl02-0101-0827-03lt0:ethernet12/1,1
2026-09-04 04:56:00.0000000,lvl02-0101-0827-03lt0,ethernet12/1,lvl021082703019,nic1.port1,50,3,0,0,lvl02-0101-0827-03lt0:ethernet12/1 -> lvl021082703019:nic1.port1,lvl021082703019:nic1.port1 -> lvl02-0101-0827-03lt0:ethernet12/1,1
2026-09-04 04:56:00.0000000,lvl02-0101-0827-03lt0,ethernet12/1,lvl021082703019,nic1.port1,50,4,0,0,lvl02-0101-0827-03lt0:ethernet12/1 -> lvl021082703019:nic1.port1,lvl021082703019:nic1.port1 -> lvl02-0101-0827-03lt0:ethernet12/1,1
2026-09-04 04:56:00.0000000,lvl02-0101-0827-03lt0,ethernet12/1,lvl021082703019,nic1.port1,50,6,0,0,lvl02-0101-0827-03lt0:ethernet12/1 -> lvl021082703019:nic1.port1,lvl021082703019:nic1.port1 -> lvl02-0101-0827-03lt0:ethernet12/1,1
2026-09-04 04:56:00.0000000,lvl02-0101-0827-03lt0,ethernet14/1,lvl021082703023,nic1.port1,50,2,0,0,lvl02-0101-0827-03lt0:ethernet14/1 -> lvl021082703023:nic1.port1,lvl021082703023:nic1.port1 -> lvl02-0101-0827-03lt0:ethernet14/1,1
2026-09-04 04:56:00.0000000,lvl02-0101-0827-03lt0,ethernet14/1,lvl021082703023,nic1.port1,50,3,0,4,lvl02-0101-0827-03lt0:ethernet14/1 -> lvl021082703023:nic1.port1,lvl021082703023:nic1.port1 -> lvl02-0101-0827-03lt0:ethernet14/1,1
2026-09-04 04:56:00.0000000,lvl02-0101-0827-03lt0,ethernet14/1,lvl021082703023,nic1.port1,50,4,0,4,lvl02-0101-0827-03lt0:ethernet14/1 -> lvl021082703023:nic1.port1,lvl021082703023:nic1.port1 -> lvl02-0101-0827-03lt0:ethernet14/1,1
2026-09-04 04:56:00.0000000,lvl02-0101-0827-03lt0,ethernet14/1,lvl021082703023,nic1.port1,50,6,0,0,lvl02-0101-0827-03lt0:ethernet14/1 -> lvl021082703023:nic1.port1,lvl021082703023:nic1.port1 -> lvl02-0101-0827-03lt0:ethernet14/1,1
2026-09-04 04:56:00.0000000,lvl02-0101-0827-03lt0,ethernet15/1,lvl021082703025,nic1.port1,50,2,0,0,lvl02-0101-0827-03lt0:ethernet15/1 -> lvl021082703025:nic1.port1,lvl021082703025:nic1.port1 -> lvl02-0101-0827-03lt0:ethernet15/1,1
2026-09-04 04:56:00.0000000,lvl02-0101-0827-03lt0,ethernet15/1,lvl021082703025,nic1.port1,50,3,0,0,lvl02-0101-0827-03lt0:ethernet15/1 -> lvl021082703025:nic1.port1,lvl021082703025:nic1.port1 -> lvl02-0101-0827-03lt0:ethernet15/1,1
2026-09-04 04:56:00.0000000,lvl02-0101-0827-03lt0,ethernet15/1,lvl021082703025,nic1.port1,50,4,0,0,lvl02-0101-0827-03lt0:ethernet15/1 -> lvl021082703025:nic1.port1,lvl021082703025:nic1.port1 -> lvl02-0101-0827-03lt0:ethernet15/1,1
2026-09-04 04:56:00.0000000,lvl02-0101-0827-03lt0,ethernet15/1,lvl021082703025,nic1.port1,50,6,0,0,lvl02-0101-0827-03lt0:ethernet15/1 -> lvl021082703025:nic1.port1,lvl021082703025:nic1.port1 -> lvl02-0101-0827-03lt0:ethernet15/1,1
2026-09-04 04:56:00.0000000,lvl02-0101-0827-03lt0,ethernet18/1,lvl021082703031,nic1.port1,50,2,0,0,lvl02-0101-0827-03lt0:ethernet18/1 -> lvl021082703031:nic1.port1,lvl021082703031:nic1.port1 -> lvl02-0101-0827-03lt0:ethernet18/1,1
2026-09-04 04:56:00.0000000,lvl02-0101-0827-03lt0,ethernet18/1,lvl021082703031,nic1.port1,50,3,0,0,lvl02-0101-0827-03lt0:ethernet18/1 -> lvl021082703031:nic1.port1,lvl021082703031:nic1.port1 -> lvl02-0101-0827-03lt0:ethernet18/1,1
2026-09-04 04:56:00.0000000,lvl02-0101-0827-03lt0,ethernet18/1,lvl021082703031,nic1.port1,50,4,0,0,lvl02-0101-0827-03lt0:ethernet18/1 -> lvl021082703031:nic1.port1,lvl021082703031:nic1.port1 -> lvl02-0101-0827-03lt0:ethernet18/1,1
2026-09-04 04:56:00.0000000,lvl02-0101-0827-03lt0,ethernet18/1,lvl021082703031,nic1.port1,50,6,0,0,lvl02-0101-0827-03lt0:ethernet18/1 -> lvl021082703031:nic1.port1,lvl021082703031:nic1.port1 -> lvl02-0101-0827-03lt0:ethernet18/1,1
2026-09-04 04:56:00.0000000,lvl02-0101-0827-03lt0,ethernet19/1,lvl021082703033,nic1.port1,50,2,0,0,lvl02-0101-0827-03lt0:ethernet19/1 -> lvl021082703033:nic1.port1,lvl021082703033:nic1.port1 -> lvl02-0101-0827-03lt0:ethernet19/1,1
2026-09-04 04:56:00.0000000,lvl02-0101-0827-03lt0,ethernet19/1,lvl021082703033,nic1.port1,50,3,0,0,lvl02-0101-0827-03lt0:ethernet19/1 -> lvl021082703033:nic1.port1,lvl021082703033:nic1.port1 -> lvl02-0101-0827-03lt0:ethernet19/1,1
2026-09-04 04:56:00.0000000,lvl02-0101-0827-03lt0,ethernet19/1,lvl021082703033,nic1.port1,50,4,0,0,lvl02-0101-0827-03lt0:ethernet19/1 -> lvl021082703033:nic1.port1,lvl021082703033:nic1.port1 -> lvl02-0101-0827-03lt0:ethernet19/1,1
2026-09-04 04:56:00.0000000,lvl02-0101-0827-03lt0,ethernet19/1,lvl021082703033,nic1.port1,50,6,0,0,lvl02-0101-0827-03lt0:ethernet19/1 -> lvl021082703033:nic1.port1,lvl021082703033:nic1.port1 -> lvl02-0101-0827-03lt0:ethernet19/1,1
2026-09-04 04:56:00.0000000,lvl02-0101-0827-03lt0,ethernet2/1,lvl021082703003,nic1.port1,50,2,0,0,lvl02-0101-0827-03lt0:ethernet2/1 -> lvl021082703003:nic1.port1,lvl021082703003:nic1.port1 -> lvl02-0101-0827-03lt0:ethernet2/1,1
2026-09-04 04:56:00.0000000,lvl02-0101-0827-03lt0,ethernet2/1,lvl021082703003,nic1.port1,50,3,0,0,lvl02-0101-0827-03lt0:ethernet2/1 -> lvl021082703003:nic1.port1,lvl021082703003:nic1.port1 -> lvl02-0101-0827-03lt0:ethernet2/1,1
2026-09-04 04:56:00.0000000,lvl02-0101-0827-03lt0,ethernet2/1,lvl021082703003,nic1.port1,50,4,0,0,lvl02-0101-0827-03lt0:ethernet2/1 -> lvl021082703003:nic1.port1,lvl021082703003:nic1.port1 -> lvl02-0101-0827-03lt0:ethernet2/1,1
2026-09-04 04:56:00.0000000,lvl02-0101-0827-03lt0,ethernet2/1,lvl021082703003,nic1.port1,50,6,0,0,lvl02-0101-0827-03lt0:ethernet2/1 -> lvl021082703003:nic1.port1,lvl021082703003:nic1.port1 -> lvl02-0101-0827-03lt0:ethernet2/1,1
2026-09-04 04:56:00.0000000,lvl02-0101-0827-03lt0,ethernet21/1,lvl021082703037,nic1.port1,50,2,0,0,lvl02-0101-0827-03lt0:ethernet21/1 -> lvl021082703037:nic1.port1,lvl021082703037:nic1.port1 -> lvl02-0101-0827-03lt0:ethernet21/1,1
2026-09-04 04:56:00.0000000,lvl02-0101-0827-03lt0,ethernet21/1,lvl021082703037,nic1.port1,50,3,0,0,lvl02-0101-0827-03lt0:ethernet21/1 -> lvl021082703037:nic1.port1,lvl021082703037:nic1.port1 -> lvl02-0101-0827-03lt0:ethernet21/1,1
2026-09-04 04:56:00.0000000,lvl02-0101-0827-03lt0,ethernet21/1,lvl021082703037,nic1.port1,50,4,0,0,lvl02-0101-0827-03lt0:ethernet21/1 -> lvl021082703037:nic1.port1,lvl021082703037:nic1.port1 -> lvl02-0101-0827-03lt0:ethernet21/1,1
2026-09-04 04:56:00.0000000,lvl02-0101-0827-03lt0,ethernet21/1,lvl021082703037,nic1.port1,50,6,0,0,lvl02-0101-0827-03lt0:ethernet21/1 -> lvl021082703037:nic1.port1,lvl021082703037:nic1.port1 -> lvl02-0101-0827-03lt0:ethernet21/1,1
2026-09-04 04:56:00.0000000,lvl02-0101-0827-03lt0,ethernet27/1,lvl021082703045,nic1.port1,50,2,0,0,lvl02-0101-0827-03lt0:ethernet27/1 -> lvl021082703045:nic1.port1,lvl021082703045:nic1.port1 -> lvl02-0101-0827-03lt0:ethernet27/1,1
2026-09-04 04:56:00.0000000,lvl02-0101-0827-03lt0,ethernet27/1,lvl021082703045,nic1.port1,50,3,0,0,lvl02-0101-0827-03lt0:ethernet27/1 -> lvl021082703045:nic1.port1,lvl021082703045:nic1.port1 -> lvl02-0101-0827-03lt0:ethernet27/1,1
2026-09-04 04:56:00.0000000,lvl02-0101-0827-03lt0,ethernet27/1,lvl021082703045,nic1.port1,50,4,0,0,lvl02-0101-0827-03lt0:ethernet27/1 -> lvl021082703045:nic1.port1,lvl021082703045:nic1.port1 -> lvl02-0101-0827-03lt0:ethernet27/1,1
2026-09-04 04:56:00.0000000,lvl02-0101-0827-03lt0,ethernet27/1,lvl021082703045,nic1.port1,50,6,0,0,lvl02-0101-0827-03lt0:ethernet27/1 -> lvl021082703045:nic1.port1,lvl021082703045:nic1.port1 -> lvl02-0101-0827-03lt0:ethernet27/1,1
2026-09-04 04:56:00.0000000,lvl02-0101-0827-03lt0,ethernet29/1,lvl021082703049,nic1.port1,50,2,0,0,lvl02-0101-0827-03lt0:ethernet29/1 -> lvl021082703049:nic1.port1,lvl021082703049:nic1.port1 -> lvl02-0101-0827-03lt0:ethernet29/1,1
2026-09-04 04:56:00.0000000,lvl02-0101-0827-03lt0,ethernet29/1,lvl021082703049,nic1.port1,50,3,0,0,lvl02-0101-0827-03lt0:ethernet29/1 -> lvl021082703049:nic1.port1,lvl021082703049:nic1.port1 -> lvl02-0101-0827-03lt0:ethernet29/1,1
2026-09-04 04:56:00.0000000,lvl02-0101-0827-03lt0,ethernet29/1,lvl021082703049,nic1.port1,50,4,0,0,lvl02-0101-0827-03lt0:ethernet29/1 -> lvl021082703049:nic1.port1,lvl021082703049:nic1.port1 -> lvl02-0101-0827-03lt0:ethernet29/1,1
2026-09-04 04:56:00.0000000,lvl02-0101-0827-03lt0,ethernet29/1,lvl021082703049,nic1.port1,50,6,0,0,lvl02-0101-0827-03lt0:ethernet29/1 -> lvl021082703049:nic1.port1,lvl021082703049:nic1.port1 -> lvl02-0101-0827-03lt0:ethernet29/1,1
2026-09-04 04:56:00.0000000,lvl02-0101-0827-03lt0,ethernet31/1,lvl021082703053,nic1.port1,50,2,0,0,lvl02-0101-0827-03lt0:ethernet31/1 -> lvl021082703053:nic1.port1,lvl021082703053:nic1.port1 -> lvl02-0101-0827-03lt0:ethernet31/1,1
2026-09-04 04:56:00.0000000,lvl02-0101-0827-03lt0,ethernet31/1,lvl021082703053,nic1.port1,50,3,0,7983,lvl02-0101-0827-03lt0:ethernet31/1 -> lvl021082703053:nic1.port1,lvl021082703053:nic1.port1 -> lvl02-0101-0827-03lt0:ethernet31/1,1
2026-09-04 04:56:00.0000000,lvl02-0101-0827-03lt0,ethernet31/1,lvl021082703053,nic1.port1,50,4,0,7983,lvl02-0101-0827-03lt0:ethernet31/1 -> lvl021082703053:nic1.port1,lvl021082703053:nic1.port1 -> lvl02-0101-0827-03lt0:ethernet31/1,1
2026-09-04 04:56:00.0000000,lvl02-0101-0827-03lt0,ethernet31/1,lvl021082703053,nic1.port1,50,6,0,0,lvl02-0101-0827-03lt0:ethernet31/1 -> lvl021082703053:nic1.port1,lvl021082703053:nic1.port1 -> lvl02-0101-0827-03lt0:ethernet31/1,1
2026-09-04 04:56:00.0000000,lvl02-0101-0827-03lt0,ethernet4/1,lvl021082703007,nic1.port1,50,2,0,0,lvl02-0101-0827-03lt0:ethernet4/1 -> lvl021082703007:nic1.port1,lvl021082703007:nic1.port1 -> lvl02-0101-0827-03lt0:ethernet4/1,1
2026-09-04 04:56:00.0000000,lvl02-0101-0827-03lt0,ethernet4/1,lvl021082703007,nic1.port1,50,3,0,0,lvl02-0101-0827-03lt0:ethernet4/1 -> lvl021082703007:nic1.port1,lvl021082703007:nic1.port1 -> lvl02-0101-0827-03lt0:ethernet4/1,1
2026-09-04 04:56:00.0000000,lvl02-0101-0827-03lt0,ethernet4/1,lvl021082703007,nic1.port1,50,4,0,0,lvl02-0101-0827-03lt0:ethernet4/1 -> lvl021082703007:nic1.port1,lvl021082703007:nic1.port1 -> lvl02-0101-0827-03lt0:ethernet4/1,1
2026-09-04 04:56:00.0000000,lvl02-0101-0827-03lt0,ethernet4/1,lvl021082703007,nic1.port1,50,6,0,0,lvl02-0101-0827-03lt0:ethernet4/1 -> lvl021082703007:nic1.port1,lvl021082703007:nic1.port1 -> lvl02-0101-0827-03lt0:ethernet4/1,1
2026-09-04 04:58:00.0000000,lvl02-0101-0827-03t0,ethernet12/1,lvl021082703019,nic1.port1,50,2,0,0,lvl02-0101-0827-03t0:ethernet12/1 -> lvl021082703019:nic1.port1,lvl021082703019:nic1.port1 -> lvl02-0101-0827-03t0:ethernet12/1,1
2026-09-04 04:58:00.0000000,lvl02-0101-0827-03t0,ethernet12/1,lvl021082703019,nic1.port1,50,3,0,0,lvl02-0101-0827-03t0:ethernet12/1 -> lvl021082703019:nic1.port1,lvl021082703019:nic1.port1 -> lvl02-0101-0827-03t0:ethernet12/1,1
2026-09-04 04:58:00.0000000,lvl02-0101-0827-03t0,ethernet12/1,lvl021082703019,nic1.port1,50,4,0,0,lvl02-0101-0827-03t0:ethernet12/1 -> lvl021082703019:nic1.port1,lvl021082703019:nic1.port1 -> lvl02-0101-0827-03t0:ethernet12/1,1
2026-09-04 04:58:00.0000000,lvl02-0101-0827-03t0,ethernet12/1,lvl021082703019,nic1.port1,50,6,0,0,lvl02-0101-0827-03t0:ethernet12/1 -> lvl021082703019:nic1.port1,lvl021082703019:nic1.port1 -> lvl02-0101-0827-03t0:ethernet12/1,1
2026-09-04 04:58:00.0000000,lvl02-0101-0827-03t0,ethernet14/1,lvl021082703023,nic1.port1,50,2,0,0,lvl02-0101-0827-03t0:ethernet14/1 -> lvl021082703023:nic1.port1,lvl021082703023:nic1.port1 -> lvl02-0101-0827-03t0:ethernet14/1,1
2026-09-04 04:58:00.0000000,lvl02-0101-0827-03t0,ethernet14/1,lvl021082703023,nic1.port1,50,3,0,4,lvl02-0101-0827-03t0:ethernet14/1 -> lvl021082703023:nic1.port1,lvl021082703023:nic1.port1 -> lvl02-0101-0827-03t0:ethernet14/1,1
2026-09-04 04:58:00.0000000,lvl02-0101-0827-03t0,ethernet14/1,lvl021082703023,nic1.port1,50,4,0,4,lvl02-0101-0827-03t0:ethernet14/1 -> lvl021082703023:nic1.port1,lvl021082703023:nic1.port1 -> lvl02-0101-0827-03t0:ethernet14/1,1
2026-09-04 04:58:00.0000000,lvl02-0101-0827-03t0,ethernet14/1,lvl021082703023,nic1.port1,50,6,0,0,lvl02-0101-0827-03t0:ethernet14/1 -> lvl021082703023:nic1.port1,lvl021082703023:nic1.port1 -> lvl02-0101-0827-03t0:ethernet14/1,1
2026-09-04 04:58:00.0000000,lvl02-0101-0827-03t0,ethernet15/1,lvl021082703025,nic1.port1,50,2,0,0,lvl02-0101-0827-03t0:ethernet15/1 -> lvl021082703025:nic1.port1,lvl021082703025:nic1.port1 -> lvl02-0101-0827-03t0:ethernet15/1,1
2026-09-04 04:58:00.0000000,lvl02-0101-0827-03t0,ethernet15/1,lvl021082703025,nic1.port1,50,3,0,0,lvl02-0101-0827-03t0:ethernet15/1 -> lvl021082703025:nic1.port1,lvl021082703025:nic1.port1 -> lvl02-0101-0827-03t0:ethernet15/1,1
2026-09-04 04:58:00.0000000,lvl02-0101-0827-03t0,ethernet15/1,lvl021082703025,nic1.port1,50,4,0,0,lvl02-0101-0827-03t0:ethernet15/1 -> lvl021082703025:nic1.port1,lvl021082703025:nic1.port1 -> lvl02-0101-0827-03t0:ethernet15/1,1
2026-09-04 04:58:00.0000000,lvl02-0101-0827-03t0,ethernet15/1,lvl021082703025,nic1.port1,50,6,0,0,lvl02-0101-0827-03t0:ethernet15/1 -> lvl021082703025:nic1.port1,lvl021082703025:nic1.port1 -> lvl02-0101-0827-03t0:ethernet15/1,1
2026-09-04 04:58:00.0000000,lvl02-0101-0827-03t0,ethernet18/1,lvl021082703031,nic1.port1,50,2,0,0,lvl02-0101-0827-03t0:ethernet18/1 -> lvl021082703031:nic1.port1,lvl021082703031:nic1.port1 -> lvl02-0101-0827-03t0:ethernet18/1,1
2026-09-04 04:58:00.0000000,lvl02-0101-0827-03t0,ethernet18/1,lvl021082703031,nic1.port1,50,3,0,0,lvl02-0101-0827-03t0:ethernet18/1 -> lvl021082703031:nic1.port1,lvl021082703031:nic1.port1 -> lvl02-0101-0827-03t0:ethernet18/1,1
2026-09-04 04:58:00.0000000,lvl02-0101-0827-03t0,ethernet18/1,lvl021082703031,nic1.port1,50,4,0,0,lvl02-0101-0827-03t0:ethernet18/1 -> lvl021082703031:nic1.port1,lvl021082703031:nic1.port1 -> lvl02-0101-0827-03t0:ethernet18/1,1
2026-09-04 04:58:00.0000000,lvl02-0101-0827-03t0,ethernet18/1,lvl021082703031,nic1.port1,50,6,0,0,lvl02-0101-0827-03t0:ethernet18/1 -> lvl021082703031:nic1.port1,lvl021082703031:nic1.port1 -> lvl02-0101-0827-03t0:ethernet18/1,1
2026-09-04 04:58:00.0000000,lvl02-0101-0827-03t0,ethernet19/1,lvl021082703033,nic1.port1,50,2,0,0,lvl02-0101-0827-03t0:ethernet19/1 -> lvl021082703033:nic1.port1,lvl021082703033:nic1.port1 -> lvl02-0101-0827-03t0:ethernet19/1,1
2026-09-04 04:58:00.0000000,lvl02-0101-0827-03t0,ethernet19/1,lvl021082703033,nic1.port1,50,3,0,0,lvl02-0101-0827-03t0:ethernet19/1 -> lvl021082703033:nic1.port1,lvl021082703033:nic1.port1 -> lvl02-0101-0827-03t0:ethernet19/1,1
2026-09-04 04:58:00.0000000,lvl02-0101-0827-03t0,ethernet19/1,lvl021082703033,nic1.port1,50,4,0,0,lvl02-0101-0827-03t0:ethernet19/1 -> lvl021082703033:nic1.port1,lvl021082703033:nic1.port1 -> lvl02-0101-0827-03t0:ethernet19/1,1
2026-09-04 04:58:00.0000000,lvl02-0101-0827-03t0,ethernet19/1,lvl021082703033,nic1.port1,50,6,0,0,lvl02-0101-0827-03t0:ethernet19/1 -> lvl021082703033:nic1.port1,lvl021082703033:nic1.port1 -> lvl02-0101-0827-03t0:ethernet19/1,1
2026-09-04 04:58:00.0000000,lvl02-0101-0827-03t0,ethernet2/1,lvl021082703003,nic1.port1,50,2,0,0,lvl02-0101-0827-03t0:ethernet2/1 -> lvl021082703003:nic1.port1,lvl021082703003:nic1.port1 -> lvl02-0101-0827-03t0:ethernet2/1,1
2026-09-04 04:58:00.0000000,lvl02-0101-0827-03t0,ethernet2/1,lvl021082703003,nic1.port1,50,3,0,0,lvl02-0101-0827-03t0:ethernet2/1 -> lvl021082703003:nic1.port1,lvl021082703003:nic1.port1 -> lvl02-0101-0827-03t0:ethernet2/1,1
2026-09-04 04:58:00.0000000,lvl02-0101-0827-03t0,ethernet2/1,lvl021082703003,nic1.port1,50,4,0,0,lvl02-0101-0827-03t0:ethernet2/1 -> lvl021082703003:nic1.port1,lvl021082703003:nic1.port1 -> lvl02-0101-0827-03t0:ethernet2/1,1
2026-09-04 04:58:00.0000000,lvl02-0101-0827-03t0,ethernet2/1,lvl021082703003,nic1.port1,50,6,0,0,lvl02-0101-0827-03t0:ethernet2/1 -> lvl021082703003:nic1.port1,lvl021082703003:nic1.port1 -> lvl02-0101-0827-03t0:ethernet2/1,1
2026-09-04 04:58:00.0000000,lvl02-0101-0827-03t0,ethernet21/1,lvl021082703037,nic1.port1,50,2,0,0,lvl02-0101-0827-03t0:ethernet21/1 -> lvl021082703037:nic1.port1,lvl021082703037:nic1.port1 -> lvl02-0101-0827-03t0:ethernet21/1,1
2026-09-04 04:58:00.0000000,lvl02-0101-0827-03t0,ethernet21/1,lvl021082703037,nic1.port1,50,3,0,0,lvl02-0101-0827-03t0:ethernet21/1 -> lvl021082703037:nic1.port1,lvl021082703037:nic1.port1 -> lvl02-0101-0827-03t0:ethernet21/1,1
2026-09-04 04:58:00.0000000,lvl02-0101-0827-03t0,ethernet21/1,lvl021082703037,nic1.port1,50,4,0,0,lvl02-0101-0827-03t0:ethernet21/1 -> lvl021082703037:nic1.port1,lvl021082703037:nic1.port1 -> lvl02-0101-0827-03t0:ethernet21/1,1
2026-09-04 04:58:00.0000000,lvl02-0101-0827-03t0,ethernet21/1,lvl021082703037,nic1.port1,50,6,0,0,lvl02-0101-0827-03t0:ethernet21/1 -> lvl021082703037:nic1.port1,lvl021082703037:nic1.port1 -> lvl02-0101-0827-03t0:ethernet21/1,1
2026-09-04 04:58:00.0000000,lvl02-0101-0827-03t0,ethernet27/1,lvl021082703045,nic1.port1,50,2,0,0,lvl02-0101-0827-03t0:ethernet27/1 -> lvl021082703045:nic1.port1,lvl021082703045:nic1.port1 -> lvl02-0101-0827-03t0:ethernet27/1,1
2026-09-04 04:58:00.0000000,lvl02-0101-0827-03t0,ethernet27/1,lvl021082703045,nic1.port1,50,3,0,0,lvl02-0101-0827-03t0:ethernet27/1 -> lvl021082703045:nic1.port1,lvl021082703045:nic1.port1 -> lvl02-0101-0827-03t0:ethernet27/1,1
2026-09-04 04:58:00.0000000,lvl02-0101-0827-03t0,ethernet27/1,lvl021082703045,nic1.port1,50,4,0,0,lvl02-0101-0827-03t0:ethernet27/1 -> lvl021082703045:nic1.port1,lvl021082703045:nic1.port1 -> lvl02-0101-0827-03t0:ethernet27/1,1
2026-09-04 04:58:00.0000000,lvl02-0101-0827-03t0,ethernet27/1,lvl021082703045,nic1.port1,50,6,0,0,lvl02-0101-0827-03t0:ethernet27/1 -> lvl021082703045:nic1.port1,lvl021082703045:nic1.port1 -> lvl02-0101-0827-03t0:ethernet27/1,1
2026-09-04 04:58:00.0000000,lvl02-0101-0827-03t0,ethernet29/1,lvl021082703049,nic1.port1,50,2,0,0,lvl02-0101-0827-03t0:ethernet29/1 -> lvl021082703049:nic1.port1,lvl021082703049:nic1.port1 -> lvl02-0101-0827-03t0:ethernet29/1,1
2026-09-04 04:58:00.0000000,lvl02-0101-0827-03t0,ethernet29/1,lvl021082703049,nic1.port1,50,3,0,0,lvl02-0101-0827-03t0:ethernet29/1 -> lvl021082703049:nic1.port1,lvl021082703049:nic1.port1 -> lvl02-0101-0827-03t0:ethernet29/1,1
2026-09-04 04:58:00.0000000,lvl02-0101-0827-03t0,ethernet29/1,lvl021082703049,nic1.port1,50,4,0,0,lvl02-0101-0827-03t0:ethernet29/1 -> lvl021082703049:nic1.port1,lvl021082703049:nic1.port1 -> lvl02-0101-0827-03t0:ethernet29/1,1
2026-09-04 04:58:00.0000000,lvl02-0101-0827-03t0,ethernet29/1,lvl021082703049,nic1.port1,50,6,0,0,lvl02-0101-0827-03t0:ethernet29/1 -> lvl021082703049:nic1.port1,lvl021082703049:nic1.port1 -> lvl02-0101-0827-03t0:ethernet29/1,1
2026-09-04 04:58:00.0000000,lvl02-0101-0827-03t0,ethernet31/1,lvl021082703053,nic1.port1,50,2,0,0,lvl02-0101-0827-03t0:ethernet31/1 -> lvl021082703053:nic1.port1,lvl021082703053:nic1.port1 -> lvl02-0101-0827-03t0:ethernet31/1,1
2026-09-04 04:58:00.0000000,lvl02-0101-0827-03t0,ethernet31/1,lvl021082703053,nic1.port1,50,3,0,6655,lvl02-0101-0827-03t0:ethernet31/1 -> lvl021082703053:nic1.port1,lvl021082703053:nic1.port1 -> lvl02-0101-0827-03t0:ethernet31/1,1
2026-09-04 04:58:00.0000000,lvl02-0101-0827-03t0,ethernet31/1,lvl021082703053,nic1.port1,50,4,0,6655,lvl02-0101-0827-03t0:ethernet31/1 -> lvl021082703053:nic1.port1,lvl021082703053:nic1.port1 -> lvl02-0101-0827-03t0:ethernet31/1,1
2026-09-04 04:58:00.0000000,lvl02-0101-0827-03t0,ethernet31/1,lvl021082703053,nic1.port1,50,6,0,0,lvl02-0101-0827-03t0:ethernet31/1 -> lvl021082703053:nic1.port1,lvl021082703053:nic1.port1 -> lvl02-0101-0827-03t0:ethernet31/1,1
2026-09-04 04:58:00.0000000,lvl02-0101-0827-03t0,ethernet4/1,lvl021082703007,nic1.port1,50,2,0,0,lvl02-0101-0827-03t0:ethernet4/1 -> lvl021082703007:nic1.port1,lvl021082703007:nic1.port1 -> lvl02-0101-0827-03t0:ethernet4/1,1
2026-09-04 04:58:00.0000000,lvl02-0101-0827-03t0,ethernet4/1,lvl021082703007,nic1.port1,50,3,0,0,lvl02-0101-0827-03t0:ethernet4/1 -> lvl021082703007:nic1.port1,lvl021082703007:nic1.port1 -> lvl02-0101-0827-03t0:ethernet4/1,1
2026-09-04 04:58:00.0000000,lvl02-0101-0827-03t0,ethernet4/1,lvl021082703007,nic1.port1,50,4,0,0,lvl02-0101-0827-03t0:ethernet4/1 -> lvl021082703007:nic1.port1,lvl021082703007:nic1.port1 -> lvl02-0101-0827-03t0:ethernet4/1,1
2026-09-04 04:58:00.0000000,lvl02-0101-0827-03t0,ethernet4/1,lvl021082703007,nic1.port1,50,6,0,0,lvl02-0101-0827-03t0:ethernet4/1 -> lvl021082703007:nic1.port1,lvl021082703007:nic1.port1 -> lvl02-0101-0827-03t0:ethernet4/1,1
2026-09-04 05:01:00.0000000,lvl02-0101-0827-03lt0,ethernet12/1,lvl021082703019,nic1.port1,50,2,0,0,lvl02-0101-0827-03lt0:ethernet12/1 -> lvl021082703019:nic1.port1,lvl021082703019:nic1.port1 -> lvl02-0101-0827-03lt0:ethernet12/1,1
2026-09-04 05:01:00.0000000,lvl02-0101-0827-03lt0,ethernet12/1,lvl021082703019,nic1.port1,50,3,0,0,lvl02-0101-0827-03lt0:ethernet12/1 -> lvl021082703019:nic1.port1,lvl021082703019:nic1.port1 -> lvl02-0101-0827-03lt0:ethernet12/1,1
2026-09-04 05:01:00.0000000,lvl02-0101-0827-03lt0,ethernet12/1,lvl021082703019,nic1.port1,50,4,0,0,lvl02-0101-0827-03lt0:ethernet12/1 -> lvl021082703019:nic1.port1,lvl021082703019:nic1.port1 -> lvl02-0101-0827-03lt0:ethernet12/1,1
2026-09-04 05:01:00.0000000,lvl02-0101-0827-03lt0,ethernet12/1,lvl021082703019,nic1.port1,50,6,0,0,lvl02-0101-0827-03lt0:ethernet12/1 -> lvl021082703019:nic1.port1,lvl021082703019:nic1.port1 -> lvl02-0101-0827-03lt0:ethernet12/1,1
2026-09-04 05:01:00.0000000,lvl02-0101-0827-03lt0,ethernet14/1,lvl021082703023,nic1.port1,50,2,0,0,lvl02-0101-0827-03lt0:ethernet14/1 -> lvl021082703023:nic1.port1,lvl021082703023:nic1.port1 -> lvl02-0101-0827-03lt0:ethernet14/1,1
2026-09-04 05:01:00.0000000,lvl02-0101-0827-03lt0,ethernet14/1,lvl021082703023,nic1.port1,50,3,0,20,lvl02-0101-0827-03lt0:ethernet14/1 -> lvl021082703023:nic1.port1,lvl021082703023:nic1.port1 -> lvl02-0101-0827-03lt0:ethernet14/1,1
2026-09-04 05:01:00.0000000,lvl02-0101-0827-03lt0,ethernet14/1,lvl021082703023,nic1.port1,50,4,0,20,lvl02-0101-0827-03lt0:ethernet14/1 -> lvl021082703023:nic1.port1,lvl021082703023:nic1.port1 -> lvl02-0101-0827-03lt0:ethernet14/1,1
2026-09-04 05:01:00.0000000,lvl02-0101-0827-03lt0,ethernet14/1,lvl021082703023,nic1.port1,50,6,0,0,lvl02-0101-0827-03lt0:ethernet14/1 -> lvl021082703023:nic1.port1,lvl021082703023:nic1.port1 -> lvl02-0101-0827-03lt0:ethernet14/1,1
2026-09-04 05:01:00.0000000,lvl02-0101-0827-03lt0,ethernet15/1,lvl021082703025,nic1.port1,50,2,0,0,lvl02-0101-0827-03lt0:ethernet15/1 -> lvl021082703025:nic1.port1,lvl021082703025:nic1.port1 -> lvl02-0101-0827-03lt0:ethernet15/1,1
2026-09-04 05:01:00.0000000,lvl02-0101-0827-03lt0,ethernet15/1,lvl021082703025,nic1.port1,50,3,0,0,lvl02-0101-0827-03lt0:ethernet15/1 -> lvl021082703025:nic1.port1,lvl021082703025:nic1.port1 -> lvl02-0101-0827-03lt0:ethernet15/1,1
2026-09-04 05:01:00.0000000,lvl02-0101-0827-03lt0,ethernet15/1,lvl021082703025,nic1.port1,50,4,0,0,lvl02-0101-0827-03lt0:ethernet15/1 -> lvl021082703025:nic1.port1,lvl021082703025:nic1.port1 -> lvl02-0101-0827-03lt0:ethernet15/1,1
2026-09-04 05:01:00.0000000,lvl02-0101-0827-03lt0,ethernet15/1,lvl021082703025,nic1.port1,50,6,0,0,lvl02-0101-0827-03lt0:ethernet15/1 -> lvl021082703025:nic1.port1,lvl021082703025:nic1.port1 -> lvl02-0101-0827-03lt0:ethernet15/1,1
2026-09-04 05:01:00.0000000,lvl02-0101-0827-03lt0,ethernet18/1,lvl021082703031,nic1.port1,50,2,0,0,lvl02-0101-0827-03lt0:ethernet18/1 -> lvl021082703031:nic1.port1,lvl021082703031:nic1.port1 -> lvl02-0101-0827-03lt0:ethernet18/1,1
2026-09-04 05:01:00.0000000,lvl02-0101-0827-03lt0,ethernet18/1,lvl021082703031,nic1.port1,50,3,0,0,lvl02-0101-0827-03lt0:ethernet18/1 -> lvl021082703031:nic1.port1,lvl021082703031:nic1.port1 -> lvl02-0101-0827-03lt0:ethernet18/1,1
2026-09-04 05:01:00.0000000,lvl02-0101-0827-03lt0,ethernet18/1,lvl021082703031,nic1.port1,50,4,0,0,lvl02-0101-0827-03lt0:ethernet18/1 -> lvl021082703031:nic1.port1,lvl021082703031:nic1.port1 -> lvl02-0101-0827-03lt0:ethernet18/1,1
2026-09-04 05:01:00.0000000,lvl02-0101-0827-03lt0,ethernet18/1,lvl021082703031,nic1.port1,50,6,0,0,lvl02-0101-0827-03lt0:ethernet18/1 -> lvl021082703031:nic1.port1,lvl021082703031:nic1.port1 -> lvl02-0101-0827-03lt0:ethernet18/1,1
2026-09-04 05:01:00.0000000,lvl02-0101-0827-03lt0,ethernet19/1,lvl021082703033,nic1.port1,50,2,0,0,lvl02-0101-0827-03lt0:ethernet19/1 -> lvl021082703033:nic1.port1,lvl021082703033:nic1.port1 -> lvl02-0101-0827-03lt0:ethernet19/1,1
2026-09-04 05:01:00.0000000,lvl02-0101-0827-03lt0,ethernet19/1,lvl021082703033,nic1.port1,50,3,0,0,lvl02-0101-0827-03lt0:ethernet19/1 -> lvl021082703033:nic1.port1,lvl021082703033:nic1.port1 -> lvl02-0101-0827-03lt0:ethernet19/1,1
2026-09-04 05:01:00.0000000,lvl02-0101-0827-03lt0,ethernet19/1,lvl021082703033,nic1.port1,50,4,0,0,lvl02-0101-0827-03lt0:ethernet19/1 -> lvl021082703033:nic1.port1,lvl021082703033:nic1.port1 -> lvl02-0101-0827-03lt0:ethernet19/1,1
2026-09-04 05:01:00.0000000,lvl02-0101-0827-03lt0,ethernet19/1,lvl021082703033,nic1.port1,50,6,0,0,lvl02-0101-0827-03lt0:ethernet19/1 -> lvl021082703033:nic1.port1,lvl021082703033:nic1.port1 -> lvl02-0101-0827-03lt0:ethernet19/1,1
2026-09-04 05:01:00.0000000,lvl02-0101-0827-03lt0,ethernet2/1,lvl021082703003,nic1.port1,50,2,0,0,lvl02-0101-0827-03lt0:ethernet2/1 -> lvl021082703003:nic1.port1,lvl021082703003:nic1.port1 -> lvl02-0101-0827-03lt0:ethernet2/1,1
2026-09-04 05:01:00.0000000,lvl02-0101-0827-03lt0,ethernet2/1,lvl021082703003,nic1.port1,50,3,0,0,lvl02-0101-0827-03lt0:ethernet2/1 -> lvl021082703003:nic1.port1,lvl021082703003:nic1.port1 -> lvl02-0101-0827-03lt0:ethernet2/1,1
2026-09-04 05:01:00.0000000,lvl02-0101-0827-03lt0,ethernet2/1,lvl021082703003,nic1.port1,50,4,0,0,lvl02-0101-0827-03lt0:ethernet2/1 -> lvl021082703003:nic1.port1,lvl021082703003:nic1.port1 -> lvl02-0101-0827-03lt0:ethernet2/1,1
2026-09-04 05:01:00.0000000,lvl02-0101-0827-03lt0,ethernet2/1,lvl021082703003,nic1.port1,50,6,0,0,lvl02-0101-0827-03lt0:ethernet2/1 -> lvl021082703003:nic1.port1,lvl021082703003:nic1.port1 -> lvl02-0101-0827-03lt0:ethernet2/1,1
2026-09-04 05:01:00.0000000,lvl02-0101-0827-03lt0,ethernet21/1,lvl021082703037,nic1.port1,50,2,0,0,lvl02-0101-0827-03lt0:ethernet21/1 -> lvl021082703037:nic1.port1,lvl021082703037:nic1.port1 -> lvl02-0101-0827-03lt0:ethernet21/1,1
2026-09-04 05:01:00.0000000,lvl02-0101-0827-03lt0,ethernet21/1,lvl021082703037,nic1.port1,50,3,0,0,lvl02-0101-0827-03lt0:ethernet21/1 -> lvl021082703037:nic1.port1,lvl021082703037:nic1.port1 -> lvl02-0101-0827-03lt0:ethernet21/1,1
2026-09-04 05:01:00.0000000,lvl02-0101-0827-03lt0,ethernet21/1,lvl021082703037,nic1.port1,50,4,0,0,lvl02-0101-0827-03lt0:ethernet21/1 -> lvl021082703037:nic1.port1,lvl021082703037:nic1.port1 -> lvl02-0101-0827-03lt0:ethernet21/1,1
2026-09-04 05:01:00.0000000,lvl02-0101-0827-03lt0,ethernet21/1,lvl021082703037,nic1.port1,50,6,0,0,lvl02-0101-0827-03lt0:ethernet21/1 -> lvl021082703037:nic1.port1,lvl021082703037:nic1.port1 -> lvl02-0101-0827-03lt0:ethernet21/1,1
2026-09-04 05:01:00.0000000,lvl02-0101-0827-03lt0,ethernet27/1,lvl021082703045,nic1.port1,50,2,0,0,lvl02-0101-0827-03lt0:ethernet27/1 -> lvl021082703045:nic1.port1,lvl021082703045:nic1.port1 -> lvl02-0101-0827-03lt0:ethernet27/1,1
2026-09-04 05:01:00.0000000,lvl02-0101-0827-03lt0,ethernet27/1,lvl021082703045,nic1.port1,50,3,0,0,lvl02-0101-0827-03lt0:ethernet27/1 -> lvl021082703045:nic1.port1,lvl021082703045:nic1.port1 -> lvl02-0101-0827-03lt0:ethernet27/1,1
2026-09-04 05:01:00.0000000,lvl02-0101-0827-03lt0,ethernet27/1,lvl021082703045,nic1.port1,50,4,0,0,lvl02-0101-0827-03lt0:ethernet27/1 -> lvl021082703045:nic1.port1,lvl021082703045:nic1.port1 -> lvl02-0101-0827-03lt0:ethernet27/1,1
2026-09-04 05:01:00.0000000,lvl02-0101-0827-03lt0,ethernet27/1,lvl021082703045,nic1.port1,50,6,0,0,lvl02-0101-0827-03lt0:ethernet27/1 -> lvl021082703045:nic1.port1,lvl021082703045:nic1.port1 -> lvl02-0101-0827-03lt0:ethernet27/1,1
2026-09-04 05:01:00.0000000,lvl02-0101-0827-03lt0,ethernet29/1,lvl021082703049,nic1.port1,50,2,0,0,lvl02-0101-0827-03lt0:ethernet29/1 -> lvl021082703049:nic1.port1,lvl021082703049:nic1.port1 -> lvl02-0101-0827-03lt0:ethernet29/1,1
2026-09-04 05:01:00.0000000,lvl02-0101-0827-03lt0,ethernet29/1,lvl021082703049,nic1.port1,50,3,0,0,lvl02-0101-0827-03lt0:ethernet29/1 -> lvl021082703049:nic1.port1,lvl021082703049:nic1.port1 -> lvl02-0101-0827-03lt0:ethernet29/1,1
2026-09-04 05:01:00.0000000,lvl02-0101-0827-03lt0,ethernet29/1,lvl021082703049,nic1.port1,50,4,0,0,lvl02-0101-0827-03lt0:ethernet29/1 -> lvl021082703049:nic1.port1,lvl021082703049:nic1.port1 -> lvl02-0101-0827-03lt0:ethernet29/1,1
2026-09-04 05:01:00.0000000,lvl02-0101-0827-03lt0,ethernet29/1,lvl021082703049,nic1.port1,50,6,0,0,lvl02-0101-0827-03lt0:ethernet29/1 -> lvl021082703049:nic1.port1,lvl021082703049:nic1.port1 -> lvl02-0101-0827-03lt0:ethernet29/1,1
2026-09-04 05:01:00.0000000,lvl02-0101-0827-03lt0,ethernet31/1,lvl021082703053,nic1.port1,50,2,0,0,lvl02-0101-0827-03lt0:ethernet31/1 -> lvl021082703053:nic1.port1,lvl021082703053:nic1.port1 -> lvl02-0101-0827-03lt0:ethernet31/1,1
2026-09-04 05:01:00.0000000,lvl02-0101-0827-03lt0,ethernet31/1,lvl021082703053,nic1.port1,50,3,0,6735,lvl02-0101-0827-03lt0:ethernet31/1 -> lvl021082703053:nic1.port1,lvl021082703053:nic1.port1 -> lvl02-0101-0827-03lt0:ethernet31/1,1
2026-09-04 05:01:00.0000000,lvl02-0101-0827-03lt0,ethernet31/1,lvl021082703053,nic1.port1,50,4,0,6735,lvl02-0101-0827-03lt0:ethernet31/1 -> lvl021082703053:nic1.port1,lvl021082703053:nic1.port1 -> lvl02-0101-0827-03lt0:ethernet31/1,1
2026-09-04 05:01:00.0000000,lvl02-0101-0827-03lt0,ethernet31/1,lvl021082703053,nic1.port1,50,6,0,0,lvl02-0101-0827-03lt0:ethernet31/1 -> lvl021082703053:nic1.port1,lvl021082703053:nic1.port1 -> lvl02-0101-0827-03lt0:ethernet31/1,1
2026-09-04 05:01:00.0000000,lvl02-0101-0827-03lt0,ethernet4/1,lvl021082703007,nic1.port1,50,2,0,0,lvl02-0101-0827-03lt0:ethernet4/1 -> lvl021082703007:nic1.port1,lvl021082703007:nic1.port1 -> lvl02-0101-0827-03lt0:ethernet4/1,1
2026-09-04 05:01:00.0000000,lvl02-0101-0827-03lt0,ethernet4/1,lvl021082703007,nic1.port1,50,3,0,0,lvl02-0101-0827-03lt0:ethernet4/1 -> lvl021082703007:nic1.port1,lvl021082703007:nic1.port1 -> lvl02-0101-0827-03lt0:ethernet4/1,1
2026-09-04 05:01:00.0000000,lvl02-0101-0827-03lt0,ethernet4/1,lvl021082703007,nic1.port1,50,4,0,0,lvl02-0101-0827-03lt0:ethernet4/1 -> lvl021082703007:nic1.port1,lvl021082703007:nic1.port1 -> lvl02-0101-0827-03lt0:ethernet4/1,1
2026-09-04 05:01:00.0000000,lvl02-0101-0827-03lt0,ethernet4/1,lvl021082703007,nic1.port1,50,6,0,0,lvl02-0101-0827-03lt0:ethernet4/1 -> lvl021082703007:nic1.port1,lvl021082703007:nic1.port1 -> lvl02-0101-0827-03lt0:ethernet4/1,1
2026-09-04 05:03:00.0000000,lvl02-0101-0827-03t0,ethernet12/1,lvl021082703019,nic1.port1,50,2,0,0,lvl02-0101-0827-03t0:ethernet12/1 -> lvl021082703019:nic1.port1,lvl021082703019:nic1.port1 -> lvl02-0101-0827-03t0:ethernet12/1,1
2026-09-04 05:03:00.0000000,lvl02-0101-0827-03t0,ethernet12/1,lvl021082703019,nic1.port1,50,3,0,0,lvl02-0101-0827-03t0:ethernet12/1 -> lvl021082703019:nic1.port1,lvl021082703019:nic1.port1 -> lvl02-0101-0827-03t0:ethernet12/1,1
2026-09-04 05:03:00.0000000,lvl02-0101-0827-03t0,ethernet12/1,lvl021082703019,nic1.port1,50,4,0,0,lvl02-0101-0827-03t0:ethernet12/1 -> lvl021082703019:nic1.port1,lvl021082703019:nic1.port1 -> lvl02-0101-0827-03t0:ethernet12/1,1
2026-09-04 05:03:00.0000000,lvl02-0101-0827-03t0,ethernet12/1,lvl021082703019,nic1.port1,50,6,0,0,lvl02-0101-0827-03t0:ethernet12/1 -> lvl021082703019:nic1.port1,lvl021082703019:nic1.port1 -> lvl02-0101-0827-03t0:ethernet12/1,1
2026-09-04 05:03:00.0000000,lvl02-0101-0827-03t0,ethernet14/1,lvl021082703023,nic1.port1,50,2,0,0,lvl02-0101-0827-03t0:ethernet14/1 -> lvl021082703023:nic1.port1,lvl021082703023:nic1.port1 -> lvl02-0101-0827-03t0:ethernet14/1,1
2026-09-04 05:03:00.0000000,lvl02-0101-0827-03t0,ethernet14/1,lvl021082703023,nic1.port1,50,3,0,25,lvl02-0101-0827-03t0:ethernet14/1 -> lvl021082703023:nic1.port1,lvl021082703023:nic1.port1 -> lvl02-0101-0827-03t0:ethernet14/1,1
2026-09-04 05:03:00.0000000,lvl02-0101-0827-03t0,ethernet14/1,lvl021082703023,nic1.port1,50,4,0,25,lvl02-0101-0827-03t0:ethernet14/1 -> lvl021082703023:nic1.port1,lvl021082703023:nic1.port1 -> lvl02-0101-0827-03t0:ethernet14/1,1
2026-09-04 05:03:00.0000000,lvl02-0101-0827-03t0,ethernet14/1,lvl021082703023,nic1.port1,50,6,0,0,lvl02-0101-0827-03t0:ethernet14/1 -> lvl021082703023:nic1.port1,lvl021082703023:nic1.port1 -> lvl02-0101-0827-03t0:ethernet14/1,1
2026-09-04 05:03:00.0000000,lvl02-0101-0827-03t0,ethernet15/1,lvl021082703025,nic1.port1,50,2,0,0,lvl02-0101-0827-03t0:ethernet15/1 -> lvl021082703025:nic1.port1,lvl021082703025:nic1.port1 -> lvl02-0101-0827-03t0:ethernet15/1,1
2026-09-04 05:03:00.0000000,lvl02-0101-0827-03t0,ethernet15/1,lvl021082703025,nic1.port1,50,3,0,0,lvl02-0101-0827-03t0:ethernet15/1 -> lvl021082703025:nic1.port1,lvl021082703025:nic1.port1 -> lvl02-0101-0827-03t0:ethernet15/1,1
2026-09-04 05:03:00.0000000,lvl02-0101-0827-03t0,ethernet15/1,lvl021082703025,nic1.port1,50,4,0,0,lvl02-0101-0827-03t0:ethernet15/1 -> lvl021082703025:nic1.port1,lvl021082703025:nic1.port1 -> lvl02-0101-0827-03t0:ethernet15/1,1
2026-09-04 05:03:00.0000000,lvl02-0101-0827-03t0,ethernet15/1,lvl021082703025,nic1.port1,50,6,0,0,lvl02-0101-0827-03t0:ethernet15/1 -> lvl021082703025:nic1.port1,lvl021082703025:nic1.port1 -> lvl02-0101-0827-03t0:ethernet15/1,1
2026-09-04 05:03:00.0000000,lvl02-0101-0827-03t0,ethernet18/1,lvl021082703031,nic1.port1,50,2,0,0,lvl02-0101-0827-03t0:ethernet18/1 -> lvl021082703031:nic1.port1,lvl021082703031:nic1.port1 -> lvl02-0101-0827-03t0:ethernet18/1,1
2026-09-04 05:03:00.0000000,lvl02-0101-0827-03t0,ethernet18/1,lvl021082703031,nic1.port1,50,3,0,0,lvl02-0101-0827-03t0:ethernet18/1 -> lvl021082703031:nic1.port1,lvl021082703031:nic1.port1 -> lvl02-0101-0827-03t0:ethernet18/1,1
2026-09-04 05:03:00.0000000,lvl02-0101-0827-03t0,ethernet18/1,lvl021082703031,nic1.port1,50,4,0,0,lvl02-0101-0827-03t0:ethernet18/1 -> lvl021082703031:nic1.port1,lvl021082703031:nic1.port1 -> lvl02-0101-0827-03t0:ethernet18/1,1
2026-09-04 05:03:00.0000000,lvl02-0101-0827-03t0,ethernet18/1,lvl021082703031,nic1.port1,50,6,0,0,lvl02-0101-0827-03t0:ethernet18/1 -> lvl021082703031:nic1.port1,lvl021082703031:nic1.port1 -> lvl02-0101-0827-03t0:ethernet18/1,1
2026-09-04 05:03:00.0000000,lvl02-0101-0827-03t0,ethernet19/1,lvl021082703033,nic1.port1,50,2,0,0,lvl02-0101-0827-03t0:ethernet19/1 -> lvl021082703033:nic1.port1,lvl021082703033:nic1.port1 -> lvl02-0101-0827-03t0:ethernet19/1,1
2026-09-04 05:03:00.0000000,lvl02-0101-0827-03t0,ethernet19/1,lvl021082703033,nic1.port1,50,3,0,0,lvl02-0101-0827-03t0:ethernet19/1 -> lvl021082703033:nic1.port1,lvl021082703033:nic1.port1 -> lvl02-0101-0827-03t0:ethernet19/1,1
2026-09-04 05:03:00.0000000,lvl02-0101-0827-03t0,ethernet19/1,lvl021082703033,nic1.port1,50,4,0,0,lvl02-0101-0827-03t0:ethernet19/1 -> lvl021082703033:nic1.port1,lvl021082703033:nic1.port1 -> lvl02-0101-0827-03t0:ethernet19/1,1
2026-09-04 05:03:00.0000000,lvl02-0101-0827-03t0,ethernet19/1,lvl021082703033,nic1.port1,50,6,0,0,lvl02-0101-0827-03t0:ethernet19/1 -> lvl021082703033:nic1.port1,lvl021082703033:nic1.port1 -> lvl02-0101-0827-03t0:ethernet19/1,1
2026-09-04 05:03:00.0000000,lvl02-0101-0827-03t0,ethernet2/1,lvl021082703003,nic1.port1,50,2,0,0,lvl02-0101-0827-03t0:ethernet2/1 -> lvl021082703003:nic1.port1,lvl021082703003:nic1.port1 -> lvl02-0101-0827-03t0:ethernet2/1,1
2026-09-04 05:03:00.0000000,lvl02-0101-0827-03t0,ethernet2/1,lvl021082703003,nic1.port1,50,3,0,0,lvl02-0101-0827-03t0:ethernet2/1 -> lvl021082703003:nic1.port1,lvl021082703003:nic1.port1 -> lvl02-0101-0827-03t0:ethernet2/1,1
2026-09-04 05:03:00.0000000,lvl02-0101-0827-03t0,ethernet2/1,lvl021082703003,nic1.port1,50,4,0,0,lvl02-0101-0827-03t0:ethernet2/1 -> lvl021082703003:nic1.port1,lvl021082703003:nic1.port1 -> lvl02-0101-0827-03t0:ethernet2/1,1
2026-09-04 05:03:00.0000000,lvl02-0101-0827-03t0,ethernet2/1,lvl021082703003,nic1.port1,50,6,0,0,lvl02-0101-0827-03t0:ethernet2/1 -> lvl021082703003:nic1.port1,lvl021082703003:nic1.port1 -> lvl02-0101-0827-03t0:ethernet2/1,1
2026-09-04 05:03:00.0000000,lvl02-0101-0827-03t0,ethernet21/1,lvl021082703037,nic1.port1,50,2,0,0,lvl02-0101-0827-03t0:ethernet21/1 -> lvl021082703037:nic1.port1,lvl021082703037:nic1.port1 -> lvl02-0101-0827-03t0:ethernet21/1,1
2026-09-04 05:03:00.0000000,lvl02-0101-0827-03t0,ethernet21/1,lvl021082703037,nic1.port1,50,3,0,0,lvl02-0101-0827-03t0:ethernet21/1 -> lvl021082703037:nic1.port1,lvl021082703037:nic1.port1 -> lvl02-0101-0827-03t0:ethernet21/1,1
2026-09-04 05:03:00.0000000,lvl02-0101-0827-03t0,ethernet21/1,lvl021082703037,nic1.port1,50,4,0,0,lvl02-0101-0827-03t0:ethernet21/1 -> lvl021082703037:nic1.port1,lvl021082703037:nic1.port1 -> lvl02-0101-0827-03t0:ethernet21/1,1
2026-09-04 05:03:00.0000000,lvl02-0101-0827-03t0,ethernet21/1,lvl021082703037,nic1.port1,50,6,0,0,lvl02-0101-0827-03t0:ethernet21/1 -> lvl021082703037:nic1.port1,lvl021082703037:nic1.port1 -> lvl02-0101-0827-03t0:ethernet21/1,1
2026-09-04 05:03:00.0000000,lvl02-0101-0827-03t0,ethernet27/1,lvl021082703045,nic1.port1,50,2,0,0,lvl02-0101-0827-03t0:ethernet27/1 -> lvl021082703045:nic1.port1,lvl021082703045:nic1.port1 -> lvl02-0101-0827-03t0:ethernet27/1,1
2026-09-04 05:03:00.0000000,lvl02-0101-0827-03t0,ethernet27/1,lvl021082703045,nic1.port1,50,3,0,0,lvl02-0101-0827-03t0:ethernet27/1 -> lvl021082703045:nic1.port1,lvl021082703045:nic1.port1 -> lvl02-0101-0827-03t0:ethernet27/1,1
2026-09-04 05:03:00.0000000,lvl02-0101-0827-03t0,ethernet27/1,lvl021082703045,nic1.port1,50,4,0,0,lvl02-0101-0827-03t0:ethernet27/1 -> lvl021082703045:nic1.port1,lvl021082703045:nic1.port1 -> lvl02-0101-0827-03t0:ethernet27/1,1
2026-09-04 05:03:00.0000000,lvl02-0101-0827-03t0,ethernet27/1,lvl021082703045,nic1.port1,50,6,0,0,lvl02-0101-0827-03t0:ethernet27/1 -> lvl021082703045:nic1.port1,lvl021082703045:nic1.port1 -> lvl02-0101-0827-03t0:ethernet27/1,1
2026-09-04 05:03:00.0000000,lvl02-0101-0827-03t0,ethernet29/1,lvl021082703049,nic1.port1,50,2,0,0,lvl02-0101-0827-03t0:ethernet29/1 -> lvl021082703049:nic1.port1,lvl021082703049:nic1.port1 -> lvl02-0101-0827-03t0:ethernet29/1,1
2026-09-04 05:03:00.0000000,lvl02-0101-0827-03t0,ethernet29/1,lvl021082703049,nic1.port1,50,3,0,0,lvl02-0101-0827-03t0:ethernet29/1 -> lvl021082703049:nic1.port1,lvl021082703049:nic1.port1 -> lvl02-0101-0827-03t0:ethernet29/1,1
2026-09-04 05:03:00.0000000,lvl02-0101-0827-03t0,ethernet29/1,lvl021082703049,nic1.port1,50,4,0,0,lvl02-0101-0827-03t0:ethernet29/1 -> lvl021082703049:nic1.port1,lvl021082703049:nic1.port1 -> lvl02-0101-0827-03t0:ethernet29/1,1
2026-09-04 05:03:00.0000000,lvl02-0101-0827-03t0,ethernet29/1,lvl021082703049,nic1.port1,50,6,0,0,lvl02-0101-0827-03t0:ethernet29/1 -> lvl021082703049:nic1.port1,lvl021082703049:nic1.port1 -> lvl02-0101-0827-03t0:ethernet29/1,1
2026-09-04 05:03:00.0000000,lvl02-0101-0827-03t0,ethernet31/1,lvl021082703053,nic1.port1,50,2,0,0,lvl02-0101-0827-03t0:ethernet31/1 -> lvl021082703053:nic1.port1,lvl021082703053:nic1.port1 -> lvl02-0101-0827-03t0:ethernet31/1,1
2026-09-04 05:03:00.0000000,lvl02-0101-0827-03t0,ethernet31/1,lvl021082703053,nic1.port1,50,3,0,5639,lvl02-0101-0827-03t0:ethernet31/1 -> lvl021082703053:nic1.port1,lvl021082703053:nic1.port1 -> lvl02-0101-0827-03t0:ethernet31/1,1
2026-09-04 05:03:00.0000000,lvl02-0101-0827-03t0,ethernet31/1,lvl021082703053,nic1.port1,50,4,0,5639,lvl02-0101-0827-03t0:ethernet31/1 -> lvl021082703053:nic1.port1,lvl021082703053:nic1.port1 -> lvl02-0101-0827-03t0:ethernet31/1,1
2026-09-04 05:03:00.0000000,lvl02-0101-0827-03t0,ethernet31/1,lvl021082703053,nic1.port1,50,6,0,0,lvl02-0101-0827-03t0:ethernet31/1 -> lvl021082703053:nic1.port1,lvl021082703053:nic1.port1 -> lvl02-0101-0827-03t0:ethernet31/1,1
2026-09-04 05:03:00.0000000,lvl02-0101-0827-03t0,ethernet4/1,lvl021082703007,nic1.port1,50,2,0,0,lvl02-0101-0827-03t0:ethernet4/1 -> lvl021082703007:nic1.port1,lvl021082703007:nic1.port1 -> lvl02-0101-0827-03t0:ethernet4/1,1
2026-09-04 05:03:00.0000000,lvl02-0101-0827-03t0,ethernet4/1,lvl021082703007,nic1.port1,50,3,0,0,lvl02-0101-0827-03t0:ethernet4/1 -> lvl021082703007:nic1.port1,lvl021082703007:nic1.port1 -> lvl02-0101-0827-03t0:ethernet4/1,1
2026-09-04 05:03:00.0000000,lvl02-0101-0827-03t0,ethernet4/1,lvl021082703007,nic1.port1,50,4,0,0,lvl02-0101-0827-03t0:ethernet4/1 -> lvl021082703007:nic1.port1,lvl021082703007:nic1.port1 -> lvl02-0101-0827-03t0:ethernet4/1,1
2026-09-04 05:03:00.0000000,lvl02-0101-0827-03t0,ethernet4/1,lvl021082703007,nic1.port1,50,6,0,0,lvl02-0101-0827-03t0:ethernet4/1 -> lvl021082703007:nic1.port1,lvl021082703007:nic1.port1 -> lvl02-0101-0827-03t0:ethernet4/1,1
2026-09-04 05:06:00.0000000,lvl02-0101-0827-03lt0,ethernet12/1,lvl021082703019,nic1.port1,50,2,0,0,lvl02-0101-0827-03lt0:ethernet12/1 -> lvl021082703019:nic1.port1,lvl021082703019:nic1.port1 -> lvl02-0101-0827-03lt0:ethernet12/1,1
2026-09-04 05:06:00.0000000,lvl02-0101-0827-03lt0,ethernet12/1,lvl021082703019,nic1.port1,50,3,0,0,lvl02-0101-0827-03lt0:ethernet12/1 -> lvl021082703019:nic1.port1,lvl021082703019:nic1.port1 -> lvl02-0101-0827-03lt0:ethernet12/1,1
2026-09-04 05:06:00.0000000,lvl02-0101-0827-03lt0,ethernet12/1,lvl021082703019,nic1.port1,50,4,0,0,lvl02-0101-0827-03lt0:ethernet12/1 -> lvl021082703019:nic1.port1,lvl021082703019:nic1.port1 -> lvl02-0101-0827-03lt0:ethernet12/1,1
2026-09-04 05:06:00.0000000,lvl02-0101-0827-03lt0,ethernet12/1,lvl021082703019,nic1.port1,50,6,0,0,lvl02-0101-0827-03lt0:ethernet12/1 -> lvl021082703019:nic1.port1,lvl021082703019:nic1.port1 -> lvl02-0101-0827-03lt0:ethernet12/1,1
2026-09-04 05:06:00.0000000,lvl02-0101-0827-03lt0,ethernet14/1,lvl021082703023,nic1.port1,50,2,0,0,lvl02-0101-0827-03lt0:ethernet14/1 -> lvl021082703023:nic1.port1,lvl021082703023:nic1.port1 -> lvl02-0101-0827-03lt0:ethernet14/1,1
2026-09-04 05:06:00.0000000,lvl02-0101-0827-03lt0,ethernet14/1,lvl021082703023,nic1.port1,50,3,0,14,lvl02-0101-0827-03lt0:ethernet14/1 -> lvl021082703023:nic1.port1,lvl021082703023:nic1.port1 -> lvl02-0101-0827-03lt0:ethernet14/1,1
2026-09-04 05:06:00.0000000,lvl02-0101-0827-03lt0,ethernet14/1,lvl021082703023,nic1.port1,50,4,0,14,lvl02-0101-0827-03lt0:ethernet14/1 -> lvl021082703023:nic1.port1,lvl021082703023:nic1.port1 -> lvl02-0101-0827-03lt0:ethernet14/1,1
2026-09-04 05:06:00.0000000,lvl02-0101-0827-03lt0,ethernet14/1,lvl021082703023,nic1.port1,50,6,0,0,lvl02-0101-0827-03lt0:ethernet14/1 -> lvl021082703023:nic1.port1,lvl021082703023:nic1.port1 -> lvl02-0101-0827-03lt0:ethernet14/1,1
2026-09-04 05:06:00.0000000,lvl02-0101-0827-03lt0,ethernet15/1,lvl021082703025,nic1.port1,50,2,0,0,lvl02-0101-0827-03lt0:ethernet15/1 -> lvl021082703025:nic1.port1,lvl021082703025:nic1.port1 -> lvl02-0101-0827-03lt0:ethernet15/1,1
2026-09-04 05:06:00.0000000,lvl02-0101-0827-03lt0,ethernet15/1,lvl021082703025,nic1.port1,50,3,0,0,lvl02-0101-0827-03lt0:ethernet15/1 -> lvl021082703025:nic1.port1,lvl021082703025:nic1.port1 -> lvl02-0101-0827-03lt0:ethernet15/1,1
2026-09-04 05:06:00.0000000,lvl02-0101-0827-03lt0,ethernet15/1,lvl021082703025,nic1.port1,50,4,0,0,lvl02-0101-0827-03lt0:ethernet15/1 -> lvl021082703025:nic1.port1,lvl021082703025:nic1.port1 -> lvl02-0101-0827-03lt0:ethernet15/1,1
2026-09-04 05:06:00.0000000,lvl02-0101-0827-03lt0,ethernet15/1,lvl021082703025,nic1.port1,50,6,0,0,lvl02-0101-0827-03lt0:ethernet15/1 -> lvl021082703025:nic1.port1,lvl021082703025:nic1.port1 -> lvl02-0101-0827-03lt0:ethernet15/1,1
2026-09-04 05:06:00.0000000,lvl02-0101-0827-03lt0,ethernet18/1,lvl021082703031,nic1.port1,50,2,0,0,lvl02-0101-0827-03lt0:ethernet18/1 -> lvl021082703031:nic1.port1,lvl021082703031:nic1.port1 -> lvl02-0101-0827-03lt0:ethernet18/1,1
2026-09-04 05:06:00.0000000,lvl02-0101-0827-03lt0,ethernet18/1,lvl021082703031,nic1.port1,50,3,0,0,lvl02-0101-0827-03lt0:ethernet18/1 -> lvl021082703031:nic1.port1,lvl021082703031:nic1.port1 -> lvl02-0101-0827-03lt0:ethernet18/1,1
2026-09-04 05:06:00.0000000,lvl02-0101-0827-03lt0,ethernet18/1,lvl021082703031,nic1.port1,50,4,0,0,lvl02-0101-0827-03lt0:ethernet18/1 -> lvl021082703031:nic1.port1,lvl021082703031:nic1.port1 -> lvl02-0101-0827-03lt0:ethernet18/1,1
2026-09-04 05:06:00.0000000,lvl02-0101-0827-03lt0,ethernet18/1,lvl021082703031,nic1.port1,50,6,0,0,lvl02-0101-0827-03lt0:ethernet18/1 -> lvl021082703031:nic1.port1,lvl021082703031:nic1.port1 -> lvl02-0101-0827-03lt0:ethernet18/1,1
2026-09-04 05:06:00.0000000,lvl02-0101-0827-03lt0,ethernet19/1,lvl021082703033,nic1.port1,50,2,0,0,lvl02-0101-0827-03lt0:ethernet19/1 -> lvl021082703033:nic1.port1,lvl021082703033:nic1.port1 -> lvl02-0101-0827-03lt0:ethernet19/1,1
2026-09-04 05:06:00.0000000,lvl02-0101-0827-03lt0,ethernet19/1,lvl021082703033,nic1.port1,50,3,0,0,lvl02-0101-0827-03lt0:ethernet19/1 -> lvl021082703033:nic1.port1,lvl021082703033:nic1.port1 -> lvl02-0101-0827-03lt0:ethernet19/1,1
2026-09-04 05:06:00.0000000,lvl02-0101-0827-03lt0,ethernet19/1,lvl021082703033,nic1.port1,50,4,0,0,lvl02-0101-0827-03lt0:ethernet19/1 -> lvl021082703033:nic1.port1,lvl021082703033:nic1.port1 -> lvl02-0101-0827-03lt0:ethernet19/1,1
2026-09-04 05:06:00.0000000,lvl02-0101-0827-03lt0,ethernet19/1,lvl021082703033,nic1.port1,50,6,0,0,lvl02-0101-0827-03lt0:ethernet19/1 -> lvl021082703033:nic1.port1,lvl021082703033:nic1.port1 -> lvl02-0101-0827-03lt0:ethernet19/1,1
2026-09-04 05:06:00.0000000,lvl02-0101-0827-03lt0,ethernet2/1,lvl021082703003,nic1.port1,50,2,0,0,lvl02-0101-0827-03lt0:ethernet2/1 -> lvl021082703003:nic1.port1,lvl021082703003:nic1.port1 -> lvl02-0101-0827-03lt0:ethernet2/1,1
2026-09-04 05:06:00.0000000,lvl02-0101-0827-03lt0,ethernet2/1,lvl021082703003,nic1.port1,50,3,0,0,lvl02-0101-0827-03lt0:ethernet2/1 -> lvl021082703003:nic1.port1,lvl021082703003:nic1.port1 -> lvl02-0101-0827-03lt0:ethernet2/1,1
2026-09-04 05:06:00.0000000,lvl02-0101-0827-03lt0,ethernet2/1,lvl021082703003,nic1.port1,50,4,0,0,lvl02-0101-0827-03lt0:ethernet2/1 -> lvl021082703003:nic1.port1,lvl021082703003:nic1.port1 -> lvl02-0101-0827-03lt0:ethernet2/1,1
2026-09-04 05:06:00.0000000,lvl02-0101-0827-03lt0,ethernet2/1,lvl021082703003,nic1.port1,50,6,0,0,lvl02-0101-0827-03lt0:ethernet2/1 -> lvl021082703003:nic1.port1,lvl021082703003:nic1.port1 -> lvl02-0101-0827-03lt0:ethernet2/1,1
2026-09-04 05:06:00.0000000,lvl02-0101-0827-03lt0,ethernet21/1,lvl021082703037,nic1.port1,50,2,0,0,lvl02-0101-0827-03lt0:ethernet21/1 -> lvl021082703037:nic1.port1,lvl021082703037:nic1.port1 -> lvl02-0101-0827-03lt0:ethernet21/1,1
2026-09-04 05:06:00.0000000,lvl02-0101-0827-03lt0,ethernet21/1,lvl021082703037,nic1.port1,50,3,0,0,lvl02-0101-0827-03lt0:ethernet21/1 -> lvl021082703037:nic1.port1,lvl021082703037:nic1.port1 -> lvl02-0101-0827-03lt0:ethernet21/1,1
2026-09-04 05:06:00.0000000,lvl02-0101-0827-03lt0,ethernet21/1,lvl021082703037,nic1.port1,50,4,0,0,lvl02-0101-0827-03lt0:ethernet21/1 -> lvl021082703037:nic1.port1,lvl021082703037:nic1.port1 -> lvl02-0101-0827-03lt0:ethernet21/1,1
2026-09-04 05:06:00.0000000,lvl02-0101-0827-03lt0,ethernet21/1,lvl021082703037,nic1.port1,50,6,0,0,lvl02-0101-0827-03lt0:ethernet21/1 -> lvl021082703037:nic1.port1,lvl021082703037:nic1.port1 -> lvl02-0101-0827-03lt0:ethernet21/1,1
2026-09-04 05:06:00.0000000,lvl02-0101-0827-03lt0,ethernet27/1,lvl021082703045,nic1.port1,50,2,0,0,lvl02-0101-0827-03lt0:ethernet27/1 -> lvl021082703045:nic1.port1,lvl021082703045:nic1.port1 -> lvl02-0101-0827-03lt0:ethernet27/1,1
2026-09-04 05:06:00.0000000,lvl02-0101-0827-03lt0,ethernet27/1,lvl021082703045,nic1.port1,50,3,0,0,lvl02-0101-0827-03lt0:ethernet27/1 -> lvl021082703045:nic1.port1,lvl021082703045:nic1.port1 -> lvl02-0101-0827-03lt0:ethernet27/1,1
2026-09-04 05:06:00.0000000,lvl02-0101-0827-03lt0,ethernet27/1,lvl021082703045,nic1.port1,50,4,0,0,lvl02-0101-0827-03lt0:ethernet27/1 -> lvl021082703045:nic1.port1,lvl021082703045:nic1.port1 -> lvl02-0101-0827-03lt0:ethernet27/1,1
2026-09-04 05:06:00.0000000,lvl02-0101-0827-03lt0,ethernet27/1,lvl021082703045,nic1.port1,50,6,0,0,lvl02-0101-0827-03lt0:ethernet27/1 -> lvl021082703045:nic1.port1,lvl021082703045:nic1.port1 -> lvl02-0101-0827-03lt0:ethernet27/1,1
2026-09-04 05:06:00.0000000,lvl02-0101-0827-03lt0,ethernet29/1,lvl021082703049,nic1.port1,50,2,0,0,lvl02-0101-0827-03lt0:ethernet29/1 -> lvl021082703049:nic1.port1,lvl021082703049:nic1.port1 -> lvl02-0101-0827-03lt0:ethernet29/1,1
2026-09-04 05:06:00.0000000,lvl02-0101-0827-03lt0,ethernet29/1,lvl021082703049,nic1.port1,50,3,0,0,lvl02-0101-0827-03lt0:ethernet29/1 -> lvl021082703049:nic1.port1,lvl021082703049:nic1.port1 -> lvl02-0101-0827-03lt0:ethernet29/1,1
2026-09-04 05:06:00.0000000,lvl02-0101-0827-03lt0,ethernet29/1,lvl021082703049,nic1.port1,50,4,0,0,lvl02-0101-0827-03lt0:ethernet29/1 -> lvl021082703049:nic1.port1,lvl021082703049:nic1.port1 -> lvl02-0101-0827-03lt0:ethernet29/1,1
2026-09-04 05:06:00.0000000,lvl02-0101-0827-03lt0,ethernet29/1,lvl021082703049,nic1.port1,50,6,0,0,lvl02-0101-0827-03lt0:ethernet29/1 -> lvl021082703049:nic1.port1,lvl021082703049:nic1.port1 -> lvl02-0101-0827-03lt0:ethernet29/1,1
2026-09-04 05:06:00.0000000,lvl02-0101-0827-03lt0,ethernet31/1,lvl021082703053,nic1.port1,50,2,0,0,lvl02-0101-0827-03lt0:ethernet31/1 -> lvl021082703053:nic1.port1,lvl021082703053:nic1.port1 -> lvl02-0101-0827-03lt0:ethernet31/1,1
2026-09-04 05:06:00.0000000,lvl02-0101-0827-03lt0,ethernet31/1,lvl021082703053,nic1.port1,50,3,0,9642,lvl02-0101-0827-03lt0:ethernet31/1 -> lvl021082703053:nic1.port1,lvl021082703053:nic1.port1 -> lvl02-0101-0827-03lt0:ethernet31/1,1
2026-09-04 05:06:00.0000000,lvl02-0101-0827-03lt0,ethernet31/1,lvl021082703053,nic1.port1,50,4,0,9642,lvl02-0101-0827-03lt0:ethernet31/1 -> lvl021082703053:nic1.port1,lvl021082703053:nic1.port1 -> lvl02-0101-0827-03lt0:ethernet31/1,1
2026-09-04 05:06:00.0000000,lvl02-0101-0827-03lt0,ethernet31/1,lvl021082703053,nic1.port1,50,6,0,0,lvl02-0101-0827-03lt0:ethernet31/1 -> lvl021082703053:nic1.port1,lvl021082703053:nic1.port1 -> lvl02-0101-0827-03lt0:ethernet31/1,1
2026-09-04 05:06:00.0000000,lvl02-0101-0827-03lt0,ethernet4/1,lvl021082703007,nic1.port1,50,2,0,0,lvl02-0101-0827-03lt0:ethernet4/1 -> lvl021082703007:nic1.port1,lvl021082703007:nic1.port1 -> lvl02-0101-0827-03lt0:ethernet4/1,1
2026-09-04 05:06:00.0000000,lvl02-0101-0827-03lt0,ethernet4/1,lvl021082703007,nic1.port1,50,3,0,0,lvl02-0101-0827-03lt0:ethernet4/1 -> lvl021082703007:nic1.port1,lvl021082703007:nic1.port1 -> lvl02-0101-0827-03lt0:ethernet4/1,1
2026-09-04 05:06:00.0000000,lvl02-0101-0827-03lt0,ethernet4/1,lvl021082703007,nic1.port1,50,4,0,0,lvl02-0101-0827-03lt0:ethernet4/1 -> lvl021082703007:nic1.port1,lvl021082703007:nic1.port1 -> lvl02-0101-0827-03lt0:ethernet4/1,1
2026-09-04 05:06:00.0000000,lvl02-0101-0827-03lt0,ethernet4/1,lvl021082703007,nic1.port1,50,6,0,0,lvl02-0101-0827-03lt0:ethernet4/1 -> lvl021082703007:nic1.port1,lvl021082703007:nic1.port1 -> lvl02-0101-0827-03lt0:ethernet4/1,1
2026-09-04 05:08:00.0000000,lvl02-0101-0827-03t0,ethernet12/1,lvl021082703019,nic1.port1,50,2,0,0,lvl02-0101-0827-03t0:ethernet12/1 -> lvl021082703019:nic1.port1,lvl021082703019:nic1.port1 -> lvl02-0101-0827-03t0:ethernet12/1,1
2026-09-04 05:08:00.0000000,lvl02-0101-0827-03t0,ethernet12/1,lvl021082703019,nic1.port1,50,3,0,0,lvl02-0101-0827-03t0:ethernet12/1 -> lvl021082703019:nic1.port1,lvl021082703019:nic1.port1 -> lvl02-0101-0827-03t0:ethernet12/1,1
2026-09-04 05:08:00.0000000,lvl02-0101-0827-03t0,ethernet12/1,lvl021082703019,nic1.port1,50,4,0,0,lvl02-0101-0827-03t0:ethernet12/1 -> lvl021082703019:nic1.port1,lvl021082703019:nic1.port1 -> lvl02-0101-0827-03t0:ethernet12/1,1
2026-09-04 05:08:00.0000000,lvl02-0101-0827-03t0,ethernet12/1,lvl021082703019,nic1.port1,50,6,0,0,lvl02-0101-0827-03t0:ethernet12/1 -> lvl021082703019:nic1.port1,lvl021082703019:nic1.port1 -> lvl02-0101-0827-03t0:ethernet12/1,1
2026-09-04 05:08:00.0000000,lvl02-0101-0827-03t0,ethernet14/1,lvl021082703023,nic1.port1,50,2,0,0,lvl02-0101-0827-03t0:ethernet14/1 -> lvl021082703023:nic1.port1,lvl021082703023:nic1.port1 -> lvl02-0101-0827-03t0:ethernet14/1,1
2026-09-04 05:08:00.0000000,lvl02-0101-0827-03t0,ethernet14/1,lvl021082703023,nic1.port1,50,3,0,9,lvl02-0101-0827-03t0:ethernet14/1 -> lvl021082703023:nic1.port1,lvl021082703023:nic1.port1 -> lvl02-0101-0827-03t0:ethernet14/1,1
2026-09-04 05:08:00.0000000,lvl02-0101-0827-03t0,ethernet14/1,lvl021082703023,nic1.port1,50,4,0,9,lvl02-0101-0827-03t0:ethernet14/1 -> lvl021082703023:nic1.port1,lvl021082703023:nic1.port1 -> lvl02-0101-0827-03t0:ethernet14/1,1
2026-09-04 05:08:00.0000000,lvl02-0101-0827-03t0,ethernet14/1,lvl021082703023,nic1.port1,50,6,0,0,lvl02-0101-0827-03t0:ethernet14/1 -> lvl021082703023:nic1.port1,lvl021082703023:nic1.port1 -> lvl02-0101-0827-03t0:ethernet14/1,1
2026-09-04 05:08:00.0000000,lvl02-0101-0827-03t0,ethernet15/1,lvl021082703025,nic1.port1,50,2,0,0,lvl02-0101-0827-03t0:ethernet15/1 -> lvl021082703025:nic1.port1,lvl021082703025:nic1.port1 -> lvl02-0101-0827-03t0:ethernet15/1,1
2026-09-04 05:08:00.0000000,lvl02-0101-0827-03t0,ethernet15/1,lvl021082703025,nic1.port1,50,3,0,0,lvl02-0101-0827-03t0:ethernet15/1 -> lvl021082703025:nic1.port1,lvl021082703025:nic1.port1 -> lvl02-0101-0827-03t0:ethernet15/1,1
2026-09-04 05:08:00.0000000,lvl02-0101-0827-03t0,ethernet15/1,lvl021082703025,nic1.port1,50,4,0,0,lvl02-0101-0827-03t0:ethernet15/1 -> lvl021082703025:nic1.port1,lvl021082703025:nic1.port1 -> lvl02-0101-0827-03t0:ethernet15/1,1
2026-09-04 05:08:00.0000000,lvl02-0101-0827-03t0,ethernet15/1,lvl021082703025,nic1.port1,50,6,0,0,lvl02-0101-0827-03t0:ethernet15/1 -> lvl021082703025:nic1.port1,lvl021082703025:nic1.port1 -> lvl02-0101-0827-03t0:ethernet15/1,1
2026-09-04 05:08:00.0000000,lvl02-0101-0827-03t0,ethernet18/1,lvl021082703031,nic1.port1,50,2,0,0,lvl02-0101-0827-03t0:ethernet18/1 -> lvl021082703031:nic1.port1,lvl021082703031:nic1.port1 -> lvl02-0101-0827-03t0:ethernet18/1,1
2026-09-04 05:08:00.0000000,lvl02-0101-0827-03t0,ethernet18/1,lvl021082703031,nic1.port1,50,3,0,0,lvl02-0101-0827-03t0:ethernet18/1 -> lvl021082703031:nic1.port1,lvl021082703031:nic1.port1 -> lvl02-0101-0827-03t0:ethernet18/1,1
2026-09-04 05:08:00.0000000,lvl02-0101-0827-03t0,ethernet18/1,lvl021082703031,nic1.port1,50,4,0,0,lvl02-0101-0827-03t0:ethernet18/1 -> lvl021082703031:nic1.port1,lvl021082703031:nic1.port1 -> lvl02-0101-0827-03t0:ethernet18/1,1
2026-09-04 05:08:00.0000000,lvl02-0101-0827-03t0,ethernet18/1,lvl021082703031,nic1.port1,50,6,0,0,lvl02-0101-0827-03t0:ethernet18/1 -> lvl021082703031:nic1.port1,lvl021082703031:nic1.port1 -> lvl02-0101-0827-03t0:ethernet18/1,1
2026-09-04 05:08:00.0000000,lvl02-0101-0827-03t0,ethernet19/1,lvl021082703033,nic1.port1,50,2,0,0,lvl02-0101-0827-03t0:ethernet19/1 -> lvl021082703033:nic1.port1,lvl021082703033:nic1.port1 -> lvl02-0101-0827-03t0:ethernet19/1,1
2026-09-04 05:08:00.0000000,lvl02-0101-0827-03t0,ethernet19/1,lvl021082703033,nic1.port1,50,3,0,0,lvl02-0101-0827-03t0:ethernet19/1 -> lvl021082703033:nic1.port1,lvl021082703033:nic1.port1 -> lvl02-0101-0827-03t0:ethernet19/1,1
2026-09-04 05:08:00.0000000,lvl02-0101-0827-03t0,ethernet19/1,lvl021082703033,nic1.port1,50,4,0,0,lvl02-0101-0827-03t0:ethernet19/1 -> lvl021082703033:nic1.port1,lvl021082703033:nic1.port1 -> lvl02-0101-0827-03t0:ethernet19/1,1
2026-09-04 05:08:00.0000000,lvl02-0101-0827-03t0,ethernet19/1,lvl021082703033,nic1.port1,50,6,0,0,lvl02-0101-0827-03t0:ethernet19/1 -> lvl021082703033:nic1.port1,lvl021082703033:nic1.port1 -> lvl02-0101-0827-03t0:ethernet19/1,1
2026-09-04 05:08:00.0000000,lvl02-0101-0827-03t0,ethernet2/1,lvl021082703003,nic1.port1,50,2,0,0,lvl02-0101-0827-03t0:ethernet2/1 -> lvl021082703003:nic1.port1,lvl021082703003:nic1.port1 -> lvl02-0101-0827-03t0:ethernet2/1,1
2026-09-04 05:08:00.0000000,lvl02-0101-0827-03t0,ethernet2/1,lvl021082703003,nic1.port1,50,3,0,0,lvl02-0101-0827-03t0:ethernet2/1 -> lvl021082703003:nic1.port1,lvl021082703003:nic1.port1 -> lvl02-0101-0827-03t0:ethernet2/1,1
2026-09-04 05:08:00.0000000,lvl02-0101-0827-03t0,ethernet2/1,lvl021082703003,nic1.port1,50,4,0,0,lvl02-0101-0827-03t0:ethernet2/1 -> lvl021082703003:nic1.port1,lvl021082703003:nic1.port1 -> lvl02-0101-0827-03t0:ethernet2/1,1
2026-09-04 05:08:00.0000000,lvl02-0101-0827-03t0,ethernet2/1,lvl021082703003,nic1.port1,50,6,0,0,lvl02-0101-0827-03t0:ethernet2/1 -> lvl021082703003:nic1.port1,lvl021082703003:nic1.port1 -> lvl02-0101-0827-03t0:ethernet2/1,1
2026-09-04 05:08:00.0000000,lvl02-0101-0827-03t0,ethernet21/1,lvl021082703037,nic1.port1,50,2,0,0,lvl02-0101-0827-03t0:ethernet21/1 -> lvl021082703037:nic1.port1,lvl021082703037:nic1.port1 -> lvl02-0101-0827-03t0:ethernet21/1,1
2026-09-04 05:08:00.0000000,lvl02-0101-0827-03t0,ethernet21/1,lvl021082703037,nic1.port1,50,3,0,0,lvl02-0101-0827-03t0:ethernet21/1 -> lvl021082703037:nic1.port1,lvl021082703037:nic1.port1 -> lvl02-0101-0827-03t0:ethernet21/1,1
2026-09-04 05:08:00.0000000,lvl02-0101-0827-03t0,ethernet21/1,lvl021082703037,nic1.port1,50,4,0,0,lvl02-0101-0827-03t0:ethernet21/1 -> lvl021082703037:nic1.port1,lvl021082703037:nic1.port1 -> lvl02-0101-0827-03t0:ethernet21/1,1
2026-09-04 05:08:00.0000000,lvl02-0101-0827-03t0,ethernet21/1,lvl021082703037,nic1.port1,50,6,0,0,lvl02-0101-0827-03t0:ethernet21/1 -> lvl021082703037:nic1.port1,lvl021082703037:nic1.port1 -> lvl02-0101-0827-03t0:ethernet21/1,1
2026-09-04 05:08:00.0000000,lvl02-0101-0827-03t0,ethernet27/1,lvl021082703045,nic1.port1,50,2,0,0,lvl02-0101-0827-03t0:ethernet27/1 -> lvl021082703045:nic1.port1,lvl021082703045:nic1.port1 -> lvl02-0101-0827-03t0:ethernet27/1,1
2026-09-04 05:08:00.0000000,lvl02-0101-0827-03t0,ethernet27/1,lvl021082703045,nic1.port1,50,3,0,0,lvl02-0101-0827-03t0:ethernet27/1 -> lvl021082703045:nic1.port1,lvl021082703045:nic1.port1 -> lvl02-0101-0827-03t0:ethernet27/1,1
2026-09-04 05:08:00.0000000,lvl02-0101-0827-03t0,ethernet27/1,lvl021082703045,nic1.port1,50,4,0,0,lvl02-0101-0827-03t0:ethernet27/1 -> lvl021082703045:nic1.port1,lvl021082703045:nic1.port1 -> lvl02-0101-0827-03t0:ethernet27/1,1
2026-09-04 05:08:00.0000000,lvl02-0101-0827-03t0,ethernet27/1,lvl021082703045,nic1.port1,50,6,0,0,lvl02-0101-0827-03t0:ethernet27/1 -> lvl021082703045:nic1.port1,lvl021082703045:nic1.port1 -> lvl02-0101-0827-03t0:ethernet27/1,1
2026-09-04 05:08:00.0000000,lvl02-0101-0827-03t0,ethernet29/1,lvl021082703049,nic1.port1,50,2,0,0,lvl02-0101-0827-03t0:ethernet29/1 -> lvl021082703049:nic1.port1,lvl021082703049:nic1.port1 -> lvl02-0101-0827-03t0:ethernet29/1,1
2026-09-04 05:08:00.0000000,lvl02-0101-0827-03t0,ethernet29/1,lvl021082703049,nic1.port1,50,3,0,0,lvl02-0101-0827-03t0:ethernet29/1 -> lvl021082703049:nic1.port1,lvl021082703049:nic1.port1 -> lvl02-0101-0827-03t0:ethernet29/1,1
2026-09-04 05:08:00.0000000,lvl02-0101-0827-03t0,ethernet29/1,lvl021082703049,nic1.port1,50,4,0,0,lvl02-0101-0827-03t0:ethernet29/1 -> lvl021082703049:nic1.port1,lvl021082703049:nic1.port1 -> lvl02-0101-0827-03t0:ethernet29/1,1
2026-09-04 05:08:00.0000000,lvl02-0101-0827-03t0,ethernet29/1,lvl021082703049,nic1.port1,50,6,0,0,lvl02-0101-0827-03t0:ethernet29/1 -> lvl021082703049:nic1.port1,lvl021082703049:nic1.port1 -> lvl02-0101-0827-03t0:ethernet29/1,1
2026-09-04 05:08:00.0000000,lvl02-0101-0827-03t0,ethernet31/1,lvl021082703053,nic1.port1,50,2,0,0,lvl02-0101-0827-03t0:ethernet31/1 -> lvl021082703053:nic1.port1,lvl021082703053:nic1.port1 -> lvl02-0101-0827-03t0:ethernet31/1,1
2026-09-04 05:08:00.0000000,lvl02-0101-0827-03t0,ethernet31/1,lvl021082703053,nic1.port1,50,3,0,13727,lvl02-0101-0827-03t0:ethernet31/1 -> lvl021082703053:nic1.port1,lvl021082703053:nic1.port1 -> lvl02-0101-0827-03t0:ethernet31/1,1
2026-09-04 05:08:00.0000000,lvl02-0101-0827-03t0,ethernet31/1,lvl021082703053,nic1.port1,50,4,0,13727,lvl02-0101-0827-03t0:ethernet31/1 -> lvl021082703053:nic1.port1,lvl021082703053:nic1.port1 -> lvl02-0101-0827-03t0:ethernet31/1,1
2026-09-04 05:08:00.0000000,lvl02-0101-0827-03t0,ethernet31/1,lvl021082703053,nic1.port1,50,6,0,0,lvl02-0101-0827-03t0:ethernet31/1 -> lvl021082703053:nic1.port1,lvl021082703053:nic1.port1 -> lvl02-0101-0827-03t0:ethernet31/1,1
2026-09-04 05:08:00.0000000,lvl02-0101-0827-03t0,ethernet4/1,lvl021082703007,nic1.port1,50,2,0,0,lvl02-0101-0827-03t0:ethernet4/1 -> lvl021082703007:nic1.port1,lvl021082703007:nic1.port1 -> lvl02-0101-0827-03t0:ethernet4/1,1
2026-09-04 05:08:00.0000000,lvl02-0101-0827-03t0,ethernet4/1,lvl021082703007,nic1.port1,50,3,0,0,lvl02-0101-0827-03t0:ethernet4/1 -> lvl021082703007:nic1.port1,lvl021082703007:nic1.port1 -> lvl02-0101-0827-03t0:ethernet4/1,1
2026-09-04 05:08:00.0000000,lvl02-0101-0827-03t0,ethernet4/1,lvl021082703007,nic1.port1,50,4,0,0,lvl02-0101-0827-03t0:ethernet4/1 -> lvl021082703007:nic1.port1,lvl021082703007:nic1.port1 -> lvl02-0101-0827-03t0:ethernet4/1,1
2026-09-04 05:08:00.0000000,lvl02-0101-0827-03t0,ethernet4/1,lvl021082703007,nic1.port1,50,6,0,0,lvl02-0101-0827-03t0:ethernet4/1 -> lvl021082703007:nic1.port1,lvl021082703007:nic1.port1 -> lvl02-0101-0827-03t0:ethernet4/1,1
2026-09-04 05:11:00.0000000,lvl02-0101-0827-03lt0,ethernet12/1,lvl021082703019,nic1.port1,50,2,0,0,lvl02-0101-0827-03lt0:ethernet12/1 -> lvl021082703019:nic1.port1,lvl021082703019:nic1.port1 -> lvl02-0101-0827-03lt0:ethernet12/1,1
2026-09-04 05:11:00.0000000,lvl02-0101-0827-03lt0,ethernet12/1,lvl021082703019,nic1.port1,50,3,0,0,lvl02-0101-0827-03lt0:ethernet12/1 -> lvl021082703019:nic1.port1,lvl021082703019:nic1.port1 -> lvl02-0101-0827-03lt0:ethernet12/1,1
2026-09-04 05:11:00.0000000,lvl02-0101-0827-03lt0,ethernet12/1,lvl021082703019,nic1.port1,50,4,0,0,lvl02-0101-0827-03lt0:ethernet12/1 -> lvl021082703019:nic1.port1,lvl021082703019:nic1.port1 -> lvl02-0101-0827-03lt0:ethernet12/1,1
2026-09-04 05:11:00.0000000,lvl02-0101-0827-03lt0,ethernet12/1,lvl021082703019,nic1.port1,50,6,0,0,lvl02-0101-0827-03lt0:ethernet12/1 -> lvl021082703019:nic1.port1,lvl021082703019:nic1.port1 -> lvl02-0101-0827-03lt0:ethernet12/1,1
2026-09-04 05:11:00.0000000,lvl02-0101-0827-03lt0,ethernet14/1,lvl021082703023,nic1.port1,50,2,0,0,lvl02-0101-0827-03lt0:ethernet14/1 -> lvl021082703023:nic1.port1,lvl021082703023:nic1.port1 -> lvl02-0101-0827-03lt0:ethernet14/1,1
2026-09-04 05:11:00.0000000,lvl02-0101-0827-03lt0,ethernet14/1,lvl021082703023,nic1.port1,50,3,0,0,lvl02-0101-0827-03lt0:ethernet14/1 -> lvl021082703023:nic1.port1,lvl021082703023:nic1.port1 -> lvl02-0101-0827-03lt0:ethernet14/1,1
2026-09-04 05:11:00.0000000,lvl02-0101-0827-03lt0,ethernet14/1,lvl021082703023,nic1.port1,50,4,0,0,lvl02-0101-0827-03lt0:ethernet14/1 -> lvl021082703023:nic1.port1,lvl021082703023:nic1.port1 -> lvl02-0101-0827-03lt0:ethernet14/1,1
2026-09-04 05:11:00.0000000,lvl02-0101-0827-03lt0,ethernet14/1,lvl021082703023,nic1.port1,50,6,0,0,lvl02-0101-0827-03lt0:ethernet14/1 -> lvl021082703023:nic1.port1,lvl021082703023:nic1.port1 -> lvl02-0101-0827-03lt0:ethernet14/1,1
2026-09-04 05:11:00.0000000,lvl02-0101-0827-03lt0,ethernet15/1,lvl021082703025,nic1.port1,50,2,0,0,lvl02-0101-0827-03lt0:ethernet15/1 -> lvl021082703025:nic1.port1,lvl021082703025:nic1.port1 -> lvl02-0101-0827-03lt0:ethernet15/1,1
2026-09-04 05:11:00.0000000,lvl02-0101-0827-03lt0,ethernet15/1,lvl021082703025,nic1.port1,50,3,0,0,lvl02-0101-0827-03lt0:ethernet15/1 -> lvl021082703025:nic1.port1,lvl021082703025:nic1.port1 -> lvl02-0101-0827-03lt0:ethernet15/1,1
2026-09-04 05:11:00.0000000,lvl02-0101-0827-03lt0,ethernet15/1,lvl021082703025,nic1.port1,50,4,0,0,lvl02-0101-0827-03lt0:ethernet15/1 -> lvl021082703025:nic1.port1,lvl021082703025:nic1.port1 -> lvl02-0101-0827-03lt0:ethernet15/1,1
2026-09-04 05:11:00.0000000,lvl02-0101-0827-03lt0,ethernet15/1,lvl021082703025,nic1.port1,50,6,0,0,lvl02-0101-0827-03lt0:ethernet15/1 -> lvl021082703025:nic1.port1,lvl021082703025:nic1.port1 -> lvl02-0101-0827-03lt0:ethernet15/1,1
2026-09-04 05:11:00.0000000,lvl02-0101-0827-03lt0,ethernet18/1,lvl021082703031,nic1.port1,50,2,0,0,lvl02-0101-0827-03lt0:ethernet18/1 -> lvl021082703031:nic1.port1,lvl021082703031:nic1.port1 -> lvl02-0101-0827-03lt0:ethernet18/1,1
2026-09-04 05:11:00.0000000,lvl02-0101-0827-03lt0,ethernet18/1,lvl021082703031,nic1.port1,50,3,0,0,lvl02-0101-0827-03lt0:ethernet18/1 -> lvl021082703031:nic1.port1,lvl021082703031:nic1.port1 -> lvl02-0101-0827-03lt0:ethernet18/1,1
2026-09-04 05:11:00.0000000,lvl02-0101-0827-03lt0,ethernet18/1,lvl021082703031,nic1.port1,50,4,0,0,lvl02-0101-0827-03lt0:ethernet18/1 -> lvl021082703031:nic1.port1,lvl021082703031:nic1.port1 -> lvl02-0101-0827-03lt0:ethernet18/1,1
2026-09-04 05:11:00.0000000,lvl02-0101-0827-03lt0,ethernet18/1,lvl021082703031,nic1.port1,50,6,0,0,lvl02-0101-0827-03lt0:ethernet18/1 -> lvl021082703031:nic1.port1,lvl021082703031:nic1.port1 -> lvl02-0101-0827-03lt0:ethernet18/1,1
2026-09-04 05:11:00.0000000,lvl02-0101-0827-03lt0,ethernet19/1,lvl021082703033,nic1.port1,50,2,0,0,lvl02-0101-0827-03lt0:ethernet19/1 -> lvl021082703033:nic1.port1,lvl021082703033:nic1.port1 -> lvl02-0101-0827-03lt0:ethernet19/1,1
2026-09-04 05:11:00.0000000,lvl02-0101-0827-03lt0,ethernet19/1,lvl021082703033,nic1.port1,50,3,0,0,lvl02-0101-0827-03lt0:ethernet19/1 -> lvl021082703033:nic1.port1,lvl021082703033:nic1.port1 -> lvl02-0101-0827-03lt0:ethernet19/1,1
2026-09-04 05:11:00.0000000,lvl02-0101-0827-03lt0,ethernet19/1,lvl021082703033,nic1.port1,50,4,0,0,lvl02-0101-0827-03lt0:ethernet19/1 -> lvl021082703033:nic1.port1,lvl021082703033:nic1.port1 -> lvl02-0101-0827-03lt0:ethernet19/1,1
2026-09-04 05:11:00.0000000,lvl02-0101-0827-03lt0,ethernet19/1,lvl021082703033,nic1.port1,50,6,0,0,lvl02-0101-0827-03lt0:ethernet19/1 -> lvl021082703033:nic1.port1,lvl021082703033:nic1.port1 -> lvl02-0101-0827-03lt0:ethernet19/1,1
2026-09-04 05:11:00.0000000,lvl02-0101-0827-03lt0,ethernet2/1,lvl021082703003,nic1.port1,50,2,0,0,lvl02-0101-0827-03lt0:ethernet2/1 -> lvl021082703003:nic1.port1,lvl021082703003:nic1.port1 -> lvl02-0101-0827-03lt0:ethernet2/1,1
2026-09-04 05:11:00.0000000,lvl02-0101-0827-03lt0,ethernet2/1,lvl021082703003,nic1.port1,50,3,0,0,lvl02-0101-0827-03lt0:ethernet2/1 -> lvl021082703003:nic1.port1,lvl021082703003:nic1.port1 -> lvl02-0101-0827-03lt0:ethernet2/1,1
2026-09-04 05:11:00.0000000,lvl02-0101-0827-03lt0,ethernet2/1,lvl021082703003,nic1.port1,50,4,0,0,lvl02-0101-0827-03lt0:ethernet2/1 -> lvl021082703003:nic1.port1,lvl021082703003:nic1.port1 -> lvl02-0101-0827-03lt0:ethernet2/1,1
2026-09-04 05:11:00.0000000,lvl02-0101-0827-03lt0,ethernet2/1,lvl021082703003,nic1.port1,50,6,0,0,lvl02-0101-0827-03lt0:ethernet2/1 -> lvl021082703003:nic1.port1,lvl021082703003:nic1.port1 -> lvl02-0101-0827-03lt0:ethernet2/1,1
2026-09-04 05:11:00.0000000,lvl02-0101-0827-03lt0,ethernet21/1,lvl021082703037,nic1.port1,50,2,0,0,lvl02-0101-0827-03lt0:ethernet21/1 -> lvl021082703037:nic1.port1,lvl021082703037:nic1.port1 -> lvl02-0101-0827-03lt0:ethernet21/1,1
2026-09-04 05:11:00.0000000,lvl02-0101-0827-03lt0,ethernet21/1,lvl021082703037,nic1.port1,50,3,0,0,lvl02-0101-0827-03lt0:ethernet21/1 -> lvl021082703037:nic1.port1,lvl021082703037:nic1.port1 -> lvl02-0101-0827-03lt0:ethernet21/1,1
2026-09-04 05:11:00.0000000,lvl02-0101-0827-03lt0,ethernet21/1,lvl021082703037,nic1.port1,50,4,0,0,lvl02-0101-0827-03lt0:ethernet21/1 -> lvl021082703037:nic1.port1,lvl021082703037:nic1.port1 -> lvl02-0101-0827-03lt0:ethernet21/1,1
2026-09-04 05:11:00.0000000,lvl02-0101-0827-03lt0,ethernet21/1,lvl021082703037,nic1.port1,50,6,0,0,lvl02-0101-0827-03lt0:ethernet21/1 -> lvl021082703037:nic1.port1,lvl021082703037:nic1.port1 -> lvl02-0101-0827-03lt0:ethernet21/1,1
2026-09-04 05:11:00.0000000,lvl02-0101-0827-03lt0,ethernet27/1,lvl021082703045,nic1.port1,50,2,0,0,lvl02-0101-0827-03lt0:ethernet27/1 -> lvl021082703045:nic1.port1,lvl021082703045:nic1.port1 -> lvl02-0101-0827-03lt0:ethernet27/1,1
2026-09-04 05:11:00.0000000,lvl02-0101-0827-03lt0,ethernet27/1,lvl021082703045,nic1.port1,50,3,0,0,lvl02-0101-0827-03lt0:ethernet27/1 -> lvl021082703045:nic1.port1,lvl021082703045:nic1.port1 -> lvl02-0101-0827-03lt0:ethernet27/1,1
2026-09-04 05:11:00.0000000,lvl02-0101-0827-03lt0,ethernet27/1,lvl021082703045,nic1.port1,50,4,0,0,lvl02-0101-0827-03lt0:ethernet27/1 -> lvl021082703045:nic1.port1,lvl021082703045:nic1.port1 -> lvl02-0101-0827-03lt0:ethernet27/1,1
2026-09-04 05:11:00.0000000,lvl02-0101-0827-03lt0,ethernet27/1,lvl021082703045,nic1.port1,50,6,0,0,lvl02-0101-0827-03lt0:ethernet27/1 -> lvl021082703045:nic1.port1,lvl021082703045:nic1.port1 -> lvl02-0101-0827-03lt0:ethernet27/1,1
2026-09-04 05:11:00.0000000,lvl02-0101-0827-03lt0,ethernet29/1,lvl021082703049,nic1.port1,50,2,0,0,lvl02-0101-0827-03lt0:ethernet29/1 -> lvl021082703049:nic1.port1,lvl021082703049:nic1.port1 -> lvl02-0101-0827-03lt0:ethernet29/1,1
2026-09-04 05:11:00.0000000,lvl02-0101-0827-03lt0,ethernet29/1,lvl021082703049,nic1.port1,50,3,0,0,lvl02-0101-0827-03lt0:ethernet29/1 -> lvl021082703049:nic1.port1,lvl021082703049:nic1.port1 -> lvl02-0101-0827-03lt0:ethernet29/1,1
2026-09-04 05:11:00.0000000,lvl02-0101-0827-03lt0,ethernet29/1,lvl021082703049,nic1.port1,50,4,0,0,lvl02-0101-0827-03lt0:ethernet29/1 -> lvl021082703049:nic1.port1,lvl021082703049:nic1.port1 -> lvl02-0101-0827-03lt0:ethernet29/1,1
2026-09-04 05:11:00.0000000,lvl02-0101-0827-03lt0,ethernet29/1,lvl021082703049,nic1.port1,50,6,0,0,lvl02-0101-0827-03lt0:ethernet29/1 -> lvl021082703049:nic1.port1,lvl021082703049:nic1.port1 -> lvl02-0101-0827-03lt0:ethernet29/1,1
2026-09-04 05:11:00.0000000,lvl02-0101-0827-03lt0,ethernet31/1,lvl021082703053,nic1.port1,50,2,0,0,lvl02-0101-0827-03lt0:ethernet31/1 -> lvl021082703053:nic1.port1,lvl021082703053:nic1.port1 -> lvl02-0101-0827-03lt0:ethernet31/1,1
2026-09-04 05:11:00.0000000,lvl02-0101-0827-03lt0,ethernet31/1,lvl021082703053,nic1.port1,50,3,0,10063,lvl02-0101-0827-03lt0:ethernet31/1 -> lvl021082703053:nic1.port1,lvl021082703053:nic1.port1 -> lvl02-0101-0827-03lt0:ethernet31/1,1
2026-09-04 05:11:00.0000000,lvl02-0101-0827-03lt0,ethernet31/1,lvl021082703053,nic1.port1,50,4,0,10063,lvl02-0101-0827-03lt0:ethernet31/1 -> lvl021082703053:nic1.port1,lvl021082703053:nic1.port1 -> lvl02-0101-0827-03lt0:ethernet31/1,1
2026-09-04 05:11:00.0000000,lvl02-0101-0827-03lt0,ethernet31/1,lvl021082703053,nic1.port1,50,6,0,0,lvl02-0101-0827-03lt0:ethernet31/1 -> lvl021082703053:nic1.port1,lvl021082703053:nic1.port1 -> lvl02-0101-0827-03lt0:ethernet31/1,1
2026-09-04 05:11:00.0000000,lvl02-0101-0827-03lt0,ethernet4/1,lvl021082703007,nic1.port1,50,2,0,0,lvl02-0101-0827-03lt0:ethernet4/1 -> lvl021082703007:nic1.port1,lvl021082703007:nic1.port1 -> lvl02-0101-0827-03lt0:ethernet4/1,1
2026-09-04 05:11:00.0000000,lvl02-0101-0827-03lt0,ethernet4/1,lvl021082703007,nic1.port1,50,3,0,0,lvl02-0101-0827-03lt0:ethernet4/1 -> lvl021082703007:nic1.port1,lvl021082703007:nic1.port1 -> lvl02-0101-0827-03lt0:ethernet4/1,1
2026-09-04 05:11:00.0000000,lvl02-0101-0827-03lt0,ethernet4/1,lvl021082703007,nic1.port1,50,4,0,0,lvl02-0101-0827-03lt0:ethernet4/1 -> lvl021082703007:nic1.port1,lvl021082703007:nic1.port1 -> lvl02-0101-0827-03lt0:ethernet4/1,1
2026-09-04 05:11:00.0000000,lvl02-0101-0827-03lt0,ethernet4/1,lvl021082703007,nic1.port1,50,6,0,0,lvl02-0101-0827-03lt0:ethernet4/1 -> lvl021082703007:nic1.port1,lvl021082703007:nic1.port1 -> lvl02-0101-0827-03lt0:ethernet4/1,1
2026-09-04 05:13:00.0000000,lvl02-0101-0827-03t0,ethernet12/1,lvl021082703019,nic1.port1,50,2,0,0,lvl02-0101-0827-03t0:ethernet12/1 -> lvl021082703019:nic1.port1,lvl021082703019:nic1.port1 -> lvl02-0101-0827-03t0:ethernet12/1,1
2026-09-04 05:13:00.0000000,lvl02-0101-0827-03t0,ethernet12/1,lvl021082703019,nic1.port1,50,3,0,0,lvl02-0101-0827-03t0:ethernet12/1 -> lvl021082703019:nic1.port1,lvl021082703019:nic1.port1 -> lvl02-0101-0827-03t0:ethernet12/1,1
2026-09-04 05:13:00.0000000,lvl02-0101-0827-03t0,ethernet12/1,lvl021082703019,nic1.port1,50,4,0,0,lvl02-0101-0827-03t0:ethernet12/1 -> lvl021082703019:nic1.port1,lvl021082703019:nic1.port1 -> lvl02-0101-0827-03t0:ethernet12/1,1
2026-09-04 05:13:00.0000000,lvl02-0101-0827-03t0,ethernet12/1,lvl021082703019,nic1.port1,50,6,0,0,lvl02-0101-0827-03t0:ethernet12/1 -> lvl021082703019:nic1.port1,lvl021082703019:nic1.port1 -> lvl02-0101-0827-03t0:ethernet12/1,1
2026-09-04 05:13:00.0000000,lvl02-0101-0827-03t0,ethernet14/1,lvl021082703023,nic1.port1,50,2,0,0,lvl02-0101-0827-03t0:ethernet14/1 -> lvl021082703023:nic1.port1,lvl021082703023:nic1.port1 -> lvl02-0101-0827-03t0:ethernet14/1,1
2026-09-04 05:13:00.0000000,lvl02-0101-0827-03t0,ethernet14/1,lvl021082703023,nic1.port1,50,3,0,0,lvl02-0101-0827-03t0:ethernet14/1 -> lvl021082703023:nic1.port1,lvl021082703023:nic1.port1 -> lvl02-0101-0827-03t0:ethernet14/1,1
2026-09-04 05:13:00.0000000,lvl02-0101-0827-03t0,ethernet14/1,lvl021082703023,nic1.port1,50,4,0,0,lvl02-0101-0827-03t0:ethernet14/1 -> lvl021082703023:nic1.port1,lvl021082703023:nic1.port1 -> lvl02-0101-0827-03t0:ethernet14/1,1
2026-09-04 05:13:00.0000000,lvl02-0101-0827-03t0,ethernet14/1,lvl021082703023,nic1.port1,50,6,0,0,lvl02-0101-0827-03t0:ethernet14/1 -> lvl021082703023:nic1.port1,lvl021082703023:nic1.port1 -> lvl02-0101-0827-03t0:ethernet14/1,1
2026-09-04 05:13:00.0000000,lvl02-0101-0827-03t0,ethernet15/1,lvl021082703025,nic1.port1,50,2,0,0,lvl02-0101-0827-03t0:ethernet15/1 -> lvl021082703025:nic1.port1,lvl021082703025:nic1.port1 -> lvl02-0101-0827-03t0:ethernet15/1,1
2026-09-04 05:13:00.0000000,lvl02-0101-0827-03t0,ethernet15/1,lvl021082703025,nic1.port1,50,3,0,0,lvl02-0101-0827-03t0:ethernet15/1 -> lvl021082703025:nic1.port1,lvl021082703025:nic1.port1 -> lvl02-0101-0827-03t0:ethernet15/1,1
2026-09-04 05:13:00.0000000,lvl02-0101-0827-03t0,ethernet15/1,lvl021082703025,nic1.port1,50,4,0,0,lvl02-0101-0827-03t0:ethernet15/1 -> lvl021082703025:nic1.port1,lvl021082703025:nic1.port1 -> lvl02-0101-0827-03t0:ethernet15/1,1
2026-09-04 05:13:00.0000000,lvl02-0101-0827-03t0,ethernet15/1,lvl021082703025,nic1.port1,50,6,0,0,lvl02-0101-0827-03t0:ethernet15/1 -> lvl021082703025:nic1.port1,lvl021082703025:nic1.port1 -> lvl02-0101-0827-03t0:ethernet15/1,1
2026-09-04 05:13:00.0000000,lvl02-0101-0827-03t0,ethernet18/1,lvl021082703031,nic1.port1,50,2,0,0,lvl02-0101-0827-03t0:ethernet18/1 -> lvl021082703031:nic1.port1,lvl021082703031:nic1.port1 -> lvl02-0101-0827-03t0:ethernet18/1,1
2026-09-04 05:13:00.0000000,lvl02-0101-0827-03t0,ethernet18/1,lvl021082703031,nic1.port1,50,3,0,0,lvl02-0101-0827-03t0:ethernet18/1 -> lvl021082703031:nic1.port1,lvl021082703031:nic1.port1 -> lvl02-0101-0827-03t0:ethernet18/1,1
2026-09-04 05:13:00.0000000,lvl02-0101-0827-03t0,ethernet18/1,lvl021082703031,nic1.port1,50,4,0,0,lvl02-0101-0827-03t0:ethernet18/1 -> lvl021082703031:nic1.port1,lvl021082703031:nic1.port1 -> lvl02-0101-0827-03t0:ethernet18/1,1
2026-09-04 05:13:00.0000000,lvl02-0101-0827-03t0,ethernet18/1,lvl021082703031,nic1.port1,50,6,0,0,lvl02-0101-0827-03t0:ethernet18/1 -> lvl021082703031:nic1.port1,lvl021082703031:nic1.port1 -> lvl02-0101-0827-03t0:ethernet18/1,1
2026-09-04 05:13:00.0000000,lvl02-0101-0827-03t0,ethernet19/1,lvl021082703033,nic1.port1,50,2,0,0,lvl02-0101-0827-03t0:ethernet19/1 -> lvl021082703033:nic1.port1,lvl021082703033:nic1.port1 -> lvl02-0101-0827-03t0:ethernet19/1,1
2026-09-04 05:13:00.0000000,lvl02-0101-0827-03t0,ethernet19/1,lvl021082703033,nic1.port1,50,3,0,0,lvl02-0101-0827-03t0:ethernet19/1 -> lvl021082703033:nic1.port1,lvl021082703033:nic1.port1 -> lvl02-0101-0827-03t0:ethernet19/1,1
2026-09-04 05:13:00.0000000,lvl02-0101-0827-03t0,ethernet19/1,lvl021082703033,nic1.port1,50,4,0,0,lvl02-0101-0827-03t0:ethernet19/1 -> lvl021082703033:nic1.port1,lvl021082703033:nic1.port1 -> lvl02-0101-0827-03t0:ethernet19/1,1
2026-09-04 05:13:00.0000000,lvl02-0101-0827-03t0,ethernet19/1,lvl021082703033,nic1.port1,50,6,0,0,lvl02-0101-0827-03t0:ethernet19/1 -> lvl021082703033:nic1.port1,lvl021082703033:nic1.port1 -> lvl02-0101-0827-03t0:ethernet19/1,1
2026-09-04 05:13:00.0000000,lvl02-0101-0827-03t0,ethernet2/1,lvl021082703003,nic1.port1,50,2,0,0,lvl02-0101-0827-03t0:ethernet2/1 -> lvl021082703003:nic1.port1,lvl021082703003:nic1.port1 -> lvl02-0101-0827-03t0:ethernet2/1,1
2026-09-04 05:13:00.0000000,lvl02-0101-0827-03t0,ethernet2/1,lvl021082703003,nic1.port1,50,3,0,0,lvl02-0101-0827-03t0:ethernet2/1 -> lvl021082703003:nic1.port1,lvl021082703003:nic1.port1 -> lvl02-0101-0827-03t0:ethernet2/1,1
2026-09-04 05:13:00.0000000,lvl02-0101-0827-03t0,ethernet2/1,lvl021082703003,nic1.port1,50,4,0,0,lvl02-0101-0827-03t0:ethernet2/1 -> lvl021082703003:nic1.port1,lvl021082703003:nic1.port1 -> lvl02-0101-0827-03t0:ethernet2/1,1
2026-09-04 05:13:00.0000000,lvl02-0101-0827-03t0,ethernet2/1,lvl021082703003,nic1.port1,50,6,0,0,lvl02-0101-0827-03t0:ethernet2/1 -> lvl021082703003:nic1.port1,lvl021082703003:nic1.port1 -> lvl02-0101-0827-03t0:ethernet2/1,1
2026-09-04 05:13:00.0000000,lvl02-0101-0827-03t0,ethernet21/1,lvl021082703037,nic1.port1,50,2,0,0,lvl02-0101-0827-03t0:ethernet21/1 -> lvl021082703037:nic1.port1,lvl021082703037:nic1.port1 -> lvl02-0101-0827-03t0:ethernet21/1,1
2026-09-04 05:13:00.0000000,lvl02-0101-0827-03t0,ethernet21/1,lvl021082703037,nic1.port1,50,3,0,0,lvl02-0101-0827-03t0:ethernet21/1 -> lvl021082703037:nic1.port1,lvl021082703037:nic1.port1 -> lvl02-0101-0827-03t0:ethernet21/1,1
2026-09-04 05:13:00.0000000,lvl02-0101-0827-03t0,ethernet21/1,lvl021082703037,nic1.port1,50,4,0,0,lvl02-0101-0827-03t0:ethernet21/1 -> lvl021082703037:nic1.port1,lvl021082703037:nic1.port1 -> lvl02-0101-0827-03t0:ethernet21/1,1
2026-09-04 05:13:00.0000000,lvl02-0101-0827-03t0,ethernet21/1,lvl021082703037,nic1.port1,50,6,0,0,lvl02-0101-0827-03t0:ethernet21/1 -> lvl021082703037:nic1.port1,lvl021082703037:nic1.port1 -> lvl02-0101-0827-03t0:ethernet21/1,1
2026-09-04 05:13:00.0000000,lvl02-0101-0827-03t0,ethernet27/1,lvl021082703045,nic1.port1,50,2,0,0,lvl02-0101-0827-03t0:ethernet27/1 -> lvl021082703045:nic1.port1,lvl021082703045:nic1.port1 -> lvl02-0101-0827-03t0:ethernet27/1,1
2026-09-04 05:13:00.0000000,lvl02-0101-0827-03t0,ethernet27/1,lvl021082703045,nic1.port1,50,3,0,0,lvl02-0101-0827-03t0:ethernet27/1 -> lvl021082703045:nic1.port1,lvl021082703045:nic1.port1 -> lvl02-0101-0827-03t0:ethernet27/1,1
2026-09-04 05:13:00.0000000,lvl02-0101-0827-03t0,ethernet27/1,lvl021082703045,nic1.port1,50,4,0,0,lvl02-0101-0827-03t0:ethernet27/1 -> lvl021082703045:nic1.port1,lvl021082703045:nic1.port1 -> lvl02-0101-0827-03t0:ethernet27/1,1
2026-09-04 05:13:00.0000000,lvl02-0101-0827-03t0,ethernet27/1,lvl021082703045,nic1.port1,50,6,0,0,lvl02-0101-0827-03t0:ethernet27/1 -> lvl021082703045:nic1.port1,lvl021082703045:nic1.port1 -> lvl02-0101-0827-03t0:ethernet27/1,1
2026-09-04 05:13:00.0000000,lvl02-0101-0827-03t0,ethernet29/1,lvl021082703049,nic1.port1,50,2,0,0,lvl02-0101-0827-03t0:ethernet29/1 -> lvl021082703049:nic1.port1,lvl021082703049:nic1.port1 -> lvl02-0101-0827-03t0:ethernet29/1,1
2026-09-04 05:13:00.0000000,lvl02-0101-0827-03t0,ethernet29/1,lvl021082703049,nic1.port1,50,3,0,0,lvl02-0101-0827-03t0:ethernet29/1 -> lvl021082703049:nic1.port1,lvl021082703049:nic1.port1 -> lvl02-0101-0827-03t0:ethernet29/1,1
2026-09-04 05:13:00.0000000,lvl02-0101-0827-03t0,ethernet29/1,lvl021082703049,nic1.port1,50,4,0,0,lvl02-0101-0827-03t0:ethernet29/1 -> lvl021082703049:nic1.port1,lvl021082703049:nic1.port1 -> lvl02-0101-0827-03t0:ethernet29/1,1
2026-09-04 05:13:00.0000000,lvl02-0101-0827-03t0,ethernet29/1,lvl021082703049,nic1.port1,50,6,0,0,lvl02-0101-0827-03t0:ethernet29/1 -> lvl021082703049:nic1.port1,lvl021082703049:nic1.port1 -> lvl02-0101-0827-03t0:ethernet29/1,1
2026-09-04 05:13:00.0000000,lvl02-0101-0827-03t0,ethernet31/1,lvl021082703053,nic1.port1,50,2,0,0,lvl02-0101-0827-03t0:ethernet31/1 -> lvl021082703053:nic1.port1,lvl021082703053:nic1.port1 -> lvl02-0101-0827-03t0:ethernet31/1,1
2026-09-04 05:13:00.0000000,lvl02-0101-0827-03t0,ethernet31/1,lvl021082703053,nic1.port1,50,3,0,6946,lvl02-0101-0827-03t0:ethernet31/1 -> lvl021082703053:nic1.port1,lvl021082703053:nic1.port1 -> lvl02-0101-0827-03t0:ethernet31/1,1
2026-09-04 05:13:00.0000000,lvl02-0101-0827-03t0,ethernet31/1,lvl021082703053,nic1.port1,50,4,0,6946,lvl02-0101-0827-03t0:ethernet31/1 -> lvl021082703053:nic1.port1,lvl021082703053:nic1.port1 -> lvl02-0101-0827-03t0:ethernet31/1,1
2026-09-04 05:13:00.0000000,lvl02-0101-0827-03t0,ethernet31/1,lvl021082703053,nic1.port1,50,6,0,0,lvl02-0101-0827-03t0:ethernet31/1 -> lvl021082703053:nic1.port1,lvl021082703053:nic1.port1 -> lvl02-0101-0827-03t0:ethernet31/1,1
2026-09-04 05:13:00.0000000,lvl02-0101-0827-03t0,ethernet4/1,lvl021082703007,nic1.port1,50,2,0,0,lvl02-0101-0827-03t0:ethernet4/1 -> lvl021082703007:nic1.port1,lvl021082703007:nic1.port1 -> lvl02-0101-0827-03t0:ethernet4/1,1
2026-09-04 05:13:00.0000000,lvl02-0101-0827-03t0,ethernet4/1,lvl021082703007,nic1.port1,50,3,0,0,lvl02-0101-0827-03t0:ethernet4/1 -> lvl021082703007:nic1.port1,lvl021082703007:nic1.port1 -> lvl02-0101-0827-03t0:ethernet4/1,1
2026-09-04 05:13:00.0000000,lvl02-0101-0827-03t0,ethernet4/1,lvl021082703007,nic1.port1,50,4,0,0,lvl02-0101-0827-03t0:ethernet4/1 -> lvl021082703007:nic1.port1,lvl021082703007:nic1.port1 -> lvl02-0101-0827-03t0:ethernet4/1,1
2026-09-04 05:13:00.0000000,lvl02-0101-0827-03t0,ethernet4/1,lvl021082703007,nic1.port1,50,6,0,0,lvl02-0101-0827-03t0:ethernet4/1 -> lvl021082703007:nic1.port1,lvl021082703007:nic1.port1 -> lvl02-0101-0827-03t0:ethernet4/1,1
2026-09-04 05:16:00.0000000,lvl02-0101-0827-03lt0,ethernet12/1,lvl021082703019,nic1.port1,50,2,0,0,lvl02-0101-0827-03lt0:ethernet12/1 -> lvl021082703019:nic1.port1,lvl021082703019:nic1.port1 -> lvl02-0101-0827-03lt0:ethernet12/1,1
2026-09-04 05:16:00.0000000,lvl02-0101-0827-03lt0,ethernet12/1,lvl021082703019,nic1.port1,50,3,0,0,lvl02-0101-0827-03lt0:ethernet12/1 -> lvl021082703019:nic1.port1,lvl021082703019:nic1.port1 -> lvl02-0101-0827-03lt0:ethernet12/1,1
2026-09-04 05:16:00.0000000,lvl02-0101-0827-03lt0,ethernet12/1,lvl021082703019,nic1.port1,50,4,0,0,lvl02-0101-0827-03lt0:ethernet12/1 -> lvl021082703019:nic1.port1,lvl021082703019:nic1.port1 -> lvl02-0101-0827-03lt0:ethernet12/1,1
2026-09-04 05:16:00.0000000,lvl02-0101-0827-03lt0,ethernet12/1,lvl021082703019,nic1.port1,50,6,0,0,lvl02-0101-0827-03lt0:ethernet12/1 -> lvl021082703019:nic1.port1,lvl021082703019:nic1.port1 -> lvl02-0101-0827-03lt0:ethernet12/1,1
2026-09-04 05:16:00.0000000,lvl02-0101-0827-03lt0,ethernet14/1,lvl021082703023,nic1.port1,50,2,0,0,lvl02-0101-0827-03lt0:ethernet14/1 -> lvl021082703023:nic1.port1,lvl021082703023:nic1.port1 -> lvl02-0101-0827-03lt0:ethernet14/1,1
2026-09-04 05:16:00.0000000,lvl02-0101-0827-03lt0,ethernet14/1,lvl021082703023,nic1.port1,50,3,0,18,lvl02-0101-0827-03lt0:ethernet14/1 -> lvl021082703023:nic1.port1,lvl021082703023:nic1.port1 -> lvl02-0101-0827-03lt0:ethernet14/1,1
2026-09-04 05:16:00.0000000,lvl02-0101-0827-03lt0,ethernet14/1,lvl021082703023,nic1.port1,50,4,0,18,lvl02-0101-0827-03lt0:ethernet14/1 -> lvl021082703023:nic1.port1,lvl021082703023:nic1.port1 -> lvl02-0101-0827-03lt0:ethernet14/1,1
2026-09-04 05:16:00.0000000,lvl02-0101-0827-03lt0,ethernet14/1,lvl021082703023,nic1.port1,50,6,0,0,lvl02-0101-0827-03lt0:ethernet14/1 -> lvl021082703023:nic1.port1,lvl021082703023:nic1.port1 -> lvl02-0101-0827-03lt0:ethernet14/1,1
2026-09-04 05:16:00.0000000,lvl02-0101-0827-03lt0,ethernet15/1,lvl021082703025,nic1.port1,50,2,0,0,lvl02-0101-0827-03lt0:ethernet15/1 -> lvl021082703025:nic1.port1,lvl021082703025:nic1.port1 -> lvl02-0101-0827-03lt0:ethernet15/1,1
2026-09-04 05:16:00.0000000,lvl02-0101-0827-03lt0,ethernet15/1,lvl021082703025,nic1.port1,50,3,0,0,lvl02-0101-0827-03lt0:ethernet15/1 -> lvl021082703025:nic1.port1,lvl021082703025:nic1.port1 -> lvl02-0101-0827-03lt0:ethernet15/1,1
2026-09-04 05:16:00.0000000,lvl02-0101-0827-03lt0,ethernet15/1,lvl021082703025,nic1.port1,50,4,0,0,lvl02-0101-0827-03lt0:ethernet15/1 -> lvl021082703025:nic1.port1,lvl021082703025:nic1.port1 -> lvl02-0101-0827-03lt0:ethernet15/1,1
2026-09-04 05:16:00.0000000,lvl02-0101-0827-03lt0,ethernet15/1,lvl021082703025,nic1.port1,50,6,0,0,lvl02-0101-0827-03lt0:ethernet15/1 -> lvl021082703025:nic1.port1,lvl021082703025:nic1.port1 -> lvl02-0101-0827-03lt0:ethernet15/1,1
2026-09-04 05:16:00.0000000,lvl02-0101-0827-03lt0,ethernet18/1,lvl021082703031,nic1.port1,50,2,0,0,lvl02-0101-0827-03lt0:ethernet18/1 -> lvl021082703031:nic1.port1,lvl021082703031:nic1.port1 -> lvl02-0101-0827-03lt0:ethernet18/1,1
2026-09-04 05:16:00.0000000,lvl02-0101-0827-03lt0,ethernet18/1,lvl021082703031,nic1.port1,50,3,0,0,lvl02-0101-0827-03lt0:ethernet18/1 -> lvl021082703031:nic1.port1,lvl021082703031:nic1.port1 -> lvl02-0101-0827-03lt0:ethernet18/1,1
2026-09-04 05:16:00.0000000,lvl02-0101-0827-03lt0,ethernet18/1,lvl021082703031,nic1.port1,50,4,0,0,lvl02-0101-0827-03lt0:ethernet18/1 -> lvl021082703031:nic1.port1,lvl021082703031:nic1.port1 -> lvl02-0101-0827-03lt0:ethernet18/1,1
2026-09-04 05:16:00.0000000,lvl02-0101-0827-03lt0,ethernet18/1,lvl021082703031,nic1.port1,50,6,0,0,lvl02-0101-0827-03lt0:ethernet18/1 -> lvl021082703031:nic1.port1,lvl021082703031:nic1.port1 -> lvl02-0101-0827-03lt0:ethernet18/1,1
2026-09-04 05:16:00.0000000,lvl02-0101-0827-03lt0,ethernet19/1,lvl021082703033,nic1.port1,50,2,0,0,lvl02-0101-0827-03lt0:ethernet19/1 -> lvl021082703033:nic1.port1,lvl021082703033:nic1.port1 -> lvl02-0101-0827-03lt0:ethernet19/1,1
2026-09-04 05:16:00.0000000,lvl02-0101-0827-03lt0,ethernet19/1,lvl021082703033,nic1.port1,50,3,0,0,lvl02-0101-0827-03lt0:ethernet19/1 -> lvl021082703033:nic1.port1,lvl021082703033:nic1.port1 -> lvl02-0101-0827-03lt0:ethernet19/1,1
2026-09-04 05:16:00.0000000,lvl02-0101-0827-03lt0,ethernet19/1,lvl021082703033,nic1.port1,50,4,0,0,lvl02-0101-0827-03lt0:ethernet19/1 -> lvl021082703033:nic1.port1,lvl021082703033:nic1.port1 -> lvl02-0101-0827-03lt0:ethernet19/1,1
2026-09-04 05:16:00.0000000,lvl02-0101-0827-03lt0,ethernet19/1,lvl021082703033,nic1.port1,50,6,0,0,lvl02-0101-0827-03lt0:ethernet19/1 -> lvl021082703033:nic1.port1,lvl021082703033:nic1.port1 -> lvl02-0101-0827-03lt0:ethernet19/1,1
2026-09-04 05:16:00.0000000,lvl02-0101-0827-03lt0,ethernet2/1,lvl021082703003,nic1.port1,50,2,0,0,lvl02-0101-0827-03lt0:ethernet2/1 -> lvl021082703003:nic1.port1,lvl021082703003:nic1.port1 -> lvl02-0101-0827-03lt0:ethernet2/1,1
2026-09-04 05:16:00.0000000,lvl02-0101-0827-03lt0,ethernet2/1,lvl021082703003,nic1.port1,50,3,0,0,lvl02-0101-0827-03lt0:ethernet2/1 -> lvl021082703003:nic1.port1,lvl021082703003:nic1.port1 -> lvl02-0101-0827-03lt0:ethernet2/1,1
2026-09-04 05:16:00.0000000,lvl02-0101-0827-03lt0,ethernet2/1,lvl021082703003,nic1.port1,50,4,0,0,lvl02-0101-0827-03lt0:ethernet2/1 -> lvl021082703003:nic1.port1,lvl021082703003:nic1.port1 -> lvl02-0101-0827-03lt0:ethernet2/1,1
2026-09-04 05:16:00.0000000,lvl02-0101-0827-03lt0,ethernet2/1,lvl021082703003,nic1.port1,50,6,0,0,lvl02-0101-0827-03lt0:ethernet2/1 -> lvl021082703003:nic1.port1,lvl021082703003:nic1.port1 -> lvl02-0101-0827-03lt0:ethernet2/1,1
2026-09-04 05:16:00.0000000,lvl02-0101-0827-03lt0,ethernet21/1,lvl021082703037,nic1.port1,50,2,0,0,lvl02-0101-0827-03lt0:ethernet21/1 -> lvl021082703037:nic1.port1,lvl021082703037:nic1.port1 -> lvl02-0101-0827-03lt0:ethernet21/1,1
2026-09-04 05:16:00.0000000,lvl02-0101-0827-03lt0,ethernet21/1,lvl021082703037,nic1.port1,50,3,0,0,lvl02-0101-0827-03lt0:ethernet21/1 -> lvl021082703037:nic1.port1,lvl021082703037:nic1.port1 -> lvl02-0101-0827-03lt0:ethernet21/1,1
2026-09-04 05:16:00.0000000,lvl02-0101-0827-03lt0,ethernet21/1,lvl021082703037,nic1.port1,50,4,0,0,lvl02-0101-0827-03lt0:ethernet21/1 -> lvl021082703037:nic1.port1,lvl021082703037:nic1.port1 -> lvl02-0101-0827-03lt0:ethernet21/1,1
2026-09-04 05:16:00.0000000,lvl02-0101-0827-03lt0,ethernet21/1,lvl021082703037,nic1.port1,50,6,0,0,lvl02-0101-0827-03lt0:ethernet21/1 -> lvl021082703037:nic1.port1,lvl021082703037:nic1.port1 -> lvl02-0101-0827-03lt0:ethernet21/1,1
2026-09-04 05:16:00.0000000,lvl02-0101-0827-03lt0,ethernet27/1,lvl021082703045,nic1.port1,50,2,0,0,lvl02-0101-0827-03lt0:ethernet27/1 -> lvl021082703045:nic1.port1,lvl021082703045:nic1.port1 -> lvl02-0101-0827-03lt0:ethernet27/1,1
2026-09-04 05:16:00.0000000,lvl02-0101-0827-03lt0,ethernet27/1,lvl021082703045,nic1.port1,50,3,0,0,lvl02-0101-0827-03lt0:ethernet27/1 -> lvl021082703045:nic1.port1,lvl021082703045:nic1.port1 -> lvl02-0101-0827-03lt0:ethernet27/1,1
2026-09-04 05:16:00.0000000,lvl02-0101-0827-03lt0,ethernet27/1,lvl021082703045,nic1.port1,50,4,0,0,lvl02-0101-0827-03lt0:ethernet27/1 -> lvl021082703045:nic1.port1,lvl021082703045:nic1.port1 -> lvl02-0101-0827-03lt0:ethernet27/1,1
2026-09-04 05:16:00.0000000,lvl02-0101-0827-03lt0,ethernet27/1,lvl021082703045,nic1.port1,50,6,0,0,lvl02-0101-0827-03lt0:ethernet27/1 -> lvl021082703045:nic1.port1,lvl021082703045:nic1.port1 -> lvl02-0101-0827-03lt0:ethernet27/1,1
2026-09-04 05:16:00.0000000,lvl02-0101-0827-03lt0,ethernet29/1,lvl021082703049,nic1.port1,50,2,0,0,lvl02-0101-0827-03lt0:ethernet29/1 -> lvl021082703049:nic1.port1,lvl021082703049:nic1.port1 -> lvl02-0101-0827-03lt0:ethernet29/1,1
2026-09-04 05:16:00.0000000,lvl02-0101-0827-03lt0,ethernet29/1,lvl021082703049,nic1.port1,50,3,0,0,lvl02-0101-0827-03lt0:ethernet29/1 -> lvl021082703049:nic1.port1,lvl021082703049:nic1.port1 -> lvl02-0101-0827-03lt0:ethernet29/1,1
2026-09-04 05:16:00.0000000,lvl02-0101-0827-03lt0,ethernet29/1,lvl021082703049,nic1.port1,50,4,0,0,lvl02-0101-0827-03lt0:ethernet29/1 -> lvl021082703049:nic1.port1,lvl021082703049:nic1.port1 -> lvl02-0101-0827-03lt0:ethernet29/1,1
2026-09-04 05:16:00.0000000,lvl02-0101-0827-03lt0,ethernet29/1,lvl021082703049,nic1.port1,50,6,0,0,lvl02-0101-0827-03lt0:ethernet29/1 -> lvl021082703049:nic1.port1,lvl021082703049:nic1.port1 -> lvl02-0101-0827-03lt0:ethernet29/1,1
2026-09-04 05:16:00.0000000,lvl02-0101-0827-03lt0,ethernet31/1,lvl021082703053,nic1.port1,50,2,0,0,lvl02-0101-0827-03lt0:ethernet31/1 -> lvl021082703053:nic1.port1,lvl021082703053:nic1.port1 -> lvl02-0101-0827-03lt0:ethernet31/1,1
2026-09-04 05:16:00.0000000,lvl02-0101-0827-03lt0,ethernet31/1,lvl021082703053,nic1.port1,50,3,0,26650,lvl02-0101-0827-03lt0:ethernet31/1 -> lvl021082703053:nic1.port1,lvl021082703053:nic1.port1 -> lvl02-0101-0827-03lt0:ethernet31/1,1
2026-09-04 05:16:00.0000000,lvl02-0101-0827-03lt0,ethernet31/1,lvl021082703053,nic1.port1,50,4,0,26650,lvl02-0101-0827-03lt0:ethernet31/1 -> lvl021082703053:nic1.port1,lvl021082703053:nic1.port1 -> lvl02-0101-0827-03lt0:ethernet31/1,1
2026-09-04 05:16:00.0000000,lvl02-0101-0827-03lt0,ethernet31/1,lvl021082703053,nic1.port1,50,6,0,0,lvl02-0101-0827-03lt0:ethernet31/1 -> lvl021082703053:nic1.port1,lvl021082703053:nic1.port1 -> lvl02-0101-0827-03lt0:ethernet31/1,1
2026-09-04 05:16:00.0000000,lvl02-0101-0827-03lt0,ethernet4/1,lvl021082703007,nic1.port1,50,2,0,0,lvl02-0101-0827-03lt0:ethernet4/1 -> lvl021082703007:nic1.port1,lvl021082703007:nic1.port1 -> lvl02-0101-0827-03lt0:ethernet4/1,1
2026-09-04 05:16:00.0000000,lvl02-0101-0827-03lt0,ethernet4/1,lvl021082703007,nic1.port1,50,3,0,0,lvl02-0101-0827-03lt0:ethernet4/1 -> lvl021082703007:nic1.port1,lvl021082703007:nic1.port1 -> lvl02-0101-0827-03lt0:ethernet4/1,1
2026-09-04 05:16:00.0000000,lvl02-0101-0827-03lt0,ethernet4/1,lvl021082703007,nic1.port1,50,4,0,0,lvl02-0101-0827-03lt0:ethernet4/1 -> lvl021082703007:nic1.port1,lvl021082703007:nic1.port1 -> lvl02-0101-0827-03lt0:ethernet4/1,1
2026-09-04 05:16:00.0000000,lvl02-0101-0827-03lt0,ethernet4/1,lvl021082703007,nic1.port1,50,6,0,0,lvl02-0101-0827-03lt0:ethernet4/1 -> lvl021082703007:nic1.port1,lvl021082703007:nic1.port1 -> lvl02-0101-0827-03lt0:ethernet4/1,1
2026-09-04 05:17:00.0000000,lvl02-0101-0827-03t0,ethernet12/1,lvl021082703019,nic1.port1,50,2,0,0,lvl02-0101-0827-03t0:ethernet12/1 -> lvl021082703019:nic1.port1,lvl021082703019:nic1.port1 -> lvl02-0101-0827-03t0:ethernet12/1,1
2026-09-04 05:17:00.0000000,lvl02-0101-0827-03t0,ethernet12/1,lvl021082703019,nic1.port1,50,3,0,0,lvl02-0101-0827-03t0:ethernet12/1 -> lvl021082703019:nic1.port1,lvl021082703019:nic1.port1 -> lvl02-0101-0827-03t0:ethernet12/1,1
2026-09-04 05:17:00.0000000,lvl02-0101-0827-03t0,ethernet12/1,lvl021082703019,nic1.port1,50,4,0,0,lvl02-0101-0827-03t0:ethernet12/1 -> lvl021082703019:nic1.port1,lvl021082703019:nic1.port1 -> lvl02-0101-0827-03t0:ethernet12/1,1
2026-09-04 05:17:00.0000000,lvl02-0101-0827-03t0,ethernet2/1,lvl021082703003,nic1.port1,50,2,0,0,lvl02-0101-0827-03t0:ethernet2/1 -> lvl021082703003:nic1.port1,lvl021082703003:nic1.port1 -> lvl02-0101-0827-03t0:ethernet2/1,1
2026-09-04 05:17:00.0000000,lvl02-0101-0827-03t0,ethernet2/1,lvl021082703003,nic1.port1,50,3,0,0,lvl02-0101-0827-03t0:ethernet2/1 -> lvl021082703003:nic1.port1,lvl021082703003:nic1.port1 -> lvl02-0101-0827-03t0:ethernet2/1,1
2026-09-04 05:17:00.0000000,lvl02-0101-0827-03t0,ethernet2/1,lvl021082703003,nic1.port1,50,4,0,0,lvl02-0101-0827-03t0:ethernet2/1 -> lvl021082703003:nic1.port1,lvl021082703003:nic1.port1 -> lvl02-0101-0827-03t0:ethernet2/1,1
2026-09-04 05:17:00.0000000,lvl02-0101-0827-03t0,ethernet2/1,lvl021082703003,nic1.port1,50,6,0,0,lvl02-0101-0827-03t0:ethernet2/1 -> lvl021082703003:nic1.port1,lvl021082703003:nic1.port1 -> lvl02-0101-0827-03t0:ethernet2/1,1
2026-09-04 05:17:00.0000000,lvl02-0101-0827-03t0,ethernet4/1,lvl021082703007,nic1.port1,50,2,0,0,lvl02-0101-0827-03t0:ethernet4/1 -> lvl021082703007:nic1.port1,lvl021082703007:nic1.port1 -> lvl02-0101-0827-03t0:ethernet4/1,1
2026-09-04 05:17:00.0000000,lvl02-0101-0827-03t0,ethernet4/1,lvl021082703007,nic1.port1,50,3,0,0,lvl02-0101-0827-03t0:ethernet4/1 -> lvl021082703007:nic1.port1,lvl021082703007:nic1.port1 -> lvl02-0101-0827-03t0:ethernet4/1,1
2026-09-04 05:17:00.0000000,lvl02-0101-0827-03t0,ethernet4/1,lvl021082703007,nic1.port1,50,4,0,0,lvl02-0101-0827-03t0:ethernet4/1 -> lvl021082703007:nic1.port1,lvl021082703007:nic1.port1 -> lvl02-0101-0827-03t0:ethernet4/1,1
2026-09-04 05:17:00.0000000,lvl02-0101-0827-03t0,ethernet4/1,lvl021082703007,nic1.port1,50,6,0,0,lvl02-0101-0827-03t0:ethernet4/1 -> lvl021082703007:nic1.port1,lvl021082703007:nic1.port1 -> lvl02-0101-0827-03t0:ethernet4/1,1
2026-09-04 05:18:00.0000000,lvl02-0101-0827-03t0,ethernet12/1,lvl021082703019,nic1.port1,50,6,0,0,lvl02-0101-0827-03t0:ethernet12/1 -> lvl021082703019:nic1.port1,lvl021082703019:nic1.port1 -> lvl02-0101-0827-03t0:ethernet12/1,1
2026-09-04 05:18:00.0000000,lvl02-0101-0827-03t0,ethernet14/1,lvl021082703023,nic1.port1,50,2,0,0,lvl02-0101-0827-03t0:ethernet14/1 -> lvl021082703023:nic1.port1,lvl021082703023:nic1.port1 -> lvl02-0101-0827-03t0:ethernet14/1,1
2026-09-04 05:18:00.0000000,lvl02-0101-0827-03t0,ethernet14/1,lvl021082703023,nic1.port1,50,3,0,18,lvl02-0101-0827-03t0:ethernet14/1 -> lvl021082703023:nic1.port1,lvl021082703023:nic1.port1 -> lvl02-0101-0827-03t0:ethernet14/1,1
2026-09-04 05:18:00.0000000,lvl02-0101-0827-03t0,ethernet14/1,lvl021082703023,nic1.port1,50,4,0,18,lvl02-0101-0827-03t0:ethernet14/1 -> lvl021082703023:nic1.port1,lvl021082703023:nic1.port1 -> lvl02-0101-0827-03t0:ethernet14/1,1
2026-09-04 05:18:00.0000000,lvl02-0101-0827-03t0,ethernet14/1,lvl021082703023,nic1.port1,50,6,0,0,lvl02-0101-0827-03t0:ethernet14/1 -> lvl021082703023:nic1.port1,lvl021082703023:nic1.port1 -> lvl02-0101-0827-03t0:ethernet14/1,1
2026-09-04 05:18:00.0000000,lvl02-0101-0827-03t0,ethernet15/1,lvl021082703025,nic1.port1,50,2,0,0,lvl02-0101-0827-03t0:ethernet15/1 -> lvl021082703025:nic1.port1,lvl021082703025:nic1.port1 -> lvl02-0101-0827-03t0:ethernet15/1,1
2026-09-04 05:18:00.0000000,lvl02-0101-0827-03t0,ethernet15/1,lvl021082703025,nic1.port1,50,3,0,0,lvl02-0101-0827-03t0:ethernet15/1 -> lvl021082703025:nic1.port1,lvl021082703025:nic1.port1 -> lvl02-0101-0827-03t0:ethernet15/1,1
2026-09-04 05:18:00.0000000,lvl02-0101-0827-03t0,ethernet15/1,lvl021082703025,nic1.port1,50,4,0,0,lvl02-0101-0827-03t0:ethernet15/1 -> lvl021082703025:nic1.port1,lvl021082703025:nic1.port1 -> lvl02-0101-0827-03t0:ethernet15/1,1
2026-09-04 05:18:00.0000000,lvl02-0101-0827-03t0,ethernet15/1,lvl021082703025,nic1.port1,50,6,0,0,lvl02-0101-0827-03t0:ethernet15/1 -> lvl021082703025:nic1.port1,lvl021082703025:nic1.port1 -> lvl02-0101-0827-03t0:ethernet15/1,1
2026-09-04 05:18:00.0000000,lvl02-0101-0827-03t0,ethernet18/1,lvl021082703031,nic1.port1,50,2,0,0,lvl02-0101-0827-03t0:ethernet18/1 -> lvl021082703031:nic1.port1,lvl021082703031:nic1.port1 -> lvl02-0101-0827-03t0:ethernet18/1,1
2026-09-04 05:18:00.0000000,lvl02-0101-0827-03t0,ethernet18/1,lvl021082703031,nic1.port1,50,3,0,0,lvl02-0101-0827-03t0:ethernet18/1 -> lvl021082703031:nic1.port1,lvl021082703031:nic1.port1 -> lvl02-0101-0827-03t0:ethernet18/1,1
2026-09-04 05:18:00.0000000,lvl02-0101-0827-03t0,ethernet18/1,lvl021082703031,nic1.port1,50,4,0,0,lvl02-0101-0827-03t0:ethernet18/1 -> lvl021082703031:nic1.port1,lvl021082703031:nic1.port1 -> lvl02-0101-0827-03t0:ethernet18/1,1
2026-09-04 05:18:00.0000000,lvl02-0101-0827-03t0,ethernet18/1,lvl021082703031,nic1.port1,50,6,0,0,lvl02-0101-0827-03t0:ethernet18/1 -> lvl021082703031:nic1.port1,lvl021082703031:nic1.port1 -> lvl02-0101-0827-03t0:ethernet18/1,1
2026-09-04 05:18:00.0000000,lvl02-0101-0827-03t0,ethernet19/1,lvl021082703033,nic1.port1,50,2,0,0,lvl02-0101-0827-03t0:ethernet19/1 -> lvl021082703033:nic1.port1,lvl021082703033:nic1.port1 -> lvl02-0101-0827-03t0:ethernet19/1,1
2026-09-04 05:18:00.0000000,lvl02-0101-0827-03t0,ethernet19/1,lvl021082703033,nic1.port1,50,3,0,0,lvl02-0101-0827-03t0:ethernet19/1 -> lvl021082703033:nic1.port1,lvl021082703033:nic1.port1 -> lvl02-0101-0827-03t0:ethernet19/1,1
2026-09-04 05:18:00.0000000,lvl02-0101-0827-03t0,ethernet19/1,lvl021082703033,nic1.port1,50,4,0,0,lvl02-0101-0827-03t0:ethernet19/1 -> lvl021082703033:nic1.port1,lvl021082703033:nic1.port1 -> lvl02-0101-0827-03t0:ethernet19/1,1
2026-09-04 05:18:00.0000000,lvl02-0101-0827-03t0,ethernet19/1,lvl021082703033,nic1.port1,50,6,0,0,lvl02-0101-0827-03t0:ethernet19/1 -> lvl021082703033:nic1.port1,lvl021082703033:nic1.port1 -> lvl02-0101-0827-03t0:ethernet19/1,1
2026-09-04 05:18:00.0000000,lvl02-0101-0827-03t0,ethernet21/1,lvl021082703037,nic1.port1,50,2,0,0,lvl02-0101-0827-03t0:ethernet21/1 -> lvl021082703037:nic1.port1,lvl021082703037:nic1.port1 -> lvl02-0101-0827-03t0:ethernet21/1,1
2026-09-04 05:18:00.0000000,lvl02-0101-0827-03t0,ethernet21/1,lvl021082703037,nic1.port1,50,3,0,0,lvl02-0101-0827-03t0:ethernet21/1 -> lvl021082703037:nic1.port1,lvl021082703037:nic1.port1 -> lvl02-0101-0827-03t0:ethernet21/1,1
2026-09-04 05:18:00.0000000,lvl02-0101-0827-03t0,ethernet21/1,lvl021082703037,nic1.port1,50,4,0,0,lvl02-0101-0827-03t0:ethernet21/1 -> lvl021082703037:nic1.port1,lvl021082703037:nic1.port1 -> lvl02-0101-0827-03t0:ethernet21/1,1
2026-09-04 05:18:00.0000000,lvl02-0101-0827-03t0,ethernet21/1,lvl021082703037,nic1.port1,50,6,0,0,lvl02-0101-0827-03t0:ethernet21/1 -> lvl021082703037:nic1.port1,lvl021082703037:nic1.port1 -> lvl02-0101-0827-03t0:ethernet21/1,1
2026-09-04 05:18:00.0000000,lvl02-0101-0827-03t0,ethernet27/1,lvl021082703045,nic1.port1,50,2,0,0,lvl02-0101-0827-03t0:ethernet27/1 -> lvl021082703045:nic1.port1,lvl021082703045:nic1.port1 -> lvl02-0101-0827-03t0:ethernet27/1,1
2026-09-04 05:18:00.0000000,lvl02-0101-0827-03t0,ethernet27/1,lvl021082703045,nic1.port1,50,3,0,0,lvl02-0101-0827-03t0:ethernet27/1 -> lvl021082703045:nic1.port1,lvl021082703045:nic1.port1 -> lvl02-0101-0827-03t0:ethernet27/1,1
2026-09-04 05:18:00.0000000,lvl02-0101-0827-03t0,ethernet27/1,lvl021082703045,nic1.port1,50,4,0,0,lvl02-0101-0827-03t0:ethernet27/1 -> lvl021082703045:nic1.port1,lvl021082703045:nic1.port1 -> lvl02-0101-0827-03t0:ethernet27/1,1
2026-09-04 05:18:00.0000000,lvl02-0101-0827-03t0,ethernet27/1,lvl021082703045,nic1.port1,50,6,0,0,lvl02-0101-0827-03t0:ethernet27/1 -> lvl021082703045:nic1.port1,lvl021082703045:nic1.port1 -> lvl02-0101-0827-03t0:ethernet27/1,1
2026-09-04 05:18:00.0000000,lvl02-0101-0827-03t0,ethernet29/1,lvl021082703049,nic1.port1,50,2,0,0,lvl02-0101-0827-03t0:ethernet29/1 -> lvl021082703049:nic1.port1,lvl021082703049:nic1.port1 -> lvl02-0101-0827-03t0:ethernet29/1,1
2026-09-04 05:18:00.0000000,lvl02-0101-0827-03t0,ethernet29/1,lvl021082703049,nic1.port1,50,3,0,0,lvl02-0101-0827-03t0:ethernet29/1 -> lvl021082703049:nic1.port1,lvl021082703049:nic1.port1 -> lvl02-0101-0827-03t0:ethernet29/1,1
2026-09-04 05:18:00.0000000,lvl02-0101-0827-03t0,ethernet29/1,lvl021082703049,nic1.port1,50,4,0,0,lvl02-0101-0827-03t0:ethernet29/1 -> lvl021082703049:nic1.port1,lvl021082703049:nic1.port1 -> lvl02-0101-0827-03t0:ethernet29/1,1
2026-09-04 05:18:00.0000000,lvl02-0101-0827-03t0,ethernet29/1,lvl021082703049,nic1.port1,50,6,0,0,lvl02-0101-0827-03t0:ethernet29/1 -> lvl021082703049:nic1.port1,lvl021082703049:nic1.port1 -> lvl02-0101-0827-03t0:ethernet29/1,1
2026-09-04 05:18:00.0000000,lvl02-0101-0827-03t0,ethernet31/1,lvl021082703053,nic1.port1,50,2,0,0,lvl02-0101-0827-03t0:ethernet31/1 -> lvl021082703053:nic1.port1,lvl021082703053:nic1.port1 -> lvl02-0101-0827-03t0:ethernet31/1,1
2026-09-04 05:18:00.0000000,lvl02-0101-0827-03t0,ethernet31/1,lvl021082703053,nic1.port1,50,3,0,25023,lvl02-0101-0827-03t0:ethernet31/1 -> lvl021082703053:nic1.port1,lvl021082703053:nic1.port1 -> lvl02-0101-0827-03t0:ethernet31/1,1
2026-09-04 05:18:00.0000000,lvl02-0101-0827-03t0,ethernet31/1,lvl021082703053,nic1.port1,50,4,0,25023,lvl02-0101-0827-03t0:ethernet31/1 -> lvl021082703053:nic1.port1,lvl021082703053:nic1.port1 -> lvl02-0101-0827-03t0:ethernet31/1,1
2026-09-04 05:18:00.0000000,lvl02-0101-0827-03t0,ethernet31/1,lvl021082703053,nic1.port1,50,6,0,0,lvl02-0101-0827-03t0:ethernet31/1 -> lvl021082703053:nic1.port1,lvl021082703053:nic1.port1 -> lvl02-0101-0827-03t0:ethernet31/1,1
2026-09-04 05:21:00.0000000,lvl02-0101-0827-03lt0,ethernet12/1,lvl021082703019,nic1.port1,50,2,0,0,lvl02-0101-0827-03lt0:ethernet12/1 -> lvl021082703019:nic1.port1,lvl021082703019:nic1.port1 -> lvl02-0101-0827-03lt0:ethernet12/1,1
2026-09-04 05:21:00.0000000,lvl02-0101-0827-03lt0,ethernet12/1,lvl021082703019,nic1.port1,50,3,0,0,lvl02-0101-0827-03lt0:ethernet12/1 -> lvl021082703019:nic1.port1,lvl021082703019:nic1.port1 -> lvl02-0101-0827-03lt0:ethernet12/1,1
2026-09-04 05:21:00.0000000,lvl02-0101-0827-03lt0,ethernet12/1,lvl021082703019,nic1.port1,50,4,0,0,lvl02-0101-0827-03lt0:ethernet12/1 -> lvl021082703019:nic1.port1,lvl021082703019:nic1.port1 -> lvl02-0101-0827-03lt0:ethernet12/1,1
2026-09-04 05:21:00.0000000,lvl02-0101-0827-03lt0,ethernet12/1,lvl021082703019,nic1.port1,50,6,0,0,lvl02-0101-0827-03lt0:ethernet12/1 -> lvl021082703019:nic1.port1,lvl021082703019:nic1.port1 -> lvl02-0101-0827-03lt0:ethernet12/1,1
2026-09-04 05:21:00.0000000,lvl02-0101-0827-03lt0,ethernet14/1,lvl021082703023,nic1.port1,50,2,0,0,lvl02-0101-0827-03lt0:ethernet14/1 -> lvl021082703023:nic1.port1,lvl021082703023:nic1.port1 -> lvl02-0101-0827-03lt0:ethernet14/1,1
2026-09-04 05:21:00.0000000,lvl02-0101-0827-03lt0,ethernet14/1,lvl021082703023,nic1.port1,50,3,0,0,lvl02-0101-0827-03lt0:ethernet14/1 -> lvl021082703023:nic1.port1,lvl021082703023:nic1.port1 -> lvl02-0101-0827-03lt0:ethernet14/1,1
2026-09-04 05:21:00.0000000,lvl02-0101-0827-03lt0,ethernet14/1,lvl021082703023,nic1.port1,50,4,0,0,lvl02-0101-0827-03lt0:ethernet14/1 -> lvl021082703023:nic1.port1,lvl021082703023:nic1.port1 -> lvl02-0101-0827-03lt0:ethernet14/1,1
2026-09-04 05:21:00.0000000,lvl02-0101-0827-03lt0,ethernet14/1,lvl021082703023,nic1.port1,50,6,0,0,lvl02-0101-0827-03lt0:ethernet14/1 -> lvl021082703023:nic1.port1,lvl021082703023:nic1.port1 -> lvl02-0101-0827-03lt0:ethernet14/1,1
2026-09-04 05:21:00.0000000,lvl02-0101-0827-03lt0,ethernet15/1,lvl021082703025,nic1.port1,50,2,0,0,lvl02-0101-0827-03lt0:ethernet15/1 -> lvl021082703025:nic1.port1,lvl021082703025:nic1.port1 -> lvl02-0101-0827-03lt0:ethernet15/1,1
2026-09-04 05:21:00.0000000,lvl02-0101-0827-03lt0,ethernet15/1,lvl021082703025,nic1.port1,50,3,0,0,lvl02-0101-0827-03lt0:ethernet15/1 -> lvl021082703025:nic1.port1,lvl021082703025:nic1.port1 -> lvl02-0101-0827-03lt0:ethernet15/1,1
2026-09-04 05:21:00.0000000,lvl02-0101-0827-03lt0,ethernet15/1,lvl021082703025,nic1.port1,50,4,0,0,lvl02-0101-0827-03lt0:ethernet15/1 -> lvl021082703025:nic1.port1,lvl021082703025:nic1.port1 -> lvl02-0101-0827-03lt0:ethernet15/1,1
2026-09-04 05:21:00.0000000,lvl02-0101-0827-03lt0,ethernet15/1,lvl021082703025,nic1.port1,50,6,0,0,lvl02-0101-0827-03lt0:ethernet15/1 -> lvl021082703025:nic1.port1,lvl021082703025:nic1.port1 -> lvl02-0101-0827-03lt0:ethernet15/1,1
2026-09-04 05:21:00.0000000,lvl02-0101-0827-03lt0,ethernet18/1,lvl021082703031,nic1.port1,50,2,0,0,lvl02-0101-0827-03lt0:ethernet18/1 -> lvl021082703031:nic1.port1,lvl021082703031:nic1.port1 -> lvl02-0101-0827-03lt0:ethernet18/1,1
2026-09-04 05:21:00.0000000,lvl02-0101-0827-03lt0,ethernet18/1,lvl021082703031,nic1.port1,50,3,0,0,lvl02-0101-0827-03lt0:ethernet18/1 -> lvl021082703031:nic1.port1,lvl021082703031:nic1.port1 -> lvl02-0101-0827-03lt0:ethernet18/1,1
2026-09-04 05:21:00.0000000,lvl02-0101-0827-03lt0,ethernet18/1,lvl021082703031,nic1.port1,50,4,0,0,lvl02-0101-0827-03lt0:ethernet18/1 -> lvl021082703031:nic1.port1,lvl021082703031:nic1.port1 -> lvl02-0101-0827-03lt0:ethernet18/1,1
2026-09-04 05:21:00.0000000,lvl02-0101-0827-03lt0,ethernet18/1,lvl021082703031,nic1.port1,50,6,0,0,lvl02-0101-0827-03lt0:ethernet18/1 -> lvl021082703031:nic1.port1,lvl021082703031:nic1.port1 -> lvl02-0101-0827-03lt0:ethernet18/1,1
2026-09-04 05:21:00.0000000,lvl02-0101-0827-03lt0,ethernet19/1,lvl021082703033,nic1.port1,50,2,0,0,lvl02-0101-0827-03lt0:ethernet19/1 -> lvl021082703033:nic1.port1,lvl021082703033:nic1.port1 -> lvl02-0101-0827-03lt0:ethernet19/1,1
2026-09-04 05:21:00.0000000,lvl02-0101-0827-03lt0,ethernet19/1,lvl021082703033,nic1.port1,50,3,0,0,lvl02-0101-0827-03lt0:ethernet19/1 -> lvl021082703033:nic1.port1,lvl021082703033:nic1.port1 -> lvl02-0101-0827-03lt0:ethernet19/1,1
2026-09-04 05:21:00.0000000,lvl02-0101-0827-03lt0,ethernet19/1,lvl021082703033,nic1.port1,50,4,0,0,lvl02-0101-0827-03lt0:ethernet19/1 -> lvl021082703033:nic1.port1,lvl021082703033:nic1.port1 -> lvl02-0101-0827-03lt0:ethernet19/1,1
2026-09-04 05:21:00.0000000,lvl02-0101-0827-03lt0,ethernet19/1,lvl021082703033,nic1.port1,50,6,0,0,lvl02-0101-0827-03lt0:ethernet19/1 -> lvl021082703033:nic1.port1,lvl021082703033:nic1.port1 -> lvl02-0101-0827-03lt0:ethernet19/1,1
2026-09-04 05:21:00.0000000,lvl02-0101-0827-03lt0,ethernet2/1,lvl021082703003,nic1.port1,50,2,0,0,lvl02-0101-0827-03lt0:ethernet2/1 -> lvl021082703003:nic1.port1,lvl021082703003:nic1.port1 -> lvl02-0101-0827-03lt0:ethernet2/1,1
2026-09-04 05:21:00.0000000,lvl02-0101-0827-03lt0,ethernet2/1,lvl021082703003,nic1.port1,50,3,0,0,lvl02-0101-0827-03lt0:ethernet2/1 -> lvl021082703003:nic1.port1,lvl021082703003:nic1.port1 -> lvl02-0101-0827-03lt0:ethernet2/1,1
2026-09-04 05:21:00.0000000,lvl02-0101-0827-03lt0,ethernet2/1,lvl021082703003,nic1.port1,50,4,0,0,lvl02-0101-0827-03lt0:ethernet2/1 -> lvl021082703003:nic1.port1,lvl021082703003:nic1.port1 -> lvl02-0101-0827-03lt0:ethernet2/1,1
2026-09-04 05:21:00.0000000,lvl02-0101-0827-03lt0,ethernet2/1,lvl021082703003,nic1.port1,50,6,0,0,lvl02-0101-0827-03lt0:ethernet2/1 -> lvl021082703003:nic1.port1,lvl021082703003:nic1.port1 -> lvl02-0101-0827-03lt0:ethernet2/1,1
2026-09-04 05:21:00.0000000,lvl02-0101-0827-03lt0,ethernet21/1,lvl021082703037,nic1.port1,50,2,0,0,lvl02-0101-0827-03lt0:ethernet21/1 -> lvl021082703037:nic1.port1,lvl021082703037:nic1.port1 -> lvl02-0101-0827-03lt0:ethernet21/1,1
2026-09-04 05:21:00.0000000,lvl02-0101-0827-03lt0,ethernet21/1,lvl021082703037,nic1.port1,50,3,0,0,lvl02-0101-0827-03lt0:ethernet21/1 -> lvl021082703037:nic1.port1,lvl021082703037:nic1.port1 -> lvl02-0101-0827-03lt0:ethernet21/1,1
2026-09-04 05:21:00.0000000,lvl02-0101-0827-03lt0,ethernet21/1,lvl021082703037,nic1.port1,50,4,0,0,lvl02-0101-0827-03lt0:ethernet21/1 -> lvl021082703037:nic1.port1,lvl021082703037:nic1.port1 -> lvl02-0101-0827-03lt0:ethernet21/1,1
2026-09-04 05:21:00.0000000,lvl02-0101-0827-03lt0,ethernet21/1,lvl021082703037,nic1.port1,50,6,0,0,lvl02-0101-0827-03lt0:ethernet21/1 -> lvl021082703037:nic1.port1,lvl021082703037:nic1.port1 -> lvl02-0101-0827-03lt0:ethernet21/1,1
2026-09-04 05:21:00.0000000,lvl02-0101-0827-03lt0,ethernet27/1,lvl021082703045,nic1.port1,50,2,0,0,lvl02-0101-0827-03lt0:ethernet27/1 -> lvl021082703045:nic1.port1,lvl021082703045:nic1.port1 -> lvl02-0101-0827-03lt0:ethernet27/1,1
2026-09-04 05:21:00.0000000,lvl02-0101-0827-03lt0,ethernet27/1,lvl021082703045,nic1.port1,50,3,0,0,lvl02-0101-0827-03lt0:ethernet27/1 -> lvl021082703045:nic1.port1,lvl021082703045:nic1.port1 -> lvl02-0101-0827-03lt0:ethernet27/1,1
2026-09-04 05:21:00.0000000,lvl02-0101-0827-03lt0,ethernet27/1,lvl021082703045,nic1.port1,50,4,0,0,lvl02-0101-0827-03lt0:ethernet27/1 -> lvl021082703045:nic1.port1,lvl021082703045:nic1.port1 -> lvl02-0101-0827-03lt0:ethernet27/1,1
2026-09-04 05:21:00.0000000,lvl02-0101-0827-03lt0,ethernet27/1,lvl021082703045,nic1.port1,50,6,0,0,lvl02-0101-0827-03lt0:ethernet27/1 -> lvl021082703045:nic1.port1,lvl021082703045:nic1.port1 -> lvl02-0101-0827-03lt0:ethernet27/1,1
2026-09-04 05:21:00.0000000,lvl02-0101-0827-03lt0,ethernet29/1,lvl021082703049,nic1.port1,50,2,0,0,lvl02-0101-0827-03lt0:ethernet29/1 -> lvl021082703049:nic1.port1,lvl021082703049:nic1.port1 -> lvl02-0101-0827-03lt0:ethernet29/1,1
2026-09-04 05:21:00.0000000,lvl02-0101-0827-03lt0,ethernet29/1,lvl021082703049,nic1.port1,50,3,0,0,lvl02-0101-0827-03lt0:ethernet29/1 -> lvl021082703049:nic1.port1,lvl021082703049:nic1.port1 -> lvl02-0101-0827-03lt0:ethernet29/1,1
2026-09-04 05:21:00.0000000,lvl02-0101-0827-03lt0,ethernet29/1,lvl021082703049,nic1.port1,50,4,0,0,lvl02-0101-0827-03lt0:ethernet29/1 -> lvl021082703049:nic1.port1,lvl021082703049:nic1.port1 -> lvl02-0101-0827-03lt0:ethernet29/1,1
2026-09-04 05:21:00.0000000,lvl02-0101-0827-03lt0,ethernet29/1,lvl021082703049,nic1.port1,50,6,0,0,lvl02-0101-0827-03lt0:ethernet29/1 -> lvl021082703049:nic1.port1,lvl021082703049:nic1.port1 -> lvl02-0101-0827-03lt0:ethernet29/1,1
2026-09-04 05:21:00.0000000,lvl02-0101-0827-03lt0,ethernet31/1,lvl021082703053,nic1.port1,50,2,0,0,lvl02-0101-0827-03lt0:ethernet31/1 -> lvl021082703053:nic1.port1,lvl021082703053:nic1.port1 -> lvl02-0101-0827-03lt0:ethernet31/1,1
2026-09-04 05:21:00.0000000,lvl02-0101-0827-03lt0,ethernet31/1,lvl021082703053,nic1.port1,50,3,0,300,lvl02-0101-0827-03lt0:ethernet31/1 -> lvl021082703053:nic1.port1,lvl021082703053:nic1.port1 -> lvl02-0101-0827-03lt0:ethernet31/1,1
2026-09-04 05:21:00.0000000,lvl02-0101-0827-03lt0,ethernet31/1,lvl021082703053,nic1.port1,50,4,0,300,lvl02-0101-0827-03lt0:ethernet31/1 -> lvl021082703053:nic1.port1,lvl021082703053:nic1.port1 -> lvl02-0101-0827-03lt0:ethernet31/1,1
2026-09-04 05:21:00.0000000,lvl02-0101-0827-03lt0,ethernet31/1,lvl021082703053,nic1.port1,50,6,0,0,lvl02-0101-0827-03lt0:ethernet31/1 -> lvl021082703053:nic1.port1,lvl021082703053:nic1.port1 -> lvl02-0101-0827-03lt0:ethernet31/1,1
2026-09-04 05:21:00.0000000,lvl02-0101-0827-03lt0,ethernet4/1,lvl021082703007,nic1.port1,50,2,0,0,lvl02-0101-0827-03lt0:ethernet4/1 -> lvl021082703007:nic1.port1,lvl021082703007:nic1.port1 -> lvl02-0101-0827-03lt0:ethernet4/1,1
2026-09-04 05:21:00.0000000,lvl02-0101-0827-03lt0,ethernet4/1,lvl021082703007,nic1.port1,50,3,0,0,lvl02-0101-0827-03lt0:ethernet4/1 -> lvl021082703007:nic1.port1,lvl021082703007:nic1.port1 -> lvl02-0101-0827-03lt0:ethernet4/1,1
2026-09-04 05:21:00.0000000,lvl02-0101-0827-03lt0,ethernet4/1,lvl021082703007,nic1.port1,50,4,0,0,lvl02-0101-0827-03lt0:ethernet4/1 -> lvl021082703007:nic1.port1,lvl021082703007:nic1.port1 -> lvl02-0101-0827-03lt0:ethernet4/1,1
2026-09-04 05:21:00.0000000,lvl02-0101-0827-03lt0,ethernet4/1,lvl021082703007,nic1.port1,50,6,0,0,lvl02-0101-0827-03lt0:ethernet4/1 -> lvl021082703007:nic1.port1,lvl021082703007:nic1.port1 -> lvl02-0101-0827-03lt0:ethernet4/1,1
2026-09-04 05:22:00.0000000,lvl02-0101-0827-03t0,ethernet12/1,lvl021082703019,nic1.port1,50,2,0,0,lvl02-0101-0827-03t0:ethernet12/1 -> lvl021082703019:nic1.port1,lvl021082703019:nic1.port1 -> lvl02-0101-0827-03t0:ethernet12/1,1
2026-09-04 05:22:00.0000000,lvl02-0101-0827-03t0,ethernet12/1,lvl021082703019,nic1.port1,50,3,0,0,lvl02-0101-0827-03t0:ethernet12/1 -> lvl021082703019:nic1.port1,lvl021082703019:nic1.port1 -> lvl02-0101-0827-03t0:ethernet12/1,1
2026-09-04 05:22:00.0000000,lvl02-0101-0827-03t0,ethernet12/1,lvl021082703019,nic1.port1,50,4,0,0,lvl02-0101-0827-03t0:ethernet12/1 -> lvl021082703019:nic1.port1,lvl021082703019:nic1.port1 -> lvl02-0101-0827-03t0:ethernet12/1,1
2026-09-04 05:22:00.0000000,lvl02-0101-0827-03t0,ethernet12/1,lvl021082703019,nic1.port1,50,6,0,0,lvl02-0101-0827-03t0:ethernet12/1 -> lvl021082703019:nic1.port1,lvl021082703019:nic1.port1 -> lvl02-0101-0827-03t0:ethernet12/1,1
2026-09-04 05:22:00.0000000,lvl02-0101-0827-03t0,ethernet14/1,lvl021082703023,nic1.port1,50,2,0,0,lvl02-0101-0827-03t0:ethernet14/1 -> lvl021082703023:nic1.port1,lvl021082703023:nic1.port1 -> lvl02-0101-0827-03t0:ethernet14/1,1
2026-09-04 05:22:00.0000000,lvl02-0101-0827-03t0,ethernet14/1,lvl021082703023,nic1.port1,50,3,0,0,lvl02-0101-0827-03t0:ethernet14/1 -> lvl021082703023:nic1.port1,lvl021082703023:nic1.port1 -> lvl02-0101-0827-03t0:ethernet14/1,1
2026-09-04 05:22:00.0000000,lvl02-0101-0827-03t0,ethernet14/1,lvl021082703023,nic1.port1,50,4,0,0,lvl02-0101-0827-03t0:ethernet14/1 -> lvl021082703023:nic1.port1,lvl021082703023:nic1.port1 -> lvl02-0101-0827-03t0:ethernet14/1,1
2026-09-04 05:22:00.0000000,lvl02-0101-0827-03t0,ethernet14/1,lvl021082703023,nic1.port1,50,6,0,0,lvl02-0101-0827-03t0:ethernet14/1 -> lvl021082703023:nic1.port1,lvl021082703023:nic1.port1 -> lvl02-0101-0827-03t0:ethernet14/1,1
2026-09-04 05:22:00.0000000,lvl02-0101-0827-03t0,ethernet15/1,lvl021082703025,nic1.port1,50,2,0,0,lvl02-0101-0827-03t0:ethernet15/1 -> lvl021082703025:nic1.port1,lvl021082703025:nic1.port1 -> lvl02-0101-0827-03t0:ethernet15/1,1
2026-09-04 05:22:00.0000000,lvl02-0101-0827-03t0,ethernet15/1,lvl021082703025,nic1.port1,50,3,0,0,lvl02-0101-0827-03t0:ethernet15/1 -> lvl021082703025:nic1.port1,lvl021082703025:nic1.port1 -> lvl02-0101-0827-03t0:ethernet15/1,1
2026-09-04 05:22:00.0000000,lvl02-0101-0827-03t0,ethernet15/1,lvl021082703025,nic1.port1,50,4,0,0,lvl02-0101-0827-03t0:ethernet15/1 -> lvl021082703025:nic1.port1,lvl021082703025:nic1.port1 -> lvl02-0101-0827-03t0:ethernet15/1,1
2026-09-04 05:22:00.0000000,lvl02-0101-0827-03t0,ethernet15/1,lvl021082703025,nic1.port1,50,6,0,0,lvl02-0101-0827-03t0:ethernet15/1 -> lvl021082703025:nic1.port1,lvl021082703025:nic1.port1 -> lvl02-0101-0827-03t0:ethernet15/1,1
2026-09-04 05:22:00.0000000,lvl02-0101-0827-03t0,ethernet18/1,lvl021082703031,nic1.port1,50,2,0,0,lvl02-0101-0827-03t0:ethernet18/1 -> lvl021082703031:nic1.port1,lvl021082703031:nic1.port1 -> lvl02-0101-0827-03t0:ethernet18/1,1
2026-09-04 05:22:00.0000000,lvl02-0101-0827-03t0,ethernet18/1,lvl021082703031,nic1.port1,50,3,0,0,lvl02-0101-0827-03t0:ethernet18/1 -> lvl021082703031:nic1.port1,lvl021082703031:nic1.port1 -> lvl02-0101-0827-03t0:ethernet18/1,1
2026-09-04 05:22:00.0000000,lvl02-0101-0827-03t0,ethernet18/1,lvl021082703031,nic1.port1,50,4,0,0,lvl02-0101-0827-03t0:ethernet18/1 -> lvl021082703031:nic1.port1,lvl021082703031:nic1.port1 -> lvl02-0101-0827-03t0:ethernet18/1,1
2026-09-04 05:22:00.0000000,lvl02-0101-0827-03t0,ethernet18/1,lvl021082703031,nic1.port1,50,6,0,0,lvl02-0101-0827-03t0:ethernet18/1 -> lvl021082703031:nic1.port1,lvl021082703031:nic1.port1 -> lvl02-0101-0827-03t0:ethernet18/1,1
2026-09-04 05:22:00.0000000,lvl02-0101-0827-03t0,ethernet19/1,lvl021082703033,nic1.port1,50,2,0,0,lvl02-0101-0827-03t0:ethernet19/1 -> lvl021082703033:nic1.port1,lvl021082703033:nic1.port1 -> lvl02-0101-0827-03t0:ethernet19/1,1
2026-09-04 05:22:00.0000000,lvl02-0101-0827-03t0,ethernet19/1,lvl021082703033,nic1.port1,50,3,0,0,lvl02-0101-0827-03t0:ethernet19/1 -> lvl021082703033:nic1.port1,lvl021082703033:nic1.port1 -> lvl02-0101-0827-03t0:ethernet19/1,1
2026-09-04 05:22:00.0000000,lvl02-0101-0827-03t0,ethernet19/1,lvl021082703033,nic1.port1,50,4,0,0,lvl02-0101-0827-03t0:ethernet19/1 -> lvl021082703033:nic1.port1,lvl021082703033:nic1.port1 -> lvl02-0101-0827-03t0:ethernet19/1,1
2026-09-04 05:22:00.0000000,lvl02-0101-0827-03t0,ethernet19/1,lvl021082703033,nic1.port1,50,6,0,0,lvl02-0101-0827-03t0:ethernet19/1 -> lvl021082703033:nic1.port1,lvl021082703033:nic1.port1 -> lvl02-0101-0827-03t0:ethernet19/1,1
2026-09-04 05:22:00.0000000,lvl02-0101-0827-03t0,ethernet2/1,lvl021082703003,nic1.port1,50,2,0,0,lvl02-0101-0827-03t0:ethernet2/1 -> lvl021082703003:nic1.port1,lvl021082703003:nic1.port1 -> lvl02-0101-0827-03t0:ethernet2/1,1
2026-09-04 05:22:00.0000000,lvl02-0101-0827-03t0,ethernet2/1,lvl021082703003,nic1.port1,50,3,0,0,lvl02-0101-0827-03t0:ethernet2/1 -> lvl021082703003:nic1.port1,lvl021082703003:nic1.port1 -> lvl02-0101-0827-03t0:ethernet2/1,1
2026-09-04 05:22:00.0000000,lvl02-0101-0827-03t0,ethernet2/1,lvl021082703003,nic1.port1,50,4,0,0,lvl02-0101-0827-03t0:ethernet2/1 -> lvl021082703003:nic1.port1,lvl021082703003:nic1.port1 -> lvl02-0101-0827-03t0:ethernet2/1,1
2026-09-04 05:22:00.0000000,lvl02-0101-0827-03t0,ethernet2/1,lvl021082703003,nic1.port1,50,6,0,0,lvl02-0101-0827-03t0:ethernet2/1 -> lvl021082703003:nic1.port1,lvl021082703003:nic1.port1 -> lvl02-0101-0827-03t0:ethernet2/1,1
2026-09-04 05:22:00.0000000,lvl02-0101-0827-03t0,ethernet21/1,lvl021082703037,nic1.port1,50,2,0,0,lvl02-0101-0827-03t0:ethernet21/1 -> lvl021082703037:nic1.port1,lvl021082703037:nic1.port1 -> lvl02-0101-0827-03t0:ethernet21/1,1
2026-09-04 05:22:00.0000000,lvl02-0101-0827-03t0,ethernet21/1,lvl021082703037,nic1.port1,50,3,0,0,lvl02-0101-0827-03t0:ethernet21/1 -> lvl021082703037:nic1.port1,lvl021082703037:nic1.port1 -> lvl02-0101-0827-03t0:ethernet21/1,1
2026-09-04 05:22:00.0000000,lvl02-0101-0827-03t0,ethernet21/1,lvl021082703037,nic1.port1,50,4,0,0,lvl02-0101-0827-03t0:ethernet21/1 -> lvl021082703037:nic1.port1,lvl021082703037:nic1.port1 -> lvl02-0101-0827-03t0:ethernet21/1,1
2026-09-04 05:22:00.0000000,lvl02-0101-0827-03t0,ethernet21/1,lvl021082703037,nic1.port1,50,6,0,0,lvl02-0101-0827-03t0:ethernet21/1 -> lvl021082703037:nic1.port1,lvl021082703037:nic1.port1 -> lvl02-0101-0827-03t0:ethernet21/1,1
2026-09-04 05:22:00.0000000,lvl02-0101-0827-03t0,ethernet27/1,lvl021082703045,nic1.port1,50,2,0,0,lvl02-0101-0827-03t0:ethernet27/1 -> lvl021082703045:nic1.port1,lvl021082703045:nic1.port1 -> lvl02-0101-0827-03t0:ethernet27/1,1
2026-09-04 05:22:00.0000000,lvl02-0101-0827-03t0,ethernet27/1,lvl021082703045,nic1.port1,50,3,0,0,lvl02-0101-0827-03t0:ethernet27/1 -> lvl021082703045:nic1.port1,lvl021082703045:nic1.port1 -> lvl02-0101-0827-03t0:ethernet27/1,1
2026-09-04 05:22:00.0000000,lvl02-0101-0827-03t0,ethernet27/1,lvl021082703045,nic1.port1,50,4,0,0,lvl02-0101-0827-03t0:ethernet27/1 -> lvl021082703045:nic1.port1,lvl021082703045:nic1.port1 -> lvl02-0101-0827-03t0:ethernet27/1,1
2026-09-04 05:22:00.0000000,lvl02-0101-0827-03t0,ethernet27/1,lvl021082703045,nic1.port1,50,6,0,0,lvl02-0101-0827-03t0:ethernet27/1 -> lvl021082703045:nic1.port1,lvl021082703045:nic1.port1 -> lvl02-0101-0827-03t0:ethernet27/1,1
2026-09-04 05:22:00.0000000,lvl02-0101-0827-03t0,ethernet29/1,lvl021082703049,nic1.port1,50,2,0,0,lvl02-0101-0827-03t0:ethernet29/1 -> lvl021082703049:nic1.port1,lvl021082703049:nic1.port1 -> lvl02-0101-0827-03t0:ethernet29/1,1
2026-09-04 05:22:00.0000000,lvl02-0101-0827-03t0,ethernet29/1,lvl021082703049,nic1.port1,50,3,0,0,lvl02-0101-0827-03t0:ethernet29/1 -> lvl021082703049:nic1.port1,lvl021082703049:nic1.port1 -> lvl02-0101-0827-03t0:ethernet29/1,1
2026-09-04 05:22:00.0000000,lvl02-0101-0827-03t0,ethernet29/1,lvl021082703049,nic1.port1,50,4,0,0,lvl02-0101-0827-03t0:ethernet29/1 -> lvl021082703049:nic1.port1,lvl021082703049:nic1.port1 -> lvl02-0101-0827-03t0:ethernet29/1,1
2026-09-04 05:22:00.0000000,lvl02-0101-0827-03t0,ethernet29/1,lvl021082703049,nic1.port1,50,6,0,0,lvl02-0101-0827-03t0:ethernet29/1 -> lvl021082703049:nic1.port1,lvl021082703049:nic1.port1 -> lvl02-0101-0827-03t0:ethernet29/1,1
2026-09-04 05:22:00.0000000,lvl02-0101-0827-03t0,ethernet31/1,lvl021082703053,nic1.port1,50,2,0,0,lvl02-0101-0827-03t0:ethernet31/1 -> lvl021082703053:nic1.port1,lvl021082703053:nic1.port1 -> lvl02-0101-0827-03t0:ethernet31/1,1
2026-09-04 05:22:00.0000000,lvl02-0101-0827-03t0,ethernet31/1,lvl021082703053,nic1.port1,50,3,0,78,lvl02-0101-0827-03t0:ethernet31/1 -> lvl021082703053:nic1.port1,lvl021082703053:nic1.port1 -> lvl02-0101-0827-03t0:ethernet31/1,1
2026-09-04 05:22:00.0000000,lvl02-0101-0827-03t0,ethernet31/1,lvl021082703053,nic1.port1,50,4,0,78,lvl02-0101-0827-03t0:ethernet31/1 -> lvl021082703053:nic1.port1,lvl021082703053:nic1.port1 -> lvl02-0101-0827-03t0:ethernet31/1,1
2026-09-04 05:22:00.0000000,lvl02-0101-0827-03t0,ethernet31/1,lvl021082703053,nic1.port1,50,6,0,0,lvl02-0101-0827-03t0:ethernet31/1 -> lvl021082703053:nic1.port1,lvl021082703053:nic1.port1 -> lvl02-0101-0827-03t0:ethernet31/1,1
2026-09-04 05:22:00.0000000,lvl02-0101-0827-03t0,ethernet4/1,lvl021082703007,nic1.port1,50,2,0,0,lvl02-0101-0827-03t0:ethernet4/1 -> lvl021082703007:nic1.port1,lvl021082703007:nic1.port1 -> lvl02-0101-0827-03t0:ethernet4/1,1
2026-09-04 05:22:00.0000000,lvl02-0101-0827-03t0,ethernet4/1,lvl021082703007,nic1.port1,50,3,0,0,lvl02-0101-0827-03t0:ethernet4/1 -> lvl021082703007:nic1.port1,lvl021082703007:nic1.port1 -> lvl02-0101-0827-03t0:ethernet4/1,1
2026-09-04 05:22:00.0000000,lvl02-0101-0827-03t0,ethernet4/1,lvl021082703007,nic1.port1,50,4,0,0,lvl02-0101-0827-03t0:ethernet4/1 -> lvl021082703007:nic1.port1,lvl021082703007:nic1.port1 -> lvl02-0101-0827-03t0:ethernet4/1,1
2026-09-04 05:22:00.0000000,lvl02-0101-0827-03t0,ethernet4/1,lvl021082703007,nic1.port1,50,6,0,0,lvl02-0101-0827-03t0:ethernet4/1 -> lvl021082703007:nic1.port1,lvl021082703007:nic1.port1 -> lvl02-0101-0827-03t0:ethernet4/1,1
2026-09-04 05:26:00.0000000,lvl02-0101-0827-03lt0,ethernet12/1,lvl021082703019,nic1.port1,50,2,0,0,lvl02-0101-0827-03lt0:ethernet12/1 -> lvl021082703019:nic1.port1,lvl021082703019:nic1.port1 -> lvl02-0101-0827-03lt0:ethernet12/1,1
2026-09-04 05:26:00.0000000,lvl02-0101-0827-03lt0,ethernet12/1,lvl021082703019,nic1.port1,50,3,0,0,lvl02-0101-0827-03lt0:ethernet12/1 -> lvl021082703019:nic1.port1,lvl021082703019:nic1.port1 -> lvl02-0101-0827-03lt0:ethernet12/1,1
2026-09-04 05:26:00.0000000,lvl02-0101-0827-03lt0,ethernet12/1,lvl021082703019,nic1.port1,50,4,0,0,lvl02-0101-0827-03lt0:ethernet12/1 -> lvl021082703019:nic1.port1,lvl021082703019:nic1.port1 -> lvl02-0101-0827-03lt0:ethernet12/1,1
2026-09-04 05:26:00.0000000,lvl02-0101-0827-03lt0,ethernet12/1,lvl021082703019,nic1.port1,50,6,0,0,lvl02-0101-0827-03lt0:ethernet12/1 -> lvl021082703019:nic1.port1,lvl021082703019:nic1.port1 -> lvl02-0101-0827-03lt0:ethernet12/1,1
2026-09-04 05:26:00.0000000,lvl02-0101-0827-03lt0,ethernet14/1,lvl021082703023,nic1.port1,50,2,0,0,lvl02-0101-0827-03lt0:ethernet14/1 -> lvl021082703023:nic1.port1,lvl021082703023:nic1.port1 -> lvl02-0101-0827-03lt0:ethernet14/1,1
2026-09-04 05:26:00.0000000,lvl02-0101-0827-03lt0,ethernet14/1,lvl021082703023,nic1.port1,50,3,0,0,lvl02-0101-0827-03lt0:ethernet14/1 -> lvl021082703023:nic1.port1,lvl021082703023:nic1.port1 -> lvl02-0101-0827-03lt0:ethernet14/1,1
2026-09-04 05:26:00.0000000,lvl02-0101-0827-03lt0,ethernet14/1,lvl021082703023,nic1.port1,50,4,0,0,lvl02-0101-0827-03lt0:ethernet14/1 -> lvl021082703023:nic1.port1,lvl021082703023:nic1.port1 -> lvl02-0101-0827-03lt0:ethernet14/1,1
2026-09-04 05:26:00.0000000,lvl02-0101-0827-03lt0,ethernet14/1,lvl021082703023,nic1.port1,50,6,0,0,lvl02-0101-0827-03lt0:ethernet14/1 -> lvl021082703023:nic1.port1,lvl021082703023:nic1.port1 -> lvl02-0101-0827-03lt0:ethernet14/1,1
2026-09-04 05:26:00.0000000,lvl02-0101-0827-03lt0,ethernet15/1,lvl021082703025,nic1.port1,50,2,0,0,lvl02-0101-0827-03lt0:ethernet15/1 -> lvl021082703025:nic1.port1,lvl021082703025:nic1.port1 -> lvl02-0101-0827-03lt0:ethernet15/1,1
2026-09-04 05:26:00.0000000,lvl02-0101-0827-03lt0,ethernet15/1,lvl021082703025,nic1.port1,50,3,0,0,lvl02-0101-0827-03lt0:ethernet15/1 -> lvl021082703025:nic1.port1,lvl021082703025:nic1.port1 -> lvl02-0101-0827-03lt0:ethernet15/1,1
2026-09-04 05:26:00.0000000,lvl02-0101-0827-03lt0,ethernet15/1,lvl021082703025,nic1.port1,50,4,0,0,lvl02-0101-0827-03lt0:ethernet15/1 -> lvl021082703025:nic1.port1,lvl021082703025:nic1.port1 -> lvl02-0101-0827-03lt0:ethernet15/1,1
2026-09-04 05:26:00.0000000,lvl02-0101-0827-03lt0,ethernet15/1,lvl021082703025,nic1.port1,50,6,0,0,lvl02-0101-0827-03lt0:ethernet15/1 -> lvl021082703025:nic1.port1,lvl021082703025:nic1.port1 -> lvl02-0101-0827-03lt0:ethernet15/1,1
2026-09-04 05:26:00.0000000,lvl02-0101-0827-03lt0,ethernet18/1,lvl021082703031,nic1.port1,50,2,0,0,lvl02-0101-0827-03lt0:ethernet18/1 -> lvl021082703031:nic1.port1,lvl021082703031:nic1.port1 -> lvl02-0101-0827-03lt0:ethernet18/1,1
2026-09-04 05:26:00.0000000,lvl02-0101-0827-03lt0,ethernet18/1,lvl021082703031,nic1.port1,50,3,0,0,lvl02-0101-0827-03lt0:ethernet18/1 -> lvl021082703031:nic1.port1,lvl021082703031:nic1.port1 -> lvl02-0101-0827-03lt0:ethernet18/1,1
2026-09-04 05:26:00.0000000,lvl02-0101-0827-03lt0,ethernet18/1,lvl021082703031,nic1.port1,50,4,0,0,lvl02-0101-0827-03lt0:ethernet18/1 -> lvl021082703031:nic1.port1,lvl021082703031:nic1.port1 -> lvl02-0101-0827-03lt0:ethernet18/1,1
2026-09-04 05:26:00.0000000,lvl02-0101-0827-03lt0,ethernet18/1,lvl021082703031,nic1.port1,50,6,0,0,lvl02-0101-0827-03lt0:ethernet18/1 -> lvl021082703031:nic1.port1,lvl021082703031:nic1.port1 -> lvl02-0101-0827-03lt0:ethernet18/1,1
2026-09-04 05:26:00.0000000,lvl02-0101-0827-03lt0,ethernet19/1,lvl021082703033,nic1.port1,50,2,0,0,lvl02-0101-0827-03lt0:ethernet19/1 -> lvl021082703033:nic1.port1,lvl021082703033:nic1.port1 -> lvl02-0101-0827-03lt0:ethernet19/1,1
2026-09-04 05:26:00.0000000,lvl02-0101-0827-03lt0,ethernet19/1,lvl021082703033,nic1.port1,50,3,0,0,lvl02-0101-0827-03lt0:ethernet19/1 -> lvl021082703033:nic1.port1,lvl021082703033:nic1.port1 -> lvl02-0101-0827-03lt0:ethernet19/1,1
2026-09-04 05:26:00.0000000,lvl02-0101-0827-03lt0,ethernet19/1,lvl021082703033,nic1.port1,50,4,0,0,lvl02-0101-0827-03lt0:ethernet19/1 -> lvl021082703033:nic1.port1,lvl021082703033:nic1.port1 -> lvl02-0101-0827-03lt0:ethernet19/1,1
2026-09-04 05:26:00.0000000,lvl02-0101-0827-03lt0,ethernet19/1,lvl021082703033,nic1.port1,50,6,0,0,lvl02-0101-0827-03lt0:ethernet19/1 -> lvl021082703033:nic1.port1,lvl021082703033:nic1.port1 -> lvl02-0101-0827-03lt0:ethernet19/1,1
2026-09-04 05:26:00.0000000,lvl02-0101-0827-03lt0,ethernet2/1,lvl021082703003,nic1.port1,50,2,0,0,lvl02-0101-0827-03lt0:ethernet2/1 -> lvl021082703003:nic1.port1,lvl021082703003:nic1.port1 -> lvl02-0101-0827-03lt0:ethernet2/1,1
2026-09-04 05:26:00.0000000,lvl02-0101-0827-03lt0,ethernet2/1,lvl021082703003,nic1.port1,50,3,0,0,lvl02-0101-0827-03lt0:ethernet2/1 -> lvl021082703003:nic1.port1,lvl021082703003:nic1.port1 -> lvl02-0101-0827-03lt0:ethernet2/1,1
2026-09-04 05:26:00.0000000,lvl02-0101-0827-03lt0,ethernet2/1,lvl021082703003,nic1.port1,50,4,0,0,lvl02-0101-0827-03lt0:ethernet2/1 -> lvl021082703003:nic1.port1,lvl021082703003:nic1.port1 -> lvl02-0101-0827-03lt0:ethernet2/1,1
2026-09-04 05:26:00.0000000,lvl02-0101-0827-03lt0,ethernet2/1,lvl021082703003,nic1.port1,50,6,0,0,lvl02-0101-0827-03lt0:ethernet2/1 -> lvl021082703003:nic1.port1,lvl021082703003:nic1.port1 -> lvl02-0101-0827-03lt0:ethernet2/1,1
2026-09-04 05:26:00.0000000,lvl02-0101-0827-03lt0,ethernet21/1,lvl021082703037,nic1.port1,50,2,0,0,lvl02-0101-0827-03lt0:ethernet21/1 -> lvl021082703037:nic1.port1,lvl021082703037:nic1.port1 -> lvl02-0101-0827-03lt0:ethernet21/1,1
2026-09-04 05:26:00.0000000,lvl02-0101-0827-03lt0,ethernet21/1,lvl021082703037,nic1.port1,50,3,0,0,lvl02-0101-0827-03lt0:ethernet21/1 -> lvl021082703037:nic1.port1,lvl021082703037:nic1.port1 -> lvl02-0101-0827-03lt0:ethernet21/1,1
2026-09-04 05:26:00.0000000,lvl02-0101-0827-03lt0,ethernet21/1,lvl021082703037,nic1.port1,50,4,0,0,lvl02-0101-0827-03lt0:ethernet21/1 -> lvl021082703037:nic1.port1,lvl021082703037:nic1.port1 -> lvl02-0101-0827-03lt0:ethernet21/1,1
2026-09-04 05:26:00.0000000,lvl02-0101-0827-03lt0,ethernet21/1,lvl021082703037,nic1.port1,50,6,0,0,lvl02-0101-0827-03lt0:ethernet21/1 -> lvl021082703037:nic1.port1,lvl021082703037:nic1.port1 -> lvl02-0101-0827-03lt0:ethernet21/1,1
2026-09-04 05:26:00.0000000,lvl02-0101-0827-03lt0,ethernet27/1,lvl021082703045,nic1.port1,50,2,0,0,lvl02-0101-0827-03lt0:ethernet27/1 -> lvl021082703045:nic1.port1,lvl021082703045:nic1.port1 -> lvl02-0101-0827-03lt0:ethernet27/1,1
2026-09-04 05:26:00.0000000,lvl02-0101-0827-03lt0,ethernet27/1,lvl021082703045,nic1.port1,50,3,0,0,lvl02-0101-0827-03lt0:ethernet27/1 -> lvl021082703045:nic1.port1,lvl021082703045:nic1.port1 -> lvl02-0101-0827-03lt0:ethernet27/1,1
2026-09-04 05:26:00.0000000,lvl02-0101-0827-03lt0,ethernet27/1,lvl021082703045,nic1.port1,50,4,0,0,lvl02-0101-0827-03lt0:ethernet27/1 -> lvl021082703045:nic1.port1,lvl021082703045:nic1.port1 -> lvl02-0101-0827-03lt0:ethernet27/1,1
2026-09-04 05:26:00.0000000,lvl02-0101-0827-03lt0,ethernet27/1,lvl021082703045,nic1.port1,50,6,0,0,lvl02-0101-0827-03lt0:ethernet27/1 -> lvl021082703045:nic1.port1,lvl021082703045:nic1.port1 -> lvl02-0101-0827-03lt0:ethernet27/1,1
2026-09-04 05:26:00.0000000,lvl02-0101-0827-03lt0,ethernet29/1,lvl021082703049,nic1.port1,50,2,0,0,lvl02-0101-0827-03lt0:ethernet29/1 -> lvl021082703049:nic1.port1,lvl021082703049:nic1.port1 -> lvl02-0101-0827-03lt0:ethernet29/1,1
2026-09-04 05:26:00.0000000,lvl02-0101-0827-03lt0,ethernet29/1,lvl021082703049,nic1.port1,50,3,0,0,lvl02-0101-0827-03lt0:ethernet29/1 -> lvl021082703049:nic1.port1,lvl021082703049:nic1.port1 -> lvl02-0101-0827-03lt0:ethernet29/1,1
2026-09-04 05:26:00.0000000,lvl02-0101-0827-03lt0,ethernet29/1,lvl021082703049,nic1.port1,50,4,0,0,lvl02-0101-0827-03lt0:ethernet29/1 -> lvl021082703049:nic1.port1,lvl021082703049:nic1.port1 -> lvl02-0101-0827-03lt0:ethernet29/1,1
2026-09-04 05:26:00.0000000,lvl02-0101-0827-03lt0,ethernet29/1,lvl021082703049,nic1.port1,50,6,0,0,lvl02-0101-0827-03lt0:ethernet29/1 -> lvl021082703049:nic1.port1,lvl021082703049:nic1.port1 -> lvl02-0101-0827-03lt0:ethernet29/1,1
2026-09-04 05:26:00.0000000,lvl02-0101-0827-03lt0,ethernet31/1,lvl021082703053,nic1.port1,50,2,0,0,lvl02-0101-0827-03lt0:ethernet31/1 -> lvl021082703053:nic1.port1,lvl021082703053:nic1.port1 -> lvl02-0101-0827-03lt0:ethernet31/1,1
2026-09-04 05:26:00.0000000,lvl02-0101-0827-03lt0,ethernet31/1,lvl021082703053,nic1.port1,50,3,0,0,lvl02-0101-0827-03lt0:ethernet31/1 -> lvl021082703053:nic1.port1,lvl021082703053:nic1.port1 -> lvl02-0101-0827-03lt0:ethernet31/1,1
2026-09-04 05:26:00.0000000,lvl02-0101-0827-03lt0,ethernet31/1,lvl021082703053,nic1.port1,50,4,0,0,lvl02-0101-0827-03lt0:ethernet31/1 -> lvl021082703053:nic1.port1,lvl021082703053:nic1.port1 -> lvl02-0101-0827-03lt0:ethernet31/1,1
2026-09-04 05:26:00.0000000,lvl02-0101-0827-03lt0,ethernet31/1,lvl021082703053,nic1.port1,50,6,0,0,lvl02-0101-0827-03lt0:ethernet31/1 -> lvl021082703053:nic1.port1,lvl021082703053:nic1.port1 -> lvl02-0101-0827-03lt0:ethernet31/1,1
2026-09-04 05:26:00.0000000,lvl02-0101-0827-03lt0,ethernet4/1,lvl021082703007,nic1.port1,50,2,0,0,lvl02-0101-0827-03lt0:ethernet4/1 -> lvl021082703007:nic1.port1,lvl021082703007:nic1.port1 -> lvl02-0101-0827-03lt0:ethernet4/1,1
2026-09-04 05:26:00.0000000,lvl02-0101-0827-03lt0,ethernet4/1,lvl021082703007,nic1.port1,50,3,0,0,lvl02-0101-0827-03lt0:ethernet4/1 -> lvl021082703007:nic1.port1,lvl021082703007:nic1.port1 -> lvl02-0101-0827-03lt0:ethernet4/1,1
2026-09-04 05:26:00.0000000,lvl02-0101-0827-03lt0,ethernet4/1,lvl021082703007,nic1.port1,50,4,0,0,lvl02-0101-0827-03lt0:ethernet4/1 -> lvl021082703007:nic1.port1,lvl021082703007:nic1.port1 -> lvl02-0101-0827-03lt0:ethernet4/1,1
2026-09-04 05:26:00.0000000,lvl02-0101-0827-03lt0,ethernet4/1,lvl021082703007,nic1.port1,50,6,0,0,lvl02-0101-0827-03lt0:ethernet4/1 -> lvl021082703007:nic1.port1,lvl021082703007:nic1.port1 -> lvl02-0101-0827-03lt0:ethernet4/1,1
2026-09-04 05:27:00.0000000,lvl02-0101-0827-03t0,ethernet12/1,lvl021082703019,nic1.port1,50,2,0,0,lvl02-0101-0827-03t0:ethernet12/1 -> lvl021082703019:nic1.port1,lvl021082703019:nic1.port1 -> lvl02-0101-0827-03t0:ethernet12/1,1
2026-09-04 05:27:00.0000000,lvl02-0101-0827-03t0,ethernet12/1,lvl021082703019,nic1.port1,50,3,0,0,lvl02-0101-0827-03t0:ethernet12/1 -> lvl021082703019:nic1.port1,lvl021082703019:nic1.port1 -> lvl02-0101-0827-03t0:ethernet12/1,1
2026-09-04 05:27:00.0000000,lvl02-0101-0827-03t0,ethernet12/1,lvl021082703019,nic1.port1,50,4,0,0,lvl02-0101-0827-03t0:ethernet12/1 -> lvl021082703019:nic1.port1,lvl021082703019:nic1.port1 -> lvl02-0101-0827-03t0:ethernet12/1,1
2026-09-04 05:27:00.0000000,lvl02-0101-0827-03t0,ethernet12/1,lvl021082703019,nic1.port1,50,6,0,0,lvl02-0101-0827-03t0:ethernet12/1 -> lvl021082703019:nic1.port1,lvl021082703019:nic1.port1 -> lvl02-0101-0827-03t0:ethernet12/1,1
2026-09-04 05:27:00.0000000,lvl02-0101-0827-03t0,ethernet14/1,lvl021082703023,nic1.port1,50,2,0,0,lvl02-0101-0827-03t0:ethernet14/1 -> lvl021082703023:nic1.port1,lvl021082703023:nic1.port1 -> lvl02-0101-0827-03t0:ethernet14/1,1
2026-09-04 05:27:00.0000000,lvl02-0101-0827-03t0,ethernet14/1,lvl021082703023,nic1.port1,50,3,0,0,lvl02-0101-0827-03t0:ethernet14/1 -> lvl021082703023:nic1.port1,lvl021082703023:nic1.port1 -> lvl02-0101-0827-03t0:ethernet14/1,1
2026-09-04 05:27:00.0000000,lvl02-0101-0827-03t0,ethernet14/1,lvl021082703023,nic1.port1,50,4,0,0,lvl02-0101-0827-03t0:ethernet14/1 -> lvl021082703023:nic1.port1,lvl021082703023:nic1.port1 -> lvl02-0101-0827-03t0:ethernet14/1,1
2026-09-04 05:27:00.0000000,lvl02-0101-0827-03t0,ethernet14/1,lvl021082703023,nic1.port1,50,6,0,0,lvl02-0101-0827-03t0:ethernet14/1 -> lvl021082703023:nic1.port1,lvl021082703023:nic1.port1 -> lvl02-0101-0827-03t0:ethernet14/1,1
2026-09-04 05:27:00.0000000,lvl02-0101-0827-03t0,ethernet15/1,lvl021082703025,nic1.port1,50,2,0,0,lvl02-0101-0827-03t0:ethernet15/1 -> lvl021082703025:nic1.port1,lvl021082703025:nic1.port1 -> lvl02-0101-0827-03t0:ethernet15/1,1
2026-09-04 05:27:00.0000000,lvl02-0101-0827-03t0,ethernet15/1,lvl021082703025,nic1.port1,50,3,0,0,lvl02-0101-0827-03t0:ethernet15/1 -> lvl021082703025:nic1.port1,lvl021082703025:nic1.port1 -> lvl02-0101-0827-03t0:ethernet15/1,1
2026-09-04 05:27:00.0000000,lvl02-0101-0827-03t0,ethernet15/1,lvl021082703025,nic1.port1,50,4,0,0,lvl02-0101-0827-03t0:ethernet15/1 -> lvl021082703025:nic1.port1,lvl021082703025:nic1.port1 -> lvl02-0101-0827-03t0:ethernet15/1,1
2026-09-04 05:27:00.0000000,lvl02-0101-0827-03t0,ethernet15/1,lvl021082703025,nic1.port1,50,6,0,0,lvl02-0101-0827-03t0:ethernet15/1 -> lvl021082703025:nic1.port1,lvl021082703025:nic1.port1 -> lvl02-0101-0827-03t0:ethernet15/1,1
2026-09-04 05:27:00.0000000,lvl02-0101-0827-03t0,ethernet18/1,lvl021082703031,nic1.port1,50,2,0,0,lvl02-0101-0827-03t0:ethernet18/1 -> lvl021082703031:nic1.port1,lvl021082703031:nic1.port1 -> lvl02-0101-0827-03t0:ethernet18/1,1
2026-09-04 05:27:00.0000000,lvl02-0101-0827-03t0,ethernet18/1,lvl021082703031,nic1.port1,50,3,0,0,lvl02-0101-0827-03t0:ethernet18/1 -> lvl021082703031:nic1.port1,lvl021082703031:nic1.port1 -> lvl02-0101-0827-03t0:ethernet18/1,1
2026-09-04 05:27:00.0000000,lvl02-0101-0827-03t0,ethernet18/1,lvl021082703031,nic1.port1,50,4,0,0,lvl02-0101-0827-03t0:ethernet18/1 -> lvl021082703031:nic1.port1,lvl021082703031:nic1.port1 -> lvl02-0101-0827-03t0:ethernet18/1,1
2026-09-04 05:27:00.0000000,lvl02-0101-0827-03t0,ethernet18/1,lvl021082703031,nic1.port1,50,6,0,0,lvl02-0101-0827-03t0:ethernet18/1 -> lvl021082703031:nic1.port1,lvl021082703031:nic1.port1 -> lvl02-0101-0827-03t0:ethernet18/1,1
2026-09-04 05:27:00.0000000,lvl02-0101-0827-03t0,ethernet19/1,lvl021082703033,nic1.port1,50,2,0,0,lvl02-0101-0827-03t0:ethernet19/1 -> lvl021082703033:nic1.port1,lvl021082703033:nic1.port1 -> lvl02-0101-0827-03t0:ethernet19/1,1
2026-09-04 05:27:00.0000000,lvl02-0101-0827-03t0,ethernet19/1,lvl021082703033,nic1.port1,50,3,0,0,lvl02-0101-0827-03t0:ethernet19/1 -> lvl021082703033:nic1.port1,lvl021082703033:nic1.port1 -> lvl02-0101-0827-03t0:ethernet19/1,1
2026-09-04 05:27:00.0000000,lvl02-0101-0827-03t0,ethernet19/1,lvl021082703033,nic1.port1,50,4,0,0,lvl02-0101-0827-03t0:ethernet19/1 -> lvl021082703033:nic1.port1,lvl021082703033:nic1.port1 -> lvl02-0101-0827-03t0:ethernet19/1,1
2026-09-04 05:27:00.0000000,lvl02-0101-0827-03t0,ethernet19/1,lvl021082703033,nic1.port1,50,6,0,0,lvl02-0101-0827-03t0:ethernet19/1 -> lvl021082703033:nic1.port1,lvl021082703033:nic1.port1 -> lvl02-0101-0827-03t0:ethernet19/1,1
2026-09-04 05:27:00.0000000,lvl02-0101-0827-03t0,ethernet2/1,lvl021082703003,nic1.port1,50,2,0,0,lvl02-0101-0827-03t0:ethernet2/1 -> lvl021082703003:nic1.port1,lvl021082703003:nic1.port1 -> lvl02-0101-0827-03t0:ethernet2/1,1
2026-09-04 05:27:00.0000000,lvl02-0101-0827-03t0,ethernet2/1,lvl021082703003,nic1.port1,50,3,0,0,lvl02-0101-0827-03t0:ethernet2/1 -> lvl021082703003:nic1.port1,lvl021082703003:nic1.port1 -> lvl02-0101-0827-03t0:ethernet2/1,1
2026-09-04 05:27:00.0000000,lvl02-0101-0827-03t0,ethernet2/1,lvl021082703003,nic1.port1,50,4,0,0,lvl02-0101-0827-03t0:ethernet2/1 -> lvl021082703003:nic1.port1,lvl021082703003:nic1.port1 -> lvl02-0101-0827-03t0:ethernet2/1,1
2026-09-04 05:27:00.0000000,lvl02-0101-0827-03t0,ethernet2/1,lvl021082703003,nic1.port1,50,6,0,0,lvl02-0101-0827-03t0:ethernet2/1 -> lvl021082703003:nic1.port1,lvl021082703003:nic1.port1 -> lvl02-0101-0827-03t0:ethernet2/1,1
2026-09-04 05:27:00.0000000,lvl02-0101-0827-03t0,ethernet21/1,lvl021082703037,nic1.port1,50,2,0,0,lvl02-0101-0827-03t0:ethernet21/1 -> lvl021082703037:nic1.port1,lvl021082703037:nic1.port1 -> lvl02-0101-0827-03t0:ethernet21/1,1
2026-09-04 05:27:00.0000000,lvl02-0101-0827-03t0,ethernet21/1,lvl021082703037,nic1.port1,50,3,0,0,lvl02-0101-0827-03t0:ethernet21/1 -> lvl021082703037:nic1.port1,lvl021082703037:nic1.port1 -> lvl02-0101-0827-03t0:ethernet21/1,1
2026-09-04 05:27:00.0000000,lvl02-0101-0827-03t0,ethernet21/1,lvl021082703037,nic1.port1,50,4,0,0,lvl02-0101-0827-03t0:ethernet21/1 -> lvl021082703037:nic1.port1,lvl021082703037:nic1.port1 -> lvl02-0101-0827-03t0:ethernet21/1,1
2026-09-04 05:27:00.0000000,lvl02-0101-0827-03t0,ethernet21/1,lvl021082703037,nic1.port1,50,6,0,0,lvl02-0101-0827-03t0:ethernet21/1 -> lvl021082703037:nic1.port1,lvl021082703037:nic1.port1 -> lvl02-0101-0827-03t0:ethernet21/1,1
2026-09-04 05:27:00.0000000,lvl02-0101-0827-03t0,ethernet27/1,lvl021082703045,nic1.port1,50,2,0,0,lvl02-0101-0827-03t0:ethernet27/1 -> lvl021082703045:nic1.port1,lvl021082703045:nic1.port1 -> lvl02-0101-0827-03t0:ethernet27/1,1
2026-09-04 05:27:00.0000000,lvl02-0101-0827-03t0,ethernet27/1,lvl021082703045,nic1.port1,50,3,0,0,lvl02-0101-0827-03t0:ethernet27/1 -> lvl021082703045:nic1.port1,lvl021082703045:nic1.port1 -> lvl02-0101-0827-03t0:ethernet27/1,1
2026-09-04 05:27:00.0000000,lvl02-0101-0827-03t0,ethernet27/1,lvl021082703045,nic1.port1,50,4,0,0,lvl02-0101-0827-03t0:ethernet27/1 -> lvl021082703045:nic1.port1,lvl021082703045:nic1.port1 -> lvl02-0101-0827-03t0:ethernet27/1,1
2026-09-04 05:27:00.0000000,lvl02-0101-0827-03t0,ethernet27/1,lvl021082703045,nic1.port1,50,6,0,0,lvl02-0101-0827-03t0:ethernet27/1 -> lvl021082703045:nic1.port1,lvl021082703045:nic1.port1 -> lvl02-0101-0827-03t0:ethernet27/1,1
2026-09-04 05:27:00.0000000,lvl02-0101-0827-03t0,ethernet29/1,lvl021082703049,nic1.port1,50,2,0,0,lvl02-0101-0827-03t0:ethernet29/1 -> lvl021082703049:nic1.port1,lvl021082703049:nic1.port1 -> lvl02-0101-0827-03t0:ethernet29/1,1
2026-09-04 05:27:00.0000000,lvl02-0101-0827-03t0,ethernet29/1,lvl021082703049,nic1.port1,50,3,0,0,lvl02-0101-0827-03t0:ethernet29/1 -> lvl021082703049:nic1.port1,lvl021082703049:nic1.port1 -> lvl02-0101-0827-03t0:ethernet29/1,1
2026-09-04 05:27:00.0000000,lvl02-0101-0827-03t0,ethernet29/1,lvl021082703049,nic1.port1,50,4,0,0,lvl02-0101-0827-03t0:ethernet29/1 -> lvl021082703049:nic1.port1,lvl021082703049:nic1.port1 -> lvl02-0101-0827-03t0:ethernet29/1,1
2026-09-04 05:27:00.0000000,lvl02-0101-0827-03t0,ethernet29/1,lvl021082703049,nic1.port1,50,6,0,0,lvl02-0101-0827-03t0:ethernet29/1 -> lvl021082703049:nic1.port1,lvl021082703049:nic1.port1 -> lvl02-0101-0827-03t0:ethernet29/1,1
2026-09-04 05:27:00.0000000,lvl02-0101-0827-03t0,ethernet31/1,lvl021082703053,nic1.port1,50,2,0,0,lvl02-0101-0827-03t0:ethernet31/1 -> lvl021082703053:nic1.port1,lvl021082703053:nic1.port1 -> lvl02-0101-0827-03t0:ethernet31/1,1
2026-09-04 05:27:00.0000000,lvl02-0101-0827-03t0,ethernet31/1,lvl021082703053,nic1.port1,50,3,0,6,lvl02-0101-0827-03t0:ethernet31/1 -> lvl021082703053:nic1.port1,lvl021082703053:nic1.port1 -> lvl02-0101-0827-03t0:ethernet31/1,1
2026-09-04 05:27:00.0000000,lvl02-0101-0827-03t0,ethernet31/1,lvl021082703053,nic1.port1,50,4,0,6,lvl02-0101-0827-03t0:ethernet31/1 -> lvl021082703053:nic1.port1,lvl021082703053:nic1.port1 -> lvl02-0101-0827-03t0:ethernet31/1,1
2026-09-04 05:27:00.0000000,lvl02-0101-0827-03t0,ethernet31/1,lvl021082703053,nic1.port1,50,6,0,0,lvl02-0101-0827-03t0:ethernet31/1 -> lvl021082703053:nic1.port1,lvl021082703053:nic1.port1 -> lvl02-0101-0827-03t0:ethernet31/1,1
2026-09-04 05:27:00.0000000,lvl02-0101-0827-03t0,ethernet4/1,lvl021082703007,nic1.port1,50,2,0,0,lvl02-0101-0827-03t0:ethernet4/1 -> lvl021082703007:nic1.port1,lvl021082703007:nic1.port1 -> lvl02-0101-0827-03t0:ethernet4/1,1
2026-09-04 05:27:00.0000000,lvl02-0101-0827-03t0,ethernet4/1,lvl021082703007,nic1.port1,50,3,0,0,lvl02-0101-0827-03t0:ethernet4/1 -> lvl021082703007:nic1.port1,lvl021082703007:nic1.port1 -> lvl02-0101-0827-03t0:ethernet4/1,1
2026-09-04 05:27:00.0000000,lvl02-0101-0827-03t0,ethernet4/1,lvl021082703007,nic1.port1,50,4,0,0,lvl02-0101-0827-03t0:ethernet4/1 -> lvl021082703007:nic1.port1,lvl021082703007:nic1.port1 -> lvl02-0101-0827-03t0:ethernet4/1,1
2026-09-04 05:27:00.0000000,lvl02-0101-0827-03t0,ethernet4/1,lvl021082703007,nic1.port1,50,6,0,0,lvl02-0101-0827-03t0:ethernet4/1 -> lvl021082703007:nic1.port1,lvl021082703007:nic1.port1 -> lvl02-0101-0827-03t0:ethernet4/1,1
2026-09-04 05:31:00.0000000,lvl02-0101-0827-03lt0,ethernet12/1,lvl021082703019,nic1.port1,50,2,0,0,lvl02-0101-0827-03lt0:ethernet12/1 -> lvl021082703019:nic1.port1,lvl021082703019:nic1.port1 -> lvl02-0101-0827-03lt0:ethernet12/1,1
2026-09-04 05:31:00.0000000,lvl02-0101-0827-03lt0,ethernet12/1,lvl021082703019,nic1.port1,50,3,0,2,lvl02-0101-0827-03lt0:ethernet12/1 -> lvl021082703019:nic1.port1,lvl021082703019:nic1.port1 -> lvl02-0101-0827-03lt0:ethernet12/1,1
2026-09-04 05:31:00.0000000,lvl02-0101-0827-03lt0,ethernet12/1,lvl021082703019,nic1.port1,50,4,0,2,lvl02-0101-0827-03lt0:ethernet12/1 -> lvl021082703019:nic1.port1,lvl021082703019:nic1.port1 -> lvl02-0101-0827-03lt0:ethernet12/1,1
2026-09-04 05:31:00.0000000,lvl02-0101-0827-03lt0,ethernet12/1,lvl021082703019,nic1.port1,50,6,0,0,lvl02-0101-0827-03lt0:ethernet12/1 -> lvl021082703019:nic1.port1,lvl021082703019:nic1.port1 -> lvl02-0101-0827-03lt0:ethernet12/1,1
2026-09-04 05:31:00.0000000,lvl02-0101-0827-03lt0,ethernet14/1,lvl021082703023,nic1.port1,50,2,0,0,lvl02-0101-0827-03lt0:ethernet14/1 -> lvl021082703023:nic1.port1,lvl021082703023:nic1.port1 -> lvl02-0101-0827-03lt0:ethernet14/1,1
2026-09-04 05:31:00.0000000,lvl02-0101-0827-03lt0,ethernet14/1,lvl021082703023,nic1.port1,50,3,0,0,lvl02-0101-0827-03lt0:ethernet14/1 -> lvl021082703023:nic1.port1,lvl021082703023:nic1.port1 -> lvl02-0101-0827-03lt0:ethernet14/1,1
2026-09-04 05:31:00.0000000,lvl02-0101-0827-03lt0,ethernet14/1,lvl021082703023,nic1.port1,50,4,0,0,lvl02-0101-0827-03lt0:ethernet14/1 -> lvl021082703023:nic1.port1,lvl021082703023:nic1.port1 -> lvl02-0101-0827-03lt0:ethernet14/1,1
2026-09-04 05:31:00.0000000,lvl02-0101-0827-03lt0,ethernet14/1,lvl021082703023,nic1.port1,50,6,0,0,lvl02-0101-0827-03lt0:ethernet14/1 -> lvl021082703023:nic1.port1,lvl021082703023:nic1.port1 -> lvl02-0101-0827-03lt0:ethernet14/1,1
2026-09-04 05:31:00.0000000,lvl02-0101-0827-03lt0,ethernet15/1,lvl021082703025,nic1.port1,50,2,0,0,lvl02-0101-0827-03lt0:ethernet15/1 -> lvl021082703025:nic1.port1,lvl021082703025:nic1.port1 -> lvl02-0101-0827-03lt0:ethernet15/1,1
2026-09-04 05:31:00.0000000,lvl02-0101-0827-03lt0,ethernet15/1,lvl021082703025,nic1.port1,50,3,0,0,lvl02-0101-0827-03lt0:ethernet15/1 -> lvl021082703025:nic1.port1,lvl021082703025:nic1.port1 -> lvl02-0101-0827-03lt0:ethernet15/1,1
2026-09-04 05:31:00.0000000,lvl02-0101-0827-03lt0,ethernet15/1,lvl021082703025,nic1.port1,50,4,0,0,lvl02-0101-0827-03lt0:ethernet15/1 -> lvl021082703025:nic1.port1,lvl021082703025:nic1.port1 -> lvl02-0101-0827-03lt0:ethernet15/1,1
2026-09-04 05:31:00.0000000,lvl02-0101-0827-03lt0,ethernet15/1,lvl021082703025,nic1.port1,50,6,0,0,lvl02-0101-0827-03lt0:ethernet15/1 -> lvl021082703025:nic1.port1,lvl021082703025:nic1.port1 -> lvl02-0101-0827-03lt0:ethernet15/1,1
2026-09-04 05:31:00.0000000,lvl02-0101-0827-03lt0,ethernet18/1,lvl021082703031,nic1.port1,50,2,0,0,lvl02-0101-0827-03lt0:ethernet18/1 -> lvl021082703031:nic1.port1,lvl021082703031:nic1.port1 -> lvl02-0101-0827-03lt0:ethernet18/1,1
2026-09-04 05:31:00.0000000,lvl02-0101-0827-03lt0,ethernet18/1,lvl021082703031,nic1.port1,50,3,0,0,lvl02-0101-0827-03lt0:ethernet18/1 -> lvl021082703031:nic1.port1,lvl021082703031:nic1.port1 -> lvl02-0101-0827-03lt0:ethernet18/1,1
2026-09-04 05:31:00.0000000,lvl02-0101-0827-03lt0,ethernet18/1,lvl021082703031,nic1.port1,50,4,0,0,lvl02-0101-0827-03lt0:ethernet18/1 -> lvl021082703031:nic1.port1,lvl021082703031:nic1.port1 -> lvl02-0101-0827-03lt0:ethernet18/1,1
2026-09-04 05:31:00.0000000,lvl02-0101-0827-03lt0,ethernet18/1,lvl021082703031,nic1.port1,50,6,0,0,lvl02-0101-0827-03lt0:ethernet18/1 -> lvl021082703031:nic1.port1,lvl021082703031:nic1.port1 -> lvl02-0101-0827-03lt0:ethernet18/1,1
2026-09-04 05:31:00.0000000,lvl02-0101-0827-03lt0,ethernet19/1,lvl021082703033,nic1.port1,50,2,0,0,lvl02-0101-0827-03lt0:ethernet19/1 -> lvl021082703033:nic1.port1,lvl021082703033:nic1.port1 -> lvl02-0101-0827-03lt0:ethernet19/1,1
2026-09-04 05:31:00.0000000,lvl02-0101-0827-03lt0,ethernet19/1,lvl021082703033,nic1.port1,50,3,0,0,lvl02-0101-0827-03lt0:ethernet19/1 -> lvl021082703033:nic1.port1,lvl021082703033:nic1.port1 -> lvl02-0101-0827-03lt0:ethernet19/1,1
2026-09-04 05:31:00.0000000,lvl02-0101-0827-03lt0,ethernet19/1,lvl021082703033,nic1.port1,50,4,0,0,lvl02-0101-0827-03lt0:ethernet19/1 -> lvl021082703033:nic1.port1,lvl021082703033:nic1.port1 -> lvl02-0101-0827-03lt0:ethernet19/1,1
2026-09-04 05:31:00.0000000,lvl02-0101-0827-03lt0,ethernet19/1,lvl021082703033,nic1.port1,50,6,0,0,lvl02-0101-0827-03lt0:ethernet19/1 -> lvl021082703033:nic1.port1,lvl021082703033:nic1.port1 -> lvl02-0101-0827-03lt0:ethernet19/1,1
2026-09-04 05:31:00.0000000,lvl02-0101-0827-03lt0,ethernet2/1,lvl021082703003,nic1.port1,50,2,0,0,lvl02-0101-0827-03lt0:ethernet2/1 -> lvl021082703003:nic1.port1,lvl021082703003:nic1.port1 -> lvl02-0101-0827-03lt0:ethernet2/1,1
2026-09-04 05:31:00.0000000,lvl02-0101-0827-03lt0,ethernet2/1,lvl021082703003,nic1.port1,50,3,0,0,lvl02-0101-0827-03lt0:ethernet2/1 -> lvl021082703003:nic1.port1,lvl021082703003:nic1.port1 -> lvl02-0101-0827-03lt0:ethernet2/1,1
2026-09-04 05:31:00.0000000,lvl02-0101-0827-03lt0,ethernet2/1,lvl021082703003,nic1.port1,50,4,0,0,lvl02-0101-0827-03lt0:ethernet2/1 -> lvl021082703003:nic1.port1,lvl021082703003:nic1.port1 -> lvl02-0101-0827-03lt0:ethernet2/1,1
2026-09-04 05:31:00.0000000,lvl02-0101-0827-03lt0,ethernet2/1,lvl021082703003,nic1.port1,50,6,0,0,lvl02-0101-0827-03lt0:ethernet2/1 -> lvl021082703003:nic1.port1,lvl021082703003:nic1.port1 -> lvl02-0101-0827-03lt0:ethernet2/1,1
2026-09-04 05:31:00.0000000,lvl02-0101-0827-03lt0,ethernet21/1,lvl021082703037,nic1.port1,50,2,0,0,lvl02-0101-0827-03lt0:ethernet21/1 -> lvl021082703037:nic1.port1,lvl021082703037:nic1.port1 -> lvl02-0101-0827-03lt0:ethernet21/1,1
2026-09-04 05:31:00.0000000,lvl02-0101-0827-03lt0,ethernet21/1,lvl021082703037,nic1.port1,50,3,0,0,lvl02-0101-0827-03lt0:ethernet21/1 -> lvl021082703037:nic1.port1,lvl021082703037:nic1.port1 -> lvl02-0101-0827-03lt0:ethernet21/1,1
2026-09-04 05:31:00.0000000,lvl02-0101-0827-03lt0,ethernet21/1,lvl021082703037,nic1.port1,50,4,0,0,lvl02-0101-0827-03lt0:ethernet21/1 -> lvl021082703037:nic1.port1,lvl021082703037:nic1.port1 -> lvl02-0101-0827-03lt0:ethernet21/1,1
2026-09-04 05:31:00.0000000,lvl02-0101-0827-03lt0,ethernet21/1,lvl021082703037,nic1.port1,50,6,0,0,lvl02-0101-0827-03lt0:ethernet21/1 -> lvl021082703037:nic1.port1,lvl021082703037:nic1.port1 -> lvl02-0101-0827-03lt0:ethernet21/1,1
2026-09-04 05:31:00.0000000,lvl02-0101-0827-03lt0,ethernet27/1,lvl021082703045,nic1.port1,50,2,0,0,lvl02-0101-0827-03lt0:ethernet27/1 -> lvl021082703045:nic1.port1,lvl021082703045:nic1.port1 -> lvl02-0101-0827-03lt0:ethernet27/1,1
2026-09-04 05:31:00.0000000,lvl02-0101-0827-03lt0,ethernet27/1,lvl021082703045,nic1.port1,50,3,0,58,lvl02-0101-0827-03lt0:ethernet27/1 -> lvl021082703045:nic1.port1,lvl021082703045:nic1.port1 -> lvl02-0101-0827-03lt0:ethernet27/1,1
2026-09-04 05:31:00.0000000,lvl02-0101-0827-03lt0,ethernet27/1,lvl021082703045,nic1.port1,50,4,0,58,lvl02-0101-0827-03lt0:ethernet27/1 -> lvl021082703045:nic1.port1,lvl021082703045:nic1.port1 -> lvl02-0101-0827-03lt0:ethernet27/1,1
2026-09-04 05:31:00.0000000,lvl02-0101-0827-03lt0,ethernet27/1,lvl021082703045,nic1.port1,50,6,0,0,lvl02-0101-0827-03lt0:ethernet27/1 -> lvl021082703045:nic1.port1,lvl021082703045:nic1.port1 -> lvl02-0101-0827-03lt0:ethernet27/1,1
2026-09-04 05:31:00.0000000,lvl02-0101-0827-03lt0,ethernet29/1,lvl021082703049,nic1.port1,50,2,0,0,lvl02-0101-0827-03lt0:ethernet29/1 -> lvl021082703049:nic1.port1,lvl021082703049:nic1.port1 -> lvl02-0101-0827-03lt0:ethernet29/1,1
2026-09-04 05:31:00.0000000,lvl02-0101-0827-03lt0,ethernet29/1,lvl021082703049,nic1.port1,50,3,0,0,lvl02-0101-0827-03lt0:ethernet29/1 -> lvl021082703049:nic1.port1,lvl021082703049:nic1.port1 -> lvl02-0101-0827-03lt0:ethernet29/1,1
2026-09-04 05:31:00.0000000,lvl02-0101-0827-03lt0,ethernet29/1,lvl021082703049,nic1.port1,50,4,0,0,lvl02-0101-0827-03lt0:ethernet29/1 -> lvl021082703049:nic1.port1,lvl021082703049:nic1.port1 -> lvl02-0101-0827-03lt0:ethernet29/1,1
2026-09-04 05:31:00.0000000,lvl02-0101-0827-03lt0,ethernet29/1,lvl021082703049,nic1.port1,50,6,0,0,lvl02-0101-0827-03lt0:ethernet29/1 -> lvl021082703049:nic1.port1,lvl021082703049:nic1.port1 -> lvl02-0101-0827-03lt0:ethernet29/1,1
2026-09-04 05:31:00.0000000,lvl02-0101-0827-03lt0,ethernet31/1,lvl021082703053,nic1.port1,50,2,0,0,lvl02-0101-0827-03lt0:ethernet31/1 -> lvl021082703053:nic1.port1,lvl021082703053:nic1.port1 -> lvl02-0101-0827-03lt0:ethernet31/1,1
2026-09-04 05:31:00.0000000,lvl02-0101-0827-03lt0,ethernet31/1,lvl021082703053,nic1.port1,50,3,0,82,lvl02-0101-0827-03lt0:ethernet31/1 -> lvl021082703053:nic1.port1,lvl021082703053:nic1.port1 -> lvl02-0101-0827-03lt0:ethernet31/1,1
2026-09-04 05:31:00.0000000,lvl02-0101-0827-03lt0,ethernet31/1,lvl021082703053,nic1.port1,50,4,0,82,lvl02-0101-0827-03lt0:ethernet31/1 -> lvl021082703053:nic1.port1,lvl021082703053:nic1.port1 -> lvl02-0101-0827-03lt0:ethernet31/1,1
2026-09-04 05:31:00.0000000,lvl02-0101-0827-03lt0,ethernet31/1,lvl021082703053,nic1.port1,50,6,0,0,lvl02-0101-0827-03lt0:ethernet31/1 -> lvl021082703053:nic1.port1,lvl021082703053:nic1.port1 -> lvl02-0101-0827-03lt0:ethernet31/1,1
2026-09-04 05:31:00.0000000,lvl02-0101-0827-03lt0,ethernet4/1,lvl021082703007,nic1.port1,50,2,0,0,lvl02-0101-0827-03lt0:ethernet4/1 -> lvl021082703007:nic1.port1,lvl021082703007:nic1.port1 -> lvl02-0101-0827-03lt0:ethernet4/1,1
2026-09-04 05:31:00.0000000,lvl02-0101-0827-03lt0,ethernet4/1,lvl021082703007,nic1.port1,50,3,0,0,lvl02-0101-0827-03lt0:ethernet4/1 -> lvl021082703007:nic1.port1,lvl021082703007:nic1.port1 -> lvl02-0101-0827-03lt0:ethernet4/1,1
2026-09-04 05:31:00.0000000,lvl02-0101-0827-03lt0,ethernet4/1,lvl021082703007,nic1.port1,50,4,0,0,lvl02-0101-0827-03lt0:ethernet4/1 -> lvl021082703007:nic1.port1,lvl021082703007:nic1.port1 -> lvl02-0101-0827-03lt0:ethernet4/1,1
2026-09-04 05:31:00.0000000,lvl02-0101-0827-03lt0,ethernet4/1,lvl021082703007,nic1.port1,50,6,0,0,lvl02-0101-0827-03lt0:ethernet4/1 -> lvl021082703007:nic1.port1,lvl021082703007:nic1.port1 -> lvl02-0101-0827-03lt0:ethernet4/1,1
2026-09-04 05:32:00.0000000,lvl02-0101-0827-03t0,ethernet12/1,lvl021082703019,nic1.port1,50,2,0,0,lvl02-0101-0827-03t0:ethernet12/1 -> lvl021082703019:nic1.port1,lvl021082703019:nic1.port1 -> lvl02-0101-0827-03t0:ethernet12/1,1
2026-09-04 05:32:00.0000000,lvl02-0101-0827-03t0,ethernet12/1,lvl021082703019,nic1.port1,50,3,0,2,lvl02-0101-0827-03t0:ethernet12/1 -> lvl021082703019:nic1.port1,lvl021082703019:nic1.port1 -> lvl02-0101-0827-03t0:ethernet12/1,1
2026-09-04 05:32:00.0000000,lvl02-0101-0827-03t0,ethernet12/1,lvl021082703019,nic1.port1,50,4,0,2,lvl02-0101-0827-03t0:ethernet12/1 -> lvl021082703019:nic1.port1,lvl021082703019:nic1.port1 -> lvl02-0101-0827-03t0:ethernet12/1,1
2026-09-04 05:32:00.0000000,lvl02-0101-0827-03t0,ethernet12/1,lvl021082703019,nic1.port1,50,6,0,0,lvl02-0101-0827-03t0:ethernet12/1 -> lvl021082703019:nic1.port1,lvl021082703019:nic1.port1 -> lvl02-0101-0827-03t0:ethernet12/1,1
2026-09-04 05:32:00.0000000,lvl02-0101-0827-03t0,ethernet14/1,lvl021082703023,nic1.port1,50,2,0,0,lvl02-0101-0827-03t0:ethernet14/1 -> lvl021082703023:nic1.port1,lvl021082703023:nic1.port1 -> lvl02-0101-0827-03t0:ethernet14/1,1
2026-09-04 05:32:00.0000000,lvl02-0101-0827-03t0,ethernet14/1,lvl021082703023,nic1.port1,50,3,0,0,lvl02-0101-0827-03t0:ethernet14/1 -> lvl021082703023:nic1.port1,lvl021082703023:nic1.port1 -> lvl02-0101-0827-03t0:ethernet14/1,1
2026-09-04 05:32:00.0000000,lvl02-0101-0827-03t0,ethernet14/1,lvl021082703023,nic1.port1,50,4,0,0,lvl02-0101-0827-03t0:ethernet14/1 -> lvl021082703023:nic1.port1,lvl021082703023:nic1.port1 -> lvl02-0101-0827-03t0:ethernet14/1,1
2026-09-04 05:32:00.0000000,lvl02-0101-0827-03t0,ethernet14/1,lvl021082703023,nic1.port1,50,6,0,0,lvl02-0101-0827-03t0:ethernet14/1 -> lvl021082703023:nic1.port1,lvl021082703023:nic1.port1 -> lvl02-0101-0827-03t0:ethernet14/1,1
2026-09-04 05:32:00.0000000,lvl02-0101-0827-03t0,ethernet15/1,lvl021082703025,nic1.port1,50,2,0,0,lvl02-0101-0827-03t0:ethernet15/1 -> lvl021082703025:nic1.port1,lvl021082703025:nic1.port1 -> lvl02-0101-0827-03t0:ethernet15/1,1
2026-09-04 05:32:00.0000000,lvl02-0101-0827-03t0,ethernet15/1,lvl021082703025,nic1.port1,50,3,0,0,lvl02-0101-0827-03t0:ethernet15/1 -> lvl021082703025:nic1.port1,lvl021082703025:nic1.port1 -> lvl02-0101-0827-03t0:ethernet15/1,1
2026-09-04 05:32:00.0000000,lvl02-0101-0827-03t0,ethernet15/1,lvl021082703025,nic1.port1,50,4,0,0,lvl02-0101-0827-03t0:ethernet15/1 -> lvl021082703025:nic1.port1,lvl021082703025:nic1.port1 -> lvl02-0101-0827-03t0:ethernet15/1,1
2026-09-04 05:32:00.0000000,lvl02-0101-0827-03t0,ethernet15/1,lvl021082703025,nic1.port1,50,6,0,0,lvl02-0101-0827-03t0:ethernet15/1 -> lvl021082703025:nic1.port1,lvl021082703025:nic1.port1 -> lvl02-0101-0827-03t0:ethernet15/1,1
2026-09-04 05:32:00.0000000,lvl02-0101-0827-03t0,ethernet18/1,lvl021082703031,nic1.port1,50,2,0,0,lvl02-0101-0827-03t0:ethernet18/1 -> lvl021082703031:nic1.port1,lvl021082703031:nic1.port1 -> lvl02-0101-0827-03t0:ethernet18/1,1
2026-09-04 05:32:00.0000000,lvl02-0101-0827-03t0,ethernet18/1,lvl021082703031,nic1.port1,50,3,0,0,lvl02-0101-0827-03t0:ethernet18/1 -> lvl021082703031:nic1.port1,lvl021082703031:nic1.port1 -> lvl02-0101-0827-03t0:ethernet18/1,1
2026-09-04 05:32:00.0000000,lvl02-0101-0827-03t0,ethernet18/1,lvl021082703031,nic1.port1,50,4,0,0,lvl02-0101-0827-03t0:ethernet18/1 -> lvl021082703031:nic1.port1,lvl021082703031:nic1.port1 -> lvl02-0101-0827-03t0:ethernet18/1,1
2026-09-04 05:32:00.0000000,lvl02-0101-0827-03t0,ethernet18/1,lvl021082703031,nic1.port1,50,6,0,0,lvl02-0101-0827-03t0:ethernet18/1 -> lvl021082703031:nic1.port1,lvl021082703031:nic1.port1 -> lvl02-0101-0827-03t0:ethernet18/1,1
2026-09-04 05:32:00.0000000,lvl02-0101-0827-03t0,ethernet19/1,lvl021082703033,nic1.port1,50,2,0,0,lvl02-0101-0827-03t0:ethernet19/1 -> lvl021082703033:nic1.port1,lvl021082703033:nic1.port1 -> lvl02-0101-0827-03t0:ethernet19/1,1
2026-09-04 05:32:00.0000000,lvl02-0101-0827-03t0,ethernet19/1,lvl021082703033,nic1.port1,50,3,0,0,lvl02-0101-0827-03t0:ethernet19/1 -> lvl021082703033:nic1.port1,lvl021082703033:nic1.port1 -> lvl02-0101-0827-03t0:ethernet19/1,1
2026-09-04 05:32:00.0000000,lvl02-0101-0827-03t0,ethernet19/1,lvl021082703033,nic1.port1,50,4,0,0,lvl02-0101-0827-03t0:ethernet19/1 -> lvl021082703033:nic1.port1,lvl021082703033:nic1.port1 -> lvl02-0101-0827-03t0:ethernet19/1,1
2026-09-04 05:32:00.0000000,lvl02-0101-0827-03t0,ethernet19/1,lvl021082703033,nic1.port1,50,6,0,0,lvl02-0101-0827-03t0:ethernet19/1 -> lvl021082703033:nic1.port1,lvl021082703033:nic1.port1 -> lvl02-0101-0827-03t0:ethernet19/1,1
2026-09-04 05:32:00.0000000,lvl02-0101-0827-03t0,ethernet2/1,lvl021082703003,nic1.port1,50,2,0,0,lvl02-0101-0827-03t0:ethernet2/1 -> lvl021082703003:nic1.port1,lvl021082703003:nic1.port1 -> lvl02-0101-0827-03t0:ethernet2/1,1
2026-09-04 05:32:00.0000000,lvl02-0101-0827-03t0,ethernet2/1,lvl021082703003,nic1.port1,50,3,0,0,lvl02-0101-0827-03t0:ethernet2/1 -> lvl021082703003:nic1.port1,lvl021082703003:nic1.port1 -> lvl02-0101-0827-03t0:ethernet2/1,1
2026-09-04 05:32:00.0000000,lvl02-0101-0827-03t0,ethernet2/1,lvl021082703003,nic1.port1,50,4,0,0,lvl02-0101-0827-03t0:ethernet2/1 -> lvl021082703003:nic1.port1,lvl021082703003:nic1.port1 -> lvl02-0101-0827-03t0:ethernet2/1,1
2026-09-04 05:32:00.0000000,lvl02-0101-0827-03t0,ethernet2/1,lvl021082703003,nic1.port1,50,6,0,0,lvl02-0101-0827-03t0:ethernet2/1 -> lvl021082703003:nic1.port1,lvl021082703003:nic1.port1 -> lvl02-0101-0827-03t0:ethernet2/1,1
2026-09-04 05:32:00.0000000,lvl02-0101-0827-03t0,ethernet21/1,lvl021082703037,nic1.port1,50,2,0,0,lvl02-0101-0827-03t0:ethernet21/1 -> lvl021082703037:nic1.port1,lvl021082703037:nic1.port1 -> lvl02-0101-0827-03t0:ethernet21/1,1
2026-09-04 05:32:00.0000000,lvl02-0101-0827-03t0,ethernet21/1,lvl021082703037,nic1.port1,50,3,0,0,lvl02-0101-0827-03t0:ethernet21/1 -> lvl021082703037:nic1.port1,lvl021082703037:nic1.port1 -> lvl02-0101-0827-03t0:ethernet21/1,1
2026-09-04 05:32:00.0000000,lvl02-0101-0827-03t0,ethernet21/1,lvl021082703037,nic1.port1,50,4,0,0,lvl02-0101-0827-03t0:ethernet21/1 -> lvl021082703037:nic1.port1,lvl021082703037:nic1.port1 -> lvl02-0101-0827-03t0:ethernet21/1,1
2026-09-04 05:32:00.0000000,lvl02-0101-0827-03t0,ethernet21/1,lvl021082703037,nic1.port1,50,6,0,0,lvl02-0101-0827-03t0:ethernet21/1 -> lvl021082703037:nic1.port1,lvl021082703037:nic1.port1 -> lvl02-0101-0827-03t0:ethernet21/1,1
2026-09-04 05:32:00.0000000,lvl02-0101-0827-03t0,ethernet27/1,lvl021082703045,nic1.port1,50,2,0,0,lvl02-0101-0827-03t0:ethernet27/1 -> lvl021082703045:nic1.port1,lvl021082703045:nic1.port1 -> lvl02-0101-0827-03t0:ethernet27/1,1
2026-09-04 05:32:00.0000000,lvl02-0101-0827-03t0,ethernet27/1,lvl021082703045,nic1.port1,50,3,0,58,lvl02-0101-0827-03t0:ethernet27/1 -> lvl021082703045:nic1.port1,lvl021082703045:nic1.port1 -> lvl02-0101-0827-03t0:ethernet27/1,1
2026-09-04 05:32:00.0000000,lvl02-0101-0827-03t0,ethernet27/1,lvl021082703045,nic1.port1,50,4,0,58,lvl02-0101-0827-03t0:ethernet27/1 -> lvl021082703045:nic1.port1,lvl021082703045:nic1.port1 -> lvl02-0101-0827-03t0:ethernet27/1,1
2026-09-04 05:32:00.0000000,lvl02-0101-0827-03t0,ethernet27/1,lvl021082703045,nic1.port1,50,6,0,0,lvl02-0101-0827-03t0:ethernet27/1 -> lvl021082703045:nic1.port1,lvl021082703045:nic1.port1 -> lvl02-0101-0827-03t0:ethernet27/1,1
2026-09-04 05:32:00.0000000,lvl02-0101-0827-03t0,ethernet29/1,lvl021082703049,nic1.port1,50,2,0,0,lvl02-0101-0827-03t0:ethernet29/1 -> lvl021082703049:nic1.port1,lvl021082703049:nic1.port1 -> lvl02-0101-0827-03t0:ethernet29/1,1
2026-09-04 05:32:00.0000000,lvl02-0101-0827-03t0,ethernet29/1,lvl021082703049,nic1.port1,50,3,0,0,lvl02-0101-0827-03t0:ethernet29/1 -> lvl021082703049:nic1.port1,lvl021082703049:nic1.port1 -> lvl02-0101-0827-03t0:ethernet29/1,1
2026-09-04 05:32:00.0000000,lvl02-0101-0827-03t0,ethernet29/1,lvl021082703049,nic1.port1,50,4,0,0,lvl02-0101-0827-03t0:ethernet29/1 -> lvl021082703049:nic1.port1,lvl021082703049:nic1.port1 -> lvl02-0101-0827-03t0:ethernet29/1,1
2026-09-04 05:32:00.0000000,lvl02-0101-0827-03t0,ethernet29/1,lvl021082703049,nic1.port1,50,6,0,0,lvl02-0101-0827-03t0:ethernet29/1 -> lvl021082703049:nic1.port1,lvl021082703049:nic1.port1 -> lvl02-0101-0827-03t0:ethernet29/1,1
2026-09-04 05:32:00.0000000,lvl02-0101-0827-03t0,ethernet31/1,lvl021082703053,nic1.port1,50,2,0,0,lvl02-0101-0827-03t0:ethernet31/1 -> lvl021082703053:nic1.port1,lvl021082703053:nic1.port1 -> lvl02-0101-0827-03t0:ethernet31/1,1
2026-09-04 05:32:00.0000000,lvl02-0101-0827-03t0,ethernet31/1,lvl021082703053,nic1.port1,50,3,0,76,lvl02-0101-0827-03t0:ethernet31/1 -> lvl021082703053:nic1.port1,lvl021082703053:nic1.port1 -> lvl02-0101-0827-03t0:ethernet31/1,1
2026-09-04 05:32:00.0000000,lvl02-0101-0827-03t0,ethernet31/1,lvl021082703053,nic1.port1,50,4,0,76,lvl02-0101-0827-03t0:ethernet31/1 -> lvl021082703053:nic1.port1,lvl021082703053:nic1.port1 -> lvl02-0101-0827-03t0:ethernet31/1,1
2026-09-04 05:32:00.0000000,lvl02-0101-0827-03t0,ethernet31/1,lvl021082703053,nic1.port1,50,6,0,0,lvl02-0101-0827-03t0:ethernet31/1 -> lvl021082703053:nic1.port1,lvl021082703053:nic1.port1 -> lvl02-0101-0827-03t0:ethernet31/1,1
2026-09-04 05:32:00.0000000,lvl02-0101-0827-03t0,ethernet4/1,lvl021082703007,nic1.port1,50,2,0,0,lvl02-0101-0827-03t0:ethernet4/1 -> lvl021082703007:nic1.port1,lvl021082703007:nic1.port1 -> lvl02-0101-0827-03t0:ethernet4/1,1
2026-09-04 05:32:00.0000000,lvl02-0101-0827-03t0,ethernet4/1,lvl021082703007,nic1.port1,50,3,0,0,lvl02-0101-0827-03t0:ethernet4/1 -> lvl021082703007:nic1.port1,lvl021082703007:nic1.port1 -> lvl02-0101-0827-03t0:ethernet4/1,1
2026-09-04 05:32:00.0000000,lvl02-0101-0827-03t0,ethernet4/1,lvl021082703007,nic1.port1,50,4,0,0,lvl02-0101-0827-03t0:ethernet4/1 -> lvl021082703007:nic1.port1,lvl021082703007:nic1.port1 -> lvl02-0101-0827-03t0:ethernet4/1,1
2026-09-04 05:32:00.0000000,lvl02-0101-0827-03t0,ethernet4/1,lvl021082703007,nic1.port1,50,6,0,0,lvl02-0101-0827-03t0:ethernet4/1 -> lvl021082703007:nic1.port1,lvl021082703007:nic1.port1 -> lvl02-0101-0827-03t0:ethernet4/1,1
2026-09-04 05:36:00.0000000,lvl02-0101-0827-03lt0,ethernet12/1,lvl021082703019,nic1.port1,50,2,0,0,lvl02-0101-0827-03lt0:ethernet12/1 -> lvl021082703019:nic1.port1,lvl021082703019:nic1.port1 -> lvl02-0101-0827-03lt0:ethernet12/1,1
2026-09-04 05:36:00.0000000,lvl02-0101-0827-03lt0,ethernet12/1,lvl021082703019,nic1.port1,50,3,0,44,lvl02-0101-0827-03lt0:ethernet12/1 -> lvl021082703019:nic1.port1,lvl021082703019:nic1.port1 -> lvl02-0101-0827-03lt0:ethernet12/1,1
2026-09-04 05:36:00.0000000,lvl02-0101-0827-03lt0,ethernet12/1,lvl021082703019,nic1.port1,50,4,0,44,lvl02-0101-0827-03lt0:ethernet12/1 -> lvl021082703019:nic1.port1,lvl021082703019:nic1.port1 -> lvl02-0101-0827-03lt0:ethernet12/1,1
2026-09-04 05:36:00.0000000,lvl02-0101-0827-03lt0,ethernet12/1,lvl021082703019,nic1.port1,50,6,0,0,lvl02-0101-0827-03lt0:ethernet12/1 -> lvl021082703019:nic1.port1,lvl021082703019:nic1.port1 -> lvl02-0101-0827-03lt0:ethernet12/1,1
2026-09-04 05:36:00.0000000,lvl02-0101-0827-03lt0,ethernet14/1,lvl021082703023,nic1.port1,50,2,0,0,lvl02-0101-0827-03lt0:ethernet14/1 -> lvl021082703023:nic1.port1,lvl021082703023:nic1.port1 -> lvl02-0101-0827-03lt0:ethernet14/1,1
2026-09-04 05:36:00.0000000,lvl02-0101-0827-03lt0,ethernet14/1,lvl021082703023,nic1.port1,50,3,0,3105,lvl02-0101-0827-03lt0:ethernet14/1 -> lvl021082703023:nic1.port1,lvl021082703023:nic1.port1 -> lvl02-0101-0827-03lt0:ethernet14/1,1
2026-09-04 05:36:00.0000000,lvl02-0101-0827-03lt0,ethernet14/1,lvl021082703023,nic1.port1,50,4,0,3105,lvl02-0101-0827-03lt0:ethernet14/1 -> lvl021082703023:nic1.port1,lvl021082703023:nic1.port1 -> lvl02-0101-0827-03lt0:ethernet14/1,1
2026-09-04 05:36:00.0000000,lvl02-0101-0827-03lt0,ethernet14/1,lvl021082703023,nic1.port1,50,6,0,0,lvl02-0101-0827-03lt0:ethernet14/1 -> lvl021082703023:nic1.port1,lvl021082703023:nic1.port1 -> lvl02-0101-0827-03lt0:ethernet14/1,1
2026-09-04 05:36:00.0000000,lvl02-0101-0827-03lt0,ethernet15/1,lvl021082703025,nic1.port1,50,2,0,0,lvl02-0101-0827-03lt0:ethernet15/1 -> lvl021082703025:nic1.port1,lvl021082703025:nic1.port1 -> lvl02-0101-0827-03lt0:ethernet15/1,1
2026-09-04 05:36:00.0000000,lvl02-0101-0827-03lt0,ethernet15/1,lvl021082703025,nic1.port1,50,3,0,0,lvl02-0101-0827-03lt0:ethernet15/1 -> lvl021082703025:nic1.port1,lvl021082703025:nic1.port1 -> lvl02-0101-0827-03lt0:ethernet15/1,1
2026-09-04 05:36:00.0000000,lvl02-0101-0827-03lt0,ethernet15/1,lvl021082703025,nic1.port1,50,4,0,0,lvl02-0101-0827-03lt0:ethernet15/1 -> lvl021082703025:nic1.port1,lvl021082703025:nic1.port1 -> lvl02-0101-0827-03lt0:ethernet15/1,1
2026-09-04 05:36:00.0000000,lvl02-0101-0827-03lt0,ethernet15/1,lvl021082703025,nic1.port1,50,6,0,0,lvl02-0101-0827-03lt0:ethernet15/1 -> lvl021082703025:nic1.port1,lvl021082703025:nic1.port1 -> lvl02-0101-0827-03lt0:ethernet15/1,1
2026-09-04 05:36:00.0000000,lvl02-0101-0827-03lt0,ethernet18/1,lvl021082703031,nic1.port1,50,2,0,0,lvl02-0101-0827-03lt0:ethernet18/1 -> lvl021082703031:nic1.port1,lvl021082703031:nic1.port1 -> lvl02-0101-0827-03lt0:ethernet18/1,1
2026-09-04 05:36:00.0000000,lvl02-0101-0827-03lt0,ethernet18/1,lvl021082703031,nic1.port1,50,3,0,0,lvl02-0101-0827-03lt0:ethernet18/1 -> lvl021082703031:nic1.port1,lvl021082703031:nic1.port1 -> lvl02-0101-0827-03lt0:ethernet18/1,1
2026-09-04 05:36:00.0000000,lvl02-0101-0827-03lt0,ethernet18/1,lvl021082703031,nic1.port1,50,4,0,0,lvl02-0101-0827-03lt0:ethernet18/1 -> lvl021082703031:nic1.port1,lvl021082703031:nic1.port1 -> lvl02-0101-0827-03lt0:ethernet18/1,1
2026-09-04 05:36:00.0000000,lvl02-0101-0827-03lt0,ethernet18/1,lvl021082703031,nic1.port1,50,6,0,0,lvl02-0101-0827-03lt0:ethernet18/1 -> lvl021082703031:nic1.port1,lvl021082703031:nic1.port1 -> lvl02-0101-0827-03lt0:ethernet18/1,1
2026-09-04 05:36:00.0000000,lvl02-0101-0827-03lt0,ethernet19/1,lvl021082703033,nic1.port1,50,2,0,0,lvl02-0101-0827-03lt0:ethernet19/1 -> lvl021082703033:nic1.port1,lvl021082703033:nic1.port1 -> lvl02-0101-0827-03lt0:ethernet19/1,1
2026-09-04 05:36:00.0000000,lvl02-0101-0827-03lt0,ethernet19/1,lvl021082703033,nic1.port1,50,3,0,0,lvl02-0101-0827-03lt0:ethernet19/1 -> lvl021082703033:nic1.port1,lvl021082703033:nic1.port1 -> lvl02-0101-0827-03lt0:ethernet19/1,1
2026-09-04 05:36:00.0000000,lvl02-0101-0827-03lt0,ethernet19/1,lvl021082703033,nic1.port1,50,4,0,0,lvl02-0101-0827-03lt0:ethernet19/1 -> lvl021082703033:nic1.port1,lvl021082703033:nic1.port1 -> lvl02-0101-0827-03lt0:ethernet19/1,1
2026-09-04 05:36:00.0000000,lvl02-0101-0827-03lt0,ethernet19/1,lvl021082703033,nic1.port1,50,6,0,0,lvl02-0101-0827-03lt0:ethernet19/1 -> lvl021082703033:nic1.port1,lvl021082703033:nic1.port1 -> lvl02-0101-0827-03lt0:ethernet19/1,1
2026-09-04 05:36:00.0000000,lvl02-0101-0827-03lt0,ethernet2/1,lvl021082703003,nic1.port1,50,2,0,0,lvl02-0101-0827-03lt0:ethernet2/1 -> lvl021082703003:nic1.port1,lvl021082703003:nic1.port1 -> lvl02-0101-0827-03lt0:ethernet2/1,1
2026-09-04 05:36:00.0000000,lvl02-0101-0827-03lt0,ethernet2/1,lvl021082703003,nic1.port1,50,3,0,0,lvl02-0101-0827-03lt0:ethernet2/1 -> lvl021082703003:nic1.port1,lvl021082703003:nic1.port1 -> lvl02-0101-0827-03lt0:ethernet2/1,1
2026-09-04 05:36:00.0000000,lvl02-0101-0827-03lt0,ethernet2/1,lvl021082703003,nic1.port1,50,4,0,0,lvl02-0101-0827-03lt0:ethernet2/1 -> lvl021082703003:nic1.port1,lvl021082703003:nic1.port1 -> lvl02-0101-0827-03lt0:ethernet2/1,1
2026-09-04 05:36:00.0000000,lvl02-0101-0827-03lt0,ethernet2/1,lvl021082703003,nic1.port1,50,6,0,0,lvl02-0101-0827-03lt0:ethernet2/1 -> lvl021082703003:nic1.port1,lvl021082703003:nic1.port1 -> lvl02-0101-0827-03lt0:ethernet2/1,1
2026-09-04 05:36:00.0000000,lvl02-0101-0827-03lt0,ethernet21/1,lvl021082703037,nic1.port1,50,2,0,0,lvl02-0101-0827-03lt0:ethernet21/1 -> lvl021082703037:nic1.port1,lvl021082703037:nic1.port1 -> lvl02-0101-0827-03lt0:ethernet21/1,1
2026-09-04 05:36:00.0000000,lvl02-0101-0827-03lt0,ethernet21/1,lvl021082703037,nic1.port1,50,3,0,0,lvl02-0101-0827-03lt0:ethernet21/1 -> lvl021082703037:nic1.port1,lvl021082703037:nic1.port1 -> lvl02-0101-0827-03lt0:ethernet21/1,1
2026-09-04 05:36:00.0000000,lvl02-0101-0827-03lt0,ethernet21/1,lvl021082703037,nic1.port1,50,4,0,0,lvl02-0101-0827-03lt0:ethernet21/1 -> lvl021082703037:nic1.port1,lvl021082703037:nic1.port1 -> lvl02-0101-0827-03lt0:ethernet21/1,1
2026-09-04 05:36:00.0000000,lvl02-0101-0827-03lt0,ethernet21/1,lvl021082703037,nic1.port1,50,6,0,0,lvl02-0101-0827-03lt0:ethernet21/1 -> lvl021082703037:nic1.port1,lvl021082703037:nic1.port1 -> lvl02-0101-0827-03lt0:ethernet21/1,1
2026-09-04 05:36:00.0000000,lvl02-0101-0827-03lt0,ethernet27/1,lvl021082703045,nic1.port1,50,2,0,0,lvl02-0101-0827-03lt0:ethernet27/1 -> lvl021082703045:nic1.port1,lvl021082703045:nic1.port1 -> lvl02-0101-0827-03lt0:ethernet27/1,1
2026-09-04 05:36:00.0000000,lvl02-0101-0827-03lt0,ethernet27/1,lvl021082703045,nic1.port1,50,3,0,0,lvl02-0101-0827-03lt0:ethernet27/1 -> lvl021082703045:nic1.port1,lvl021082703045:nic1.port1 -> lvl02-0101-0827-03lt0:ethernet27/1,1
2026-09-04 05:36:00.0000000,lvl02-0101-0827-03lt0,ethernet27/1,lvl021082703045,nic1.port1,50,4,0,0,lvl02-0101-0827-03lt0:ethernet27/1 -> lvl021082703045:nic1.port1,lvl021082703045:nic1.port1 -> lvl02-0101-0827-03lt0:ethernet27/1,1
2026-09-04 05:36:00.0000000,lvl02-0101-0827-03lt0,ethernet27/1,lvl021082703045,nic1.port1,50,6,0,0,lvl02-0101-0827-03lt0:ethernet27/1 -> lvl021082703045:nic1.port1,lvl021082703045:nic1.port1 -> lvl02-0101-0827-03lt0:ethernet27/1,1
2026-09-04 05:36:00.0000000,lvl02-0101-0827-03lt0,ethernet29/1,lvl021082703049,nic1.port1,50,2,0,0,lvl02-0101-0827-03lt0:ethernet29/1 -> lvl021082703049:nic1.port1,lvl021082703049:nic1.port1 -> lvl02-0101-0827-03lt0:ethernet29/1,1
2026-09-04 05:36:00.0000000,lvl02-0101-0827-03lt0,ethernet29/1,lvl021082703049,nic1.port1,50,3,0,2,lvl02-0101-0827-03lt0:ethernet29/1 -> lvl021082703049:nic1.port1,lvl021082703049:nic1.port1 -> lvl02-0101-0827-03lt0:ethernet29/1,1
2026-09-04 05:36:00.0000000,lvl02-0101-0827-03lt0,ethernet29/1,lvl021082703049,nic1.port1,50,4,0,2,lvl02-0101-0827-03lt0:ethernet29/1 -> lvl021082703049:nic1.port1,lvl021082703049:nic1.port1 -> lvl02-0101-0827-03lt0:ethernet29/1,1
2026-09-04 05:36:00.0000000,lvl02-0101-0827-03lt0,ethernet29/1,lvl021082703049,nic1.port1,50,6,0,0,lvl02-0101-0827-03lt0:ethernet29/1 -> lvl021082703049:nic1.port1,lvl021082703049:nic1.port1 -> lvl02-0101-0827-03lt0:ethernet29/1,1
2026-09-04 05:36:00.0000000,lvl02-0101-0827-03lt0,ethernet31/1,lvl021082703053,nic1.port1,50,2,0,0,lvl02-0101-0827-03lt0:ethernet31/1 -> lvl021082703053:nic1.port1,lvl021082703053:nic1.port1 -> lvl02-0101-0827-03lt0:ethernet31/1,1
2026-09-04 05:36:00.0000000,lvl02-0101-0827-03lt0,ethernet31/1,lvl021082703053,nic1.port1,50,3,0,66,lvl02-0101-0827-03lt0:ethernet31/1 -> lvl021082703053:nic1.port1,lvl021082703053:nic1.port1 -> lvl02-0101-0827-03lt0:ethernet31/1,1
2026-09-04 05:36:00.0000000,lvl02-0101-0827-03lt0,ethernet31/1,lvl021082703053,nic1.port1,50,4,0,66,lvl02-0101-0827-03lt0:ethernet31/1 -> lvl021082703053:nic1.port1,lvl021082703053:nic1.port1 -> lvl02-0101-0827-03lt0:ethernet31/1,1
2026-09-04 05:36:00.0000000,lvl02-0101-0827-03lt0,ethernet31/1,lvl021082703053,nic1.port1,50,6,0,0,lvl02-0101-0827-03lt0:ethernet31/1 -> lvl021082703053:nic1.port1,lvl021082703053:nic1.port1 -> lvl02-0101-0827-03lt0:ethernet31/1,1
2026-09-04 05:36:00.0000000,lvl02-0101-0827-03lt0,ethernet4/1,lvl021082703007,nic1.port1,50,2,0,0,lvl02-0101-0827-03lt0:ethernet4/1 -> lvl021082703007:nic1.port1,lvl021082703007:nic1.port1 -> lvl02-0101-0827-03lt0:ethernet4/1,1
2026-09-04 05:36:00.0000000,lvl02-0101-0827-03lt0,ethernet4/1,lvl021082703007,nic1.port1,50,3,0,0,lvl02-0101-0827-03lt0:ethernet4/1 -> lvl021082703007:nic1.port1,lvl021082703007:nic1.port1 -> lvl02-0101-0827-03lt0:ethernet4/1,1
2026-09-04 05:36:00.0000000,lvl02-0101-0827-03lt0,ethernet4/1,lvl021082703007,nic1.port1,50,4,0,0,lvl02-0101-0827-03lt0:ethernet4/1 -> lvl021082703007:nic1.port1,lvl021082703007:nic1.port1 -> lvl02-0101-0827-03lt0:ethernet4/1,1
2026-09-04 05:36:00.0000000,lvl02-0101-0827-03lt0,ethernet4/1,lvl021082703007,nic1.port1,50,6,0,0,lvl02-0101-0827-03lt0:ethernet4/1 -> lvl021082703007:nic1.port1,lvl021082703007:nic1.port1 -> lvl02-0101-0827-03lt0:ethernet4/1,1
2026-09-04 05:37:00.0000000,lvl02-0101-0827-03t0,ethernet12/1,lvl021082703019,nic1.port1,50,2,0,0,lvl02-0101-0827-03t0:ethernet12/1 -> lvl021082703019:nic1.port1,lvl021082703019:nic1.port1 -> lvl02-0101-0827-03t0:ethernet12/1,1
2026-09-04 05:37:00.0000000,lvl02-0101-0827-03t0,ethernet12/1,lvl021082703019,nic1.port1,50,3,0,44,lvl02-0101-0827-03t0:ethernet12/1 -> lvl021082703019:nic1.port1,lvl021082703019:nic1.port1 -> lvl02-0101-0827-03t0:ethernet12/1,1
2026-09-04 05:37:00.0000000,lvl02-0101-0827-03t0,ethernet12/1,lvl021082703019,nic1.port1,50,4,0,44,lvl02-0101-0827-03t0:ethernet12/1 -> lvl021082703019:nic1.port1,lvl021082703019:nic1.port1 -> lvl02-0101-0827-03t0:ethernet12/1,1
2026-09-04 05:37:00.0000000,lvl02-0101-0827-03t0,ethernet12/1,lvl021082703019,nic1.port1,50,6,0,0,lvl02-0101-0827-03t0:ethernet12/1 -> lvl021082703019:nic1.port1,lvl021082703019:nic1.port1 -> lvl02-0101-0827-03t0:ethernet12/1,1
2026-09-04 05:37:00.0000000,lvl02-0101-0827-03t0,ethernet14/1,lvl021082703023,nic1.port1,50,2,0,0,lvl02-0101-0827-03t0:ethernet14/1 -> lvl021082703023:nic1.port1,lvl021082703023:nic1.port1 -> lvl02-0101-0827-03t0:ethernet14/1,1
2026-09-04 05:37:00.0000000,lvl02-0101-0827-03t0,ethernet14/1,lvl021082703023,nic1.port1,50,3,0,6967,lvl02-0101-0827-03t0:ethernet14/1 -> lvl021082703023:nic1.port1,lvl021082703023:nic1.port1 -> lvl02-0101-0827-03t0:ethernet14/1,1
2026-09-04 05:37:00.0000000,lvl02-0101-0827-03t0,ethernet14/1,lvl021082703023,nic1.port1,50,4,0,6967,lvl02-0101-0827-03t0:ethernet14/1 -> lvl021082703023:nic1.port1,lvl021082703023:nic1.port1 -> lvl02-0101-0827-03t0:ethernet14/1,1
2026-09-04 05:37:00.0000000,lvl02-0101-0827-03t0,ethernet14/1,lvl021082703023,nic1.port1,50,6,0,0,lvl02-0101-0827-03t0:ethernet14/1 -> lvl021082703023:nic1.port1,lvl021082703023:nic1.port1 -> lvl02-0101-0827-03t0:ethernet14/1,1
2026-09-04 05:37:00.0000000,lvl02-0101-0827-03t0,ethernet15/1,lvl021082703025,nic1.port1,50,2,0,0,lvl02-0101-0827-03t0:ethernet15/1 -> lvl021082703025:nic1.port1,lvl021082703025:nic1.port1 -> lvl02-0101-0827-03t0:ethernet15/1,1
2026-09-04 05:37:00.0000000,lvl02-0101-0827-03t0,ethernet15/1,lvl021082703025,nic1.port1,50,3,0,0,lvl02-0101-0827-03t0:ethernet15/1 -> lvl021082703025:nic1.port1,lvl021082703025:nic1.port1 -> lvl02-0101-0827-03t0:ethernet15/1,1
2026-09-04 05:37:00.0000000,lvl02-0101-0827-03t0,ethernet15/1,lvl021082703025,nic1.port1,50,4,0,0,lvl02-0101-0827-03t0:ethernet15/1 -> lvl021082703025:nic1.port1,lvl021082703025:nic1.port1 -> lvl02-0101-0827-03t0:ethernet15/1,1
2026-09-04 05:37:00.0000000,lvl02-0101-0827-03t0,ethernet15/1,lvl021082703025,nic1.port1,50,6,0,0,lvl02-0101-0827-03t0:ethernet15/1 -> lvl021082703025:nic1.port1,lvl021082703025:nic1.port1 -> lvl02-0101-0827-03t0:ethernet15/1,1
2026-09-04 05:37:00.0000000,lvl02-0101-0827-03t0,ethernet18/1,lvl021082703031,nic1.port1,50,2,0,0,lvl02-0101-0827-03t0:ethernet18/1 -> lvl021082703031:nic1.port1,lvl021082703031:nic1.port1 -> lvl02-0101-0827-03t0:ethernet18/1,1
2026-09-04 05:37:00.0000000,lvl02-0101-0827-03t0,ethernet18/1,lvl021082703031,nic1.port1,50,3,0,0,lvl02-0101-0827-03t0:ethernet18/1 -> lvl021082703031:nic1.port1,lvl021082703031:nic1.port1 -> lvl02-0101-0827-03t0:ethernet18/1,1
2026-09-04 05:37:00.0000000,lvl02-0101-0827-03t0,ethernet18/1,lvl021082703031,nic1.port1,50,4,0,0,lvl02-0101-0827-03t0:ethernet18/1 -> lvl021082703031:nic1.port1,lvl021082703031:nic1.port1 -> lvl02-0101-0827-03t0:ethernet18/1,1
2026-09-04 05:37:00.0000000,lvl02-0101-0827-03t0,ethernet18/1,lvl021082703031,nic1.port1,50,6,0,0,lvl02-0101-0827-03t0:ethernet18/1 -> lvl021082703031:nic1.port1,lvl021082703031:nic1.port1 -> lvl02-0101-0827-03t0:ethernet18/1,1
2026-09-04 05:37:00.0000000,lvl02-0101-0827-03t0,ethernet19/1,lvl021082703033,nic1.port1,50,2,0,0,lvl02-0101-0827-03t0:ethernet19/1 -> lvl021082703033:nic1.port1,lvl021082703033:nic1.port1 -> lvl02-0101-0827-03t0:ethernet19/1,1
2026-09-04 05:37:00.0000000,lvl02-0101-0827-03t0,ethernet19/1,lvl021082703033,nic1.port1,50,3,0,0,lvl02-0101-0827-03t0:ethernet19/1 -> lvl021082703033:nic1.port1,lvl021082703033:nic1.port1 -> lvl02-0101-0827-03t0:ethernet19/1,1
2026-09-04 05:37:00.0000000,lvl02-0101-0827-03t0,ethernet19/1,lvl021082703033,nic1.port1,50,4,0,0,lvl02-0101-0827-03t0:ethernet19/1 -> lvl021082703033:nic1.port1,lvl021082703033:nic1.port1 -> lvl02-0101-0827-03t0:ethernet19/1,1
2026-09-04 05:37:00.0000000,lvl02-0101-0827-03t0,ethernet19/1,lvl021082703033,nic1.port1,50,6,0,0,lvl02-0101-0827-03t0:ethernet19/1 -> lvl021082703033:nic1.port1,lvl021082703033:nic1.port1 -> lvl02-0101-0827-03t0:ethernet19/1,1
2026-09-04 05:37:00.0000000,lvl02-0101-0827-03t0,ethernet2/1,lvl021082703003,nic1.port1,50,2,0,0,lvl02-0101-0827-03t0:ethernet2/1 -> lvl021082703003:nic1.port1,lvl021082703003:nic1.port1 -> lvl02-0101-0827-03t0:ethernet2/1,1
2026-09-04 05:37:00.0000000,lvl02-0101-0827-03t0,ethernet2/1,lvl021082703003,nic1.port1,50,3,0,0,lvl02-0101-0827-03t0:ethernet2/1 -> lvl021082703003:nic1.port1,lvl021082703003:nic1.port1 -> lvl02-0101-0827-03t0:ethernet2/1,1
2026-09-04 05:37:00.0000000,lvl02-0101-0827-03t0,ethernet2/1,lvl021082703003,nic1.port1,50,4,0,0,lvl02-0101-0827-03t0:ethernet2/1 -> lvl021082703003:nic1.port1,lvl021082703003:nic1.port1 -> lvl02-0101-0827-03t0:ethernet2/1,1
2026-09-04 05:37:00.0000000,lvl02-0101-0827-03t0,ethernet2/1,lvl021082703003,nic1.port1,50,6,0,0,lvl02-0101-0827-03t0:ethernet2/1 -> lvl021082703003:nic1.port1,lvl021082703003:nic1.port1 -> lvl02-0101-0827-03t0:ethernet2/1,1
2026-09-04 05:37:00.0000000,lvl02-0101-0827-03t0,ethernet21/1,lvl021082703037,nic1.port1,50,2,0,0,lvl02-0101-0827-03t0:ethernet21/1 -> lvl021082703037:nic1.port1,lvl021082703037:nic1.port1 -> lvl02-0101-0827-03t0:ethernet21/1,1
2026-09-04 05:37:00.0000000,lvl02-0101-0827-03t0,ethernet21/1,lvl021082703037,nic1.port1,50,3,0,0,lvl02-0101-0827-03t0:ethernet21/1 -> lvl021082703037:nic1.port1,lvl021082703037:nic1.port1 -> lvl02-0101-0827-03t0:ethernet21/1,1
2026-09-04 05:37:00.0000000,lvl02-0101-0827-03t0,ethernet21/1,lvl021082703037,nic1.port1,50,4,0,0,lvl02-0101-0827-03t0:ethernet21/1 -> lvl021082703037:nic1.port1,lvl021082703037:nic1.port1 -> lvl02-0101-0827-03t0:ethernet21/1,1
2026-09-04 05:37:00.0000000,lvl02-0101-0827-03t0,ethernet21/1,lvl021082703037,nic1.port1,50,6,0,0,lvl02-0101-0827-03t0:ethernet21/1 -> lvl021082703037:nic1.port1,lvl021082703037:nic1.port1 -> lvl02-0101-0827-03t0:ethernet21/1,1
2026-09-04 05:37:00.0000000,lvl02-0101-0827-03t0,ethernet27/1,lvl021082703045,nic1.port1,50,2,0,0,lvl02-0101-0827-03t0:ethernet27/1 -> lvl021082703045:nic1.port1,lvl021082703045:nic1.port1 -> lvl02-0101-0827-03t0:ethernet27/1,1
2026-09-04 05:37:00.0000000,lvl02-0101-0827-03t0,ethernet27/1,lvl021082703045,nic1.port1,50,3,0,0,lvl02-0101-0827-03t0:ethernet27/1 -> lvl021082703045:nic1.port1,lvl021082703045:nic1.port1 -> lvl02-0101-0827-03t0:ethernet27/1,1
2026-09-04 05:37:00.0000000,lvl02-0101-0827-03t0,ethernet27/1,lvl021082703045,nic1.port1,50,4,0,0,lvl02-0101-0827-03t0:ethernet27/1 -> lvl021082703045:nic1.port1,lvl021082703045:nic1.port1 -> lvl02-0101-0827-03t0:ethernet27/1,1
2026-09-04 05:37:00.0000000,lvl02-0101-0827-03t0,ethernet27/1,lvl021082703045,nic1.port1,50,6,0,0,lvl02-0101-0827-03t0:ethernet27/1 -> lvl021082703045:nic1.port1,lvl021082703045:nic1.port1 -> lvl02-0101-0827-03t0:ethernet27/1,1
2026-09-04 05:37:00.0000000,lvl02-0101-0827-03t0,ethernet29/1,lvl021082703049,nic1.port1,50,2,0,0,lvl02-0101-0827-03t0:ethernet29/1 -> lvl021082703049:nic1.port1,lvl021082703049:nic1.port1 -> lvl02-0101-0827-03t0:ethernet29/1,1
2026-09-04 05:37:00.0000000,lvl02-0101-0827-03t0,ethernet29/1,lvl021082703049,nic1.port1,50,3,0,2,lvl02-0101-0827-03t0:ethernet29/1 -> lvl021082703049:nic1.port1,lvl021082703049:nic1.port1 -> lvl02-0101-0827-03t0:ethernet29/1,1
2026-09-04 05:37:00.0000000,lvl02-0101-0827-03t0,ethernet29/1,lvl021082703049,nic1.port1,50,4,0,2,lvl02-0101-0827-03t0:ethernet29/1 -> lvl021082703049:nic1.port1,lvl021082703049:nic1.port1 -> lvl02-0101-0827-03t0:ethernet29/1,1
2026-09-04 05:37:00.0000000,lvl02-0101-0827-03t0,ethernet29/1,lvl021082703049,nic1.port1,50,6,0,0,lvl02-0101-0827-03t0:ethernet29/1 -> lvl021082703049:nic1.port1,lvl021082703049:nic1.port1 -> lvl02-0101-0827-03t0:ethernet29/1,1
2026-09-04 05:37:00.0000000,lvl02-0101-0827-03t0,ethernet31/1,lvl021082703053,nic1.port1,50,2,0,0,lvl02-0101-0827-03t0:ethernet31/1 -> lvl021082703053:nic1.port1,lvl021082703053:nic1.port1 -> lvl02-0101-0827-03t0:ethernet31/1,1
2026-09-04 05:37:00.0000000,lvl02-0101-0827-03t0,ethernet31/1,lvl021082703053,nic1.port1,50,3,0,260,lvl02-0101-0827-03t0:ethernet31/1 -> lvl021082703053:nic1.port1,lvl021082703053:nic1.port1 -> lvl02-0101-0827-03t0:ethernet31/1,1
2026-09-04 05:37:00.0000000,lvl02-0101-0827-03t0,ethernet31/1,lvl021082703053,nic1.port1,50,4,0,260,lvl02-0101-0827-03t0:ethernet31/1 -> lvl021082703053:nic1.port1,lvl021082703053:nic1.port1 -> lvl02-0101-0827-03t0:ethernet31/1,1
2026-09-04 05:37:00.0000000,lvl02-0101-0827-03t0,ethernet31/1,lvl021082703053,nic1.port1,50,6,0,0,lvl02-0101-0827-03t0:ethernet31/1 -> lvl021082703053:nic1.port1,lvl021082703053:nic1.port1 -> lvl02-0101-0827-03t0:ethernet31/1,1
2026-09-04 05:37:00.0000000,lvl02-0101-0827-03t0,ethernet4/1,lvl021082703007,nic1.port1,50,2,0,0,lvl02-0101-0827-03t0:ethernet4/1 -> lvl021082703007:nic1.port1,lvl021082703007:nic1.port1 -> lvl02-0101-0827-03t0:ethernet4/1,1
2026-09-04 05:37:00.0000000,lvl02-0101-0827-03t0,ethernet4/1,lvl021082703007,nic1.port1,50,3,0,0,lvl02-0101-0827-03t0:ethernet4/1 -> lvl021082703007:nic1.port1,lvl021082703007:nic1.port1 -> lvl02-0101-0827-03t0:ethernet4/1,1
2026-09-04 05:37:00.0000000,lvl02-0101-0827-03t0,ethernet4/1,lvl021082703007,nic1.port1,50,4,0,0,lvl02-0101-0827-03t0:ethernet4/1 -> lvl021082703007:nic1.port1,lvl021082703007:nic1.port1 -> lvl02-0101-0827-03t0:ethernet4/1,1
2026-09-04 05:37:00.0000000,lvl02-0101-0827-03t0,ethernet4/1,lvl021082703007,nic1.port1,50,6,0,0,lvl02-0101-0827-03t0:ethernet4/1 -> lvl021082703007:nic1.port1,lvl021082703007:nic1.port1 -> lvl02-0101-0827-03t0:ethernet4/1,1
2026-09-04 05:41:00.0000000,lvl02-0101-0827-03lt0,ethernet12/1,lvl021082703019,nic1.port1,50,2,0,0,lvl02-0101-0827-03lt0:ethernet12/1 -> lvl021082703019:nic1.port1,lvl021082703019:nic1.port1 -> lvl02-0101-0827-03lt0:ethernet12/1,1
2026-09-04 05:41:00.0000000,lvl02-0101-0827-03lt0,ethernet12/1,lvl021082703019,nic1.port1,50,3,0,0,lvl02-0101-0827-03lt0:ethernet12/1 -> lvl021082703019:nic1.port1,lvl021082703019:nic1.port1 -> lvl02-0101-0827-03lt0:ethernet12/1,1
2026-09-04 05:41:00.0000000,lvl02-0101-0827-03lt0,ethernet12/1,lvl021082703019,nic1.port1,50,4,0,0,lvl02-0101-0827-03lt0:ethernet12/1 -> lvl021082703019:nic1.port1,lvl021082703019:nic1.port1 -> lvl02-0101-0827-03lt0:ethernet12/1,1
2026-09-04 05:41:00.0000000,lvl02-0101-0827-03lt0,ethernet12/1,lvl021082703019,nic1.port1,50,6,0,0,lvl02-0101-0827-03lt0:ethernet12/1 -> lvl021082703019:nic1.port1,lvl021082703019:nic1.port1 -> lvl02-0101-0827-03lt0:ethernet12/1,1
2026-09-04 05:41:00.0000000,lvl02-0101-0827-03lt0,ethernet14/1,lvl021082703023,nic1.port1,50,2,0,0,lvl02-0101-0827-03lt0:ethernet14/1 -> lvl021082703023:nic1.port1,lvl021082703023:nic1.port1 -> lvl02-0101-0827-03lt0:ethernet14/1,1
2026-09-04 05:41:00.0000000,lvl02-0101-0827-03lt0,ethernet14/1,lvl021082703023,nic1.port1,50,3,0,11094,lvl02-0101-0827-03lt0:ethernet14/1 -> lvl021082703023:nic1.port1,lvl021082703023:nic1.port1 -> lvl02-0101-0827-03lt0:ethernet14/1,1
2026-09-04 05:41:00.0000000,lvl02-0101-0827-03lt0,ethernet14/1,lvl021082703023,nic1.port1,50,4,0,11094,lvl02-0101-0827-03lt0:ethernet14/1 -> lvl021082703023:nic1.port1,lvl021082703023:nic1.port1 -> lvl02-0101-0827-03lt0:ethernet14/1,1
2026-09-04 05:41:00.0000000,lvl02-0101-0827-03lt0,ethernet14/1,lvl021082703023,nic1.port1,50,6,0,0,lvl02-0101-0827-03lt0:ethernet14/1 -> lvl021082703023:nic1.port1,lvl021082703023:nic1.port1 -> lvl02-0101-0827-03lt0:ethernet14/1,1
2026-09-04 05:41:00.0000000,lvl02-0101-0827-03lt0,ethernet15/1,lvl021082703025,nic1.port1,50,2,0,0,lvl02-0101-0827-03lt0:ethernet15/1 -> lvl021082703025:nic1.port1,lvl021082703025:nic1.port1 -> lvl02-0101-0827-03lt0:ethernet15/1,1
2026-09-04 05:41:00.0000000,lvl02-0101-0827-03lt0,ethernet15/1,lvl021082703025,nic1.port1,50,3,0,0,lvl02-0101-0827-03lt0:ethernet15/1 -> lvl021082703025:nic1.port1,lvl021082703025:nic1.port1 -> lvl02-0101-0827-03lt0:ethernet15/1,1
2026-09-04 05:41:00.0000000,lvl02-0101-0827-03lt0,ethernet15/1,lvl021082703025,nic1.port1,50,4,0,0,lvl02-0101-0827-03lt0:ethernet15/1 -> lvl021082703025:nic1.port1,lvl021082703025:nic1.port1 -> lvl02-0101-0827-03lt0:ethernet15/1,1
2026-09-04 05:41:00.0000000,lvl02-0101-0827-03lt0,ethernet15/1,lvl021082703025,nic1.port1,50,6,0,0,lvl02-0101-0827-03lt0:ethernet15/1 -> lvl021082703025:nic1.port1,lvl021082703025:nic1.port1 -> lvl02-0101-0827-03lt0:ethernet15/1,1
2026-09-04 05:41:00.0000000,lvl02-0101-0827-03lt0,ethernet18/1,lvl021082703031,nic1.port1,50,2,0,0,lvl02-0101-0827-03lt0:ethernet18/1 -> lvl021082703031:nic1.port1,lvl021082703031:nic1.port1 -> lvl02-0101-0827-03lt0:ethernet18/1,1
2026-09-04 05:41:00.0000000,lvl02-0101-0827-03lt0,ethernet18/1,lvl021082703031,nic1.port1,50,3,0,0,lvl02-0101-0827-03lt0:ethernet18/1 -> lvl021082703031:nic1.port1,lvl021082703031:nic1.port1 -> lvl02-0101-0827-03lt0:ethernet18/1,1
2026-09-04 05:41:00.0000000,lvl02-0101-0827-03lt0,ethernet18/1,lvl021082703031,nic1.port1,50,4,0,0,lvl02-0101-0827-03lt0:ethernet18/1 -> lvl021082703031:nic1.port1,lvl021082703031:nic1.port1 -> lvl02-0101-0827-03lt0:ethernet18/1,1
2026-09-04 05:41:00.0000000,lvl02-0101-0827-03lt0,ethernet18/1,lvl021082703031,nic1.port1,50,6,0,0,lvl02-0101-0827-03lt0:ethernet18/1 -> lvl021082703031:nic1.port1,lvl021082703031:nic1.port1 -> lvl02-0101-0827-03lt0:ethernet18/1,1
2026-09-04 05:41:00.0000000,lvl02-0101-0827-03lt0,ethernet19/1,lvl021082703033,nic1.port1,50,2,0,0,lvl02-0101-0827-03lt0:ethernet19/1 -> lvl021082703033:nic1.port1,lvl021082703033:nic1.port1 -> lvl02-0101-0827-03lt0:ethernet19/1,1
2026-09-04 05:41:00.0000000,lvl02-0101-0827-03lt0,ethernet19/1,lvl021082703033,nic1.port1,50,3,0,0,lvl02-0101-0827-03lt0:ethernet19/1 -> lvl021082703033:nic1.port1,lvl021082703033:nic1.port1 -> lvl02-0101-0827-03lt0:ethernet19/1,1
2026-09-04 05:41:00.0000000,lvl02-0101-0827-03lt0,ethernet19/1,lvl021082703033,nic1.port1,50,4,0,0,lvl02-0101-0827-03lt0:ethernet19/1 -> lvl021082703033:nic1.port1,lvl021082703033:nic1.port1 -> lvl02-0101-0827-03lt0:ethernet19/1,1
2026-09-04 05:41:00.0000000,lvl02-0101-0827-03lt0,ethernet19/1,lvl021082703033,nic1.port1,50,6,0,0,lvl02-0101-0827-03lt0:ethernet19/1 -> lvl021082703033:nic1.port1,lvl021082703033:nic1.port1 -> lvl02-0101-0827-03lt0:ethernet19/1,1
2026-09-04 05:41:00.0000000,lvl02-0101-0827-03lt0,ethernet2/1,lvl021082703003,nic1.port1,50,2,0,0,lvl02-0101-0827-03lt0:ethernet2/1 -> lvl021082703003:nic1.port1,lvl021082703003:nic1.port1 -> lvl02-0101-0827-03lt0:ethernet2/1,1
2026-09-04 05:41:00.0000000,lvl02-0101-0827-03lt0,ethernet2/1,lvl021082703003,nic1.port1,50,3,0,0,lvl02-0101-0827-03lt0:ethernet2/1 -> lvl021082703003:nic1.port1,lvl021082703003:nic1.port1 -> lvl02-0101-0827-03lt0:ethernet2/1,1
2026-09-04 05:41:00.0000000,lvl02-0101-0827-03lt0,ethernet2/1,lvl021082703003,nic1.port1,50,4,0,0,lvl02-0101-0827-03lt0:ethernet2/1 -> lvl021082703003:nic1.port1,lvl021082703003:nic1.port1 -> lvl02-0101-0827-03lt0:ethernet2/1,1
2026-09-04 05:41:00.0000000,lvl02-0101-0827-03lt0,ethernet2/1,lvl021082703003,nic1.port1,50,6,0,0,lvl02-0101-0827-03lt0:ethernet2/1 -> lvl021082703003:nic1.port1,lvl021082703003:nic1.port1 -> lvl02-0101-0827-03lt0:ethernet2/1,1
2026-09-04 05:41:00.0000000,lvl02-0101-0827-03lt0,ethernet21/1,lvl021082703037,nic1.port1,50,2,0,0,lvl02-0101-0827-03lt0:ethernet21/1 -> lvl021082703037:nic1.port1,lvl021082703037:nic1.port1 -> lvl02-0101-0827-03lt0:ethernet21/1,1
2026-09-04 05:41:00.0000000,lvl02-0101-0827-03lt0,ethernet21/1,lvl021082703037,nic1.port1,50,3,0,0,lvl02-0101-0827-03lt0:ethernet21/1 -> lvl021082703037:nic1.port1,lvl021082703037:nic1.port1 -> lvl02-0101-0827-03lt0:ethernet21/1,1
2026-09-04 05:41:00.0000000,lvl02-0101-0827-03lt0,ethernet21/1,lvl021082703037,nic1.port1,50,4,0,0,lvl02-0101-0827-03lt0:ethernet21/1 -> lvl021082703037:nic1.port1,lvl021082703037:nic1.port1 -> lvl02-0101-0827-03lt0:ethernet21/1,1
2026-09-04 05:41:00.0000000,lvl02-0101-0827-03lt0,ethernet21/1,lvl021082703037,nic1.port1,50,6,0,0,lvl02-0101-0827-03lt0:ethernet21/1 -> lvl021082703037:nic1.port1,lvl021082703037:nic1.port1 -> lvl02-0101-0827-03lt0:ethernet21/1,1
2026-09-04 05:41:00.0000000,lvl02-0101-0827-03lt0,ethernet27/1,lvl021082703045,nic1.port1,50,2,0,0,lvl02-0101-0827-03lt0:ethernet27/1 -> lvl021082703045:nic1.port1,lvl021082703045:nic1.port1 -> lvl02-0101-0827-03lt0:ethernet27/1,1
2026-09-04 05:41:00.0000000,lvl02-0101-0827-03lt0,ethernet27/1,lvl021082703045,nic1.port1,50,3,0,4,lvl02-0101-0827-03lt0:ethernet27/1 -> lvl021082703045:nic1.port1,lvl021082703045:nic1.port1 -> lvl02-0101-0827-03lt0:ethernet27/1,1
2026-09-04 05:41:00.0000000,lvl02-0101-0827-03lt0,ethernet27/1,lvl021082703045,nic1.port1,50,4,0,4,lvl02-0101-0827-03lt0:ethernet27/1 -> lvl021082703045:nic1.port1,lvl021082703045:nic1.port1 -> lvl02-0101-0827-03lt0:ethernet27/1,1
2026-09-04 05:41:00.0000000,lvl02-0101-0827-03lt0,ethernet27/1,lvl021082703045,nic1.port1,50,6,0,0,lvl02-0101-0827-03lt0:ethernet27/1 -> lvl021082703045:nic1.port1,lvl021082703045:nic1.port1 -> lvl02-0101-0827-03lt0:ethernet27/1,1
2026-09-04 05:41:00.0000000,lvl02-0101-0827-03lt0,ethernet29/1,lvl021082703049,nic1.port1,50,2,0,0,lvl02-0101-0827-03lt0:ethernet29/1 -> lvl021082703049:nic1.port1,lvl021082703049:nic1.port1 -> lvl02-0101-0827-03lt0:ethernet29/1,1
2026-09-04 05:41:00.0000000,lvl02-0101-0827-03lt0,ethernet29/1,lvl021082703049,nic1.port1,50,3,0,0,lvl02-0101-0827-03lt0:ethernet29/1 -> lvl021082703049:nic1.port1,lvl021082703049:nic1.port1 -> lvl02-0101-0827-03lt0:ethernet29/1,1
2026-09-04 05:41:00.0000000,lvl02-0101-0827-03lt0,ethernet29/1,lvl021082703049,nic1.port1,50,4,0,0,lvl02-0101-0827-03lt0:ethernet29/1 -> lvl021082703049:nic1.port1,lvl021082703049:nic1.port1 -> lvl02-0101-0827-03lt0:ethernet29/1,1
2026-09-04 05:41:00.0000000,lvl02-0101-0827-03lt0,ethernet29/1,lvl021082703049,nic1.port1,50,6,0,0,lvl02-0101-0827-03lt0:ethernet29/1 -> lvl021082703049:nic1.port1,lvl021082703049:nic1.port1 -> lvl02-0101-0827-03lt0:ethernet29/1,1
2026-09-04 05:41:00.0000000,lvl02-0101-0827-03lt0,ethernet31/1,lvl021082703053,nic1.port1,50,2,0,0,lvl02-0101-0827-03lt0:ethernet31/1 -> lvl021082703053:nic1.port1,lvl021082703053:nic1.port1 -> lvl02-0101-0827-03lt0:ethernet31/1,1
2026-09-04 05:41:00.0000000,lvl02-0101-0827-03lt0,ethernet31/1,lvl021082703053,nic1.port1,50,3,0,340,lvl02-0101-0827-03lt0:ethernet31/1 -> lvl021082703053:nic1.port1,lvl021082703053:nic1.port1 -> lvl02-0101-0827-03lt0:ethernet31/1,1
2026-09-04 05:41:00.0000000,lvl02-0101-0827-03lt0,ethernet31/1,lvl021082703053,nic1.port1,50,4,0,340,lvl02-0101-0827-03lt0:ethernet31/1 -> lvl021082703053:nic1.port1,lvl021082703053:nic1.port1 -> lvl02-0101-0827-03lt0:ethernet31/1,1
2026-09-04 05:41:00.0000000,lvl02-0101-0827-03lt0,ethernet31/1,lvl021082703053,nic1.port1,50,6,0,0,lvl02-0101-0827-03lt0:ethernet31/1 -> lvl021082703053:nic1.port1,lvl021082703053:nic1.port1 -> lvl02-0101-0827-03lt0:ethernet31/1,1
2026-09-04 05:41:00.0000000,lvl02-0101-0827-03lt0,ethernet4/1,lvl021082703007,nic1.port1,50,2,0,0,lvl02-0101-0827-03lt0:ethernet4/1 -> lvl021082703007:nic1.port1,lvl021082703007:nic1.port1 -> lvl02-0101-0827-03lt0:ethernet4/1,1
2026-09-04 05:41:00.0000000,lvl02-0101-0827-03lt0,ethernet4/1,lvl021082703007,nic1.port1,50,3,0,0,lvl02-0101-0827-03lt0:ethernet4/1 -> lvl021082703007:nic1.port1,lvl021082703007:nic1.port1 -> lvl02-0101-0827-03lt0:ethernet4/1,1
2026-09-04 05:41:00.0000000,lvl02-0101-0827-03lt0,ethernet4/1,lvl021082703007,nic1.port1,50,4,0,0,lvl02-0101-0827-03lt0:ethernet4/1 -> lvl021082703007:nic1.port1,lvl021082703007:nic1.port1 -> lvl02-0101-0827-03lt0:ethernet4/1,1
2026-09-04 05:41:00.0000000,lvl02-0101-0827-03lt0,ethernet4/1,lvl021082703007,nic1.port1,50,6,0,0,lvl02-0101-0827-03lt0:ethernet4/1 -> lvl021082703007:nic1.port1,lvl021082703007:nic1.port1 -> lvl02-0101-0827-03lt0:ethernet4/1,1
2026-09-04 05:42:00.0000000,lvl02-0101-0827-03t0,ethernet12/1,lvl021082703019,nic1.port1,50,2,0,0,lvl02-0101-0827-03t0:ethernet12/1 -> lvl021082703019:nic1.port1,lvl021082703019:nic1.port1 -> lvl02-0101-0827-03t0:ethernet12/1,1
2026-09-04 05:42:00.0000000,lvl02-0101-0827-03t0,ethernet12/1,lvl021082703019,nic1.port1,50,3,0,0,lvl02-0101-0827-03t0:ethernet12/1 -> lvl021082703019:nic1.port1,lvl021082703019:nic1.port1 -> lvl02-0101-0827-03t0:ethernet12/1,1
2026-09-04 05:42:00.0000000,lvl02-0101-0827-03t0,ethernet12/1,lvl021082703019,nic1.port1,50,4,0,0,lvl02-0101-0827-03t0:ethernet12/1 -> lvl021082703019:nic1.port1,lvl021082703019:nic1.port1 -> lvl02-0101-0827-03t0:ethernet12/1,1
2026-09-04 05:42:00.0000000,lvl02-0101-0827-03t0,ethernet12/1,lvl021082703019,nic1.port1,50,6,0,0,lvl02-0101-0827-03t0:ethernet12/1 -> lvl021082703019:nic1.port1,lvl021082703019:nic1.port1 -> lvl02-0101-0827-03t0:ethernet12/1,1
2026-09-04 05:42:00.0000000,lvl02-0101-0827-03t0,ethernet14/1,lvl021082703023,nic1.port1,50,2,0,0,lvl02-0101-0827-03t0:ethernet14/1 -> lvl021082703023:nic1.port1,lvl021082703023:nic1.port1 -> lvl02-0101-0827-03t0:ethernet14/1,1
2026-09-04 05:42:00.0000000,lvl02-0101-0827-03t0,ethernet14/1,lvl021082703023,nic1.port1,50,3,0,7942,lvl02-0101-0827-03t0:ethernet14/1 -> lvl021082703023:nic1.port1,lvl021082703023:nic1.port1 -> lvl02-0101-0827-03t0:ethernet14/1,1
2026-09-04 05:42:00.0000000,lvl02-0101-0827-03t0,ethernet14/1,lvl021082703023,nic1.port1,50,4,0,7942,lvl02-0101-0827-03t0:ethernet14/1 -> lvl021082703023:nic1.port1,lvl021082703023:nic1.port1 -> lvl02-0101-0827-03t0:ethernet14/1,1
2026-09-04 05:42:00.0000000,lvl02-0101-0827-03t0,ethernet14/1,lvl021082703023,nic1.port1,50,6,0,0,lvl02-0101-0827-03t0:ethernet14/1 -> lvl021082703023:nic1.port1,lvl021082703023:nic1.port1 -> lvl02-0101-0827-03t0:ethernet14/1,1
2026-09-04 05:42:00.0000000,lvl02-0101-0827-03t0,ethernet15/1,lvl021082703025,nic1.port1,50,2,0,0,lvl02-0101-0827-03t0:ethernet15/1 -> lvl021082703025:nic1.port1,lvl021082703025:nic1.port1 -> lvl02-0101-0827-03t0:ethernet15/1,1
2026-09-04 05:42:00.0000000,lvl02-0101-0827-03t0,ethernet15/1,lvl021082703025,nic1.port1,50,3,0,0,lvl02-0101-0827-03t0:ethernet15/1 -> lvl021082703025:nic1.port1,lvl021082703025:nic1.port1 -> lvl02-0101-0827-03t0:ethernet15/1,1
2026-09-04 05:42:00.0000000,lvl02-0101-0827-03t0,ethernet15/1,lvl021082703025,nic1.port1,50,4,0,0,lvl02-0101-0827-03t0:ethernet15/1 -> lvl021082703025:nic1.port1,lvl021082703025:nic1.port1 -> lvl02-0101-0827-03t0:ethernet15/1,1
2026-09-04 05:42:00.0000000,lvl02-0101-0827-03t0,ethernet15/1,lvl021082703025,nic1.port1,50,6,0,0,lvl02-0101-0827-03t0:ethernet15/1 -> lvl021082703025:nic1.port1,lvl021082703025:nic1.port1 -> lvl02-0101-0827-03t0:ethernet15/1,1
2026-09-04 05:42:00.0000000,lvl02-0101-0827-03t0,ethernet18/1,lvl021082703031,nic1.port1,50,2,0,0,lvl02-0101-0827-03t0:ethernet18/1 -> lvl021082703031:nic1.port1,lvl021082703031:nic1.port1 -> lvl02-0101-0827-03t0:ethernet18/1,1
2026-09-04 05:42:00.0000000,lvl02-0101-0827-03t0,ethernet18/1,lvl021082703031,nic1.port1,50,3,0,0,lvl02-0101-0827-03t0:ethernet18/1 -> lvl021082703031:nic1.port1,lvl021082703031:nic1.port1 -> lvl02-0101-0827-03t0:ethernet18/1,1
2026-09-04 05:42:00.0000000,lvl02-0101-0827-03t0,ethernet18/1,lvl021082703031,nic1.port1,50,4,0,0,lvl02-0101-0827-03t0:ethernet18/1 -> lvl021082703031:nic1.port1,lvl021082703031:nic1.port1 -> lvl02-0101-0827-03t0:ethernet18/1,1
2026-09-04 05:42:00.0000000,lvl02-0101-0827-03t0,ethernet18/1,lvl021082703031,nic1.port1,50,6,0,0,lvl02-0101-0827-03t0:ethernet18/1 -> lvl021082703031:nic1.port1,lvl021082703031:nic1.port1 -> lvl02-0101-0827-03t0:ethernet18/1,1
2026-09-04 05:42:00.0000000,lvl02-0101-0827-03t0,ethernet19/1,lvl021082703033,nic1.port1,50,2,0,0,lvl02-0101-0827-03t0:ethernet19/1 -> lvl021082703033:nic1.port1,lvl021082703033:nic1.port1 -> lvl02-0101-0827-03t0:ethernet19/1,1
2026-09-04 05:42:00.0000000,lvl02-0101-0827-03t0,ethernet19/1,lvl021082703033,nic1.port1,50,3,0,0,lvl02-0101-0827-03t0:ethernet19/1 -> lvl021082703033:nic1.port1,lvl021082703033:nic1.port1 -> lvl02-0101-0827-03t0:ethernet19/1,1
2026-09-04 05:42:00.0000000,lvl02-0101-0827-03t0,ethernet19/1,lvl021082703033,nic1.port1,50,4,0,0,lvl02-0101-0827-03t0:ethernet19/1 -> lvl021082703033:nic1.port1,lvl021082703033:nic1.port1 -> lvl02-0101-0827-03t0:ethernet19/1,1
2026-09-04 05:42:00.0000000,lvl02-0101-0827-03t0,ethernet19/1,lvl021082703033,nic1.port1,50,6,0,0,lvl02-0101-0827-03t0:ethernet19/1 -> lvl021082703033:nic1.port1,lvl021082703033:nic1.port1 -> lvl02-0101-0827-03t0:ethernet19/1,1
2026-09-04 05:42:00.0000000,lvl02-0101-0827-03t0,ethernet2/1,lvl021082703003,nic1.port1,50,2,0,0,lvl02-0101-0827-03t0:ethernet2/1 -> lvl021082703003:nic1.port1,lvl021082703003:nic1.port1 -> lvl02-0101-0827-03t0:ethernet2/1,1
2026-09-04 05:42:00.0000000,lvl02-0101-0827-03t0,ethernet2/1,lvl021082703003,nic1.port1,50,3,0,0,lvl02-0101-0827-03t0:ethernet2/1 -> lvl021082703003:nic1.port1,lvl021082703003:nic1.port1 -> lvl02-0101-0827-03t0:ethernet2/1,1
2026-09-04 05:42:00.0000000,lvl02-0101-0827-03t0,ethernet2/1,lvl021082703003,nic1.port1,50,4,0,0,lvl02-0101-0827-03t0:ethernet2/1 -> lvl021082703003:nic1.port1,lvl021082703003:nic1.port1 -> lvl02-0101-0827-03t0:ethernet2/1,1
2026-09-04 05:42:00.0000000,lvl02-0101-0827-03t0,ethernet2/1,lvl021082703003,nic1.port1,50,6,0,0,lvl02-0101-0827-03t0:ethernet2/1 -> lvl021082703003:nic1.port1,lvl021082703003:nic1.port1 -> lvl02-0101-0827-03t0:ethernet2/1,1
2026-09-04 05:42:00.0000000,lvl02-0101-0827-03t0,ethernet21/1,lvl021082703037,nic1.port1,50,2,0,0,lvl02-0101-0827-03t0:ethernet21/1 -> lvl021082703037:nic1.port1,lvl021082703037:nic1.port1 -> lvl02-0101-0827-03t0:ethernet21/1,1
2026-09-04 05:42:00.0000000,lvl02-0101-0827-03t0,ethernet21/1,lvl021082703037,nic1.port1,50,3,0,2,lvl02-0101-0827-03t0:ethernet21/1 -> lvl021082703037:nic1.port1,lvl021082703037:nic1.port1 -> lvl02-0101-0827-03t0:ethernet21/1,1
2026-09-04 05:42:00.0000000,lvl02-0101-0827-03t0,ethernet21/1,lvl021082703037,nic1.port1,50,4,0,2,lvl02-0101-0827-03t0:ethernet21/1 -> lvl021082703037:nic1.port1,lvl021082703037:nic1.port1 -> lvl02-0101-0827-03t0:ethernet21/1,1
2026-09-04 05:42:00.0000000,lvl02-0101-0827-03t0,ethernet21/1,lvl021082703037,nic1.port1,50,6,0,0,lvl02-0101-0827-03t0:ethernet21/1 -> lvl021082703037:nic1.port1,lvl021082703037:nic1.port1 -> lvl02-0101-0827-03t0:ethernet21/1,1
2026-09-04 05:42:00.0000000,lvl02-0101-0827-03t0,ethernet27/1,lvl021082703045,nic1.port1,50,2,0,0,lvl02-0101-0827-03t0:ethernet27/1 -> lvl021082703045:nic1.port1,lvl021082703045:nic1.port1 -> lvl02-0101-0827-03t0:ethernet27/1,1
2026-09-04 05:42:00.0000000,lvl02-0101-0827-03t0,ethernet27/1,lvl021082703045,nic1.port1,50,3,0,26,lvl02-0101-0827-03t0:ethernet27/1 -> lvl021082703045:nic1.port1,lvl021082703045:nic1.port1 -> lvl02-0101-0827-03t0:ethernet27/1,1
2026-09-04 05:42:00.0000000,lvl02-0101-0827-03t0,ethernet27/1,lvl021082703045,nic1.port1,50,4,0,26,lvl02-0101-0827-03t0:ethernet27/1 -> lvl021082703045:nic1.port1,lvl021082703045:nic1.port1 -> lvl02-0101-0827-03t0:ethernet27/1,1
2026-09-04 05:42:00.0000000,lvl02-0101-0827-03t0,ethernet27/1,lvl021082703045,nic1.port1,50,6,0,0,lvl02-0101-0827-03t0:ethernet27/1 -> lvl021082703045:nic1.port1,lvl021082703045:nic1.port1 -> lvl02-0101-0827-03t0:ethernet27/1,1
2026-09-04 05:42:00.0000000,lvl02-0101-0827-03t0,ethernet29/1,lvl021082703049,nic1.port1,50,2,0,0,lvl02-0101-0827-03t0:ethernet29/1 -> lvl021082703049:nic1.port1,lvl021082703049:nic1.port1 -> lvl02-0101-0827-03t0:ethernet29/1,1
2026-09-04 05:42:00.0000000,lvl02-0101-0827-03t0,ethernet29/1,lvl021082703049,nic1.port1,50,3,0,0,lvl02-0101-0827-03t0:ethernet29/1 -> lvl021082703049:nic1.port1,lvl021082703049:nic1.port1 -> lvl02-0101-0827-03t0:ethernet29/1,1
2026-09-04 05:42:00.0000000,lvl02-0101-0827-03t0,ethernet29/1,lvl021082703049,nic1.port1,50,4,0,0,lvl02-0101-0827-03t0:ethernet29/1 -> lvl021082703049:nic1.port1,lvl021082703049:nic1.port1 -> lvl02-0101-0827-03t0:ethernet29/1,1
2026-09-04 05:42:00.0000000,lvl02-0101-0827-03t0,ethernet29/1,lvl021082703049,nic1.port1,50,6,0,0,lvl02-0101-0827-03t0:ethernet29/1 -> lvl021082703049:nic1.port1,lvl021082703049:nic1.port1 -> lvl02-0101-0827-03t0:ethernet29/1,1
2026-09-04 05:42:00.0000000,lvl02-0101-0827-03t0,ethernet31/1,lvl021082703053,nic1.port1,50,2,0,0,lvl02-0101-0827-03t0:ethernet31/1 -> lvl021082703053:nic1.port1,lvl021082703053:nic1.port1 -> lvl02-0101-0827-03t0:ethernet31/1,1
2026-09-04 05:42:00.0000000,lvl02-0101-0827-03t0,ethernet31/1,lvl021082703053,nic1.port1,50,3,0,146,lvl02-0101-0827-03t0:ethernet31/1 -> lvl021082703053:nic1.port1,lvl021082703053:nic1.port1 -> lvl02-0101-0827-03t0:ethernet31/1,1
2026-09-04 05:42:00.0000000,lvl02-0101-0827-03t0,ethernet31/1,lvl021082703053,nic1.port1,50,4,0,146,lvl02-0101-0827-03t0:ethernet31/1 -> lvl021082703053:nic1.port1,lvl021082703053:nic1.port1 -> lvl02-0101-0827-03t0:ethernet31/1,1
2026-09-04 05:42:00.0000000,lvl02-0101-0827-03t0,ethernet31/1,lvl021082703053,nic1.port1,50,6,0,0,lvl02-0101-0827-03t0:ethernet31/1 -> lvl021082703053:nic1.port1,lvl021082703053:nic1.port1 -> lvl02-0101-0827-03t0:ethernet31/1,1
2026-09-04 05:42:00.0000000,lvl02-0101-0827-03t0,ethernet4/1,lvl021082703007,nic1.port1,50,2,0,0,lvl02-0101-0827-03t0:ethernet4/1 -> lvl021082703007:nic1.port1,lvl021082703007:nic1.port1 -> lvl02-0101-0827-03t0:ethernet4/1,1
2026-09-04 05:42:00.0000000,lvl02-0101-0827-03t0,ethernet4/1,lvl021082703007,nic1.port1,50,3,0,0,lvl02-0101-0827-03t0:ethernet4/1 -> lvl021082703007:nic1.port1,lvl021082703007:nic1.port1 -> lvl02-0101-0827-03t0:ethernet4/1,1
2026-09-04 05:42:00.0000000,lvl02-0101-0827-03t0,ethernet4/1,lvl021082703007,nic1.port1,50,4,0,0,lvl02-0101-0827-03t0:ethernet4/1 -> lvl021082703007:nic1.port1,lvl021082703007:nic1.port1 -> lvl02-0101-0827-03t0:ethernet4/1,1
2026-09-04 05:42:00.0000000,lvl02-0101-0827-03t0,ethernet4/1,lvl021082703007,nic1.port1,50,6,0,0,lvl02-0101-0827-03t0:ethernet4/1 -> lvl021082703007:nic1.port1,lvl021082703007:nic1.port1 -> lvl02-0101-0827-03t0:ethernet4/1,1
2026-09-04 05:46:00.0000000,lvl02-0101-0827-03lt0,ethernet12/1,lvl021082703019,nic1.port1,50,2,0,0,lvl02-0101-0827-03lt0:ethernet12/1 -> lvl021082703019:nic1.port1,lvl021082703019:nic1.port1 -> lvl02-0101-0827-03lt0:ethernet12/1,1
2026-09-04 05:46:00.0000000,lvl02-0101-0827-03lt0,ethernet12/1,lvl021082703019,nic1.port1,50,3,0,0,lvl02-0101-0827-03lt0:ethernet12/1 -> lvl021082703019:nic1.port1,lvl021082703019:nic1.port1 -> lvl02-0101-0827-03lt0:ethernet12/1,1
2026-09-04 05:46:00.0000000,lvl02-0101-0827-03lt0,ethernet12/1,lvl021082703019,nic1.port1,50,4,0,0,lvl02-0101-0827-03lt0:ethernet12/1 -> lvl021082703019:nic1.port1,lvl021082703019:nic1.port1 -> lvl02-0101-0827-03lt0:ethernet12/1,1
2026-09-04 05:46:00.0000000,lvl02-0101-0827-03lt0,ethernet12/1,lvl021082703019,nic1.port1,50,6,0,0,lvl02-0101-0827-03lt0:ethernet12/1 -> lvl021082703019:nic1.port1,lvl021082703019:nic1.port1 -> lvl02-0101-0827-03lt0:ethernet12/1,1
2026-09-04 05:46:00.0000000,lvl02-0101-0827-03lt0,ethernet14/1,lvl021082703023,nic1.port1,50,2,0,0,lvl02-0101-0827-03lt0:ethernet14/1 -> lvl021082703023:nic1.port1,lvl021082703023:nic1.port1 -> lvl02-0101-0827-03lt0:ethernet14/1,1
2026-09-04 05:46:00.0000000,lvl02-0101-0827-03lt0,ethernet14/1,lvl021082703023,nic1.port1,50,3,0,1317,lvl02-0101-0827-03lt0:ethernet14/1 -> lvl021082703023:nic1.port1,lvl021082703023:nic1.port1 -> lvl02-0101-0827-03lt0:ethernet14/1,1
2026-09-04 05:46:00.0000000,lvl02-0101-0827-03lt0,ethernet14/1,lvl021082703023,nic1.port1,50,4,0,1317,lvl02-0101-0827-03lt0:ethernet14/1 -> lvl021082703023:nic1.port1,lvl021082703023:nic1.port1 -> lvl02-0101-0827-03lt0:ethernet14/1,1
2026-09-04 05:46:00.0000000,lvl02-0101-0827-03lt0,ethernet14/1,lvl021082703023,nic1.port1,50,6,0,0,lvl02-0101-0827-03lt0:ethernet14/1 -> lvl021082703023:nic1.port1,lvl021082703023:nic1.port1 -> lvl02-0101-0827-03lt0:ethernet14/1,1
2026-09-04 05:46:00.0000000,lvl02-0101-0827-03lt0,ethernet15/1,lvl021082703025,nic1.port1,50,2,0,0,lvl02-0101-0827-03lt0:ethernet15/1 -> lvl021082703025:nic1.port1,lvl021082703025:nic1.port1 -> lvl02-0101-0827-03lt0:ethernet15/1,1
2026-09-04 05:46:00.0000000,lvl02-0101-0827-03lt0,ethernet15/1,lvl021082703025,nic1.port1,50,3,0,0,lvl02-0101-0827-03lt0:ethernet15/1 -> lvl021082703025:nic1.port1,lvl021082703025:nic1.port1 -> lvl02-0101-0827-03lt0:ethernet15/1,1
2026-09-04 05:46:00.0000000,lvl02-0101-0827-03lt0,ethernet15/1,lvl021082703025,nic1.port1,50,4,0,0,lvl02-0101-0827-03lt0:ethernet15/1 -> lvl021082703025:nic1.port1,lvl021082703025:nic1.port1 -> lvl02-0101-0827-03lt0:ethernet15/1,1
2026-09-04 05:46:00.0000000,lvl02-0101-0827-03lt0,ethernet15/1,lvl021082703025,nic1.port1,50,6,0,0,lvl02-0101-0827-03lt0:ethernet15/1 -> lvl021082703025:nic1.port1,lvl021082703025:nic1.port1 -> lvl02-0101-0827-03lt0:ethernet15/1,1
2026-09-04 05:46:00.0000000,lvl02-0101-0827-03lt0,ethernet18/1,lvl021082703031,nic1.port1,50,2,0,0,lvl02-0101-0827-03lt0:ethernet18/1 -> lvl021082703031:nic1.port1,lvl021082703031:nic1.port1 -> lvl02-0101-0827-03lt0:ethernet18/1,1
2026-09-04 05:46:00.0000000,lvl02-0101-0827-03lt0,ethernet18/1,lvl021082703031,nic1.port1,50,3,0,0,lvl02-0101-0827-03lt0:ethernet18/1 -> lvl021082703031:nic1.port1,lvl021082703031:nic1.port1 -> lvl02-0101-0827-03lt0:ethernet18/1,1
2026-09-04 05:46:00.0000000,lvl02-0101-0827-03lt0,ethernet18/1,lvl021082703031,nic1.port1,50,4,0,0,lvl02-0101-0827-03lt0:ethernet18/1 -> lvl021082703031:nic1.port1,lvl021082703031:nic1.port1 -> lvl02-0101-0827-03lt0:ethernet18/1,1
2026-09-04 05:46:00.0000000,lvl02-0101-0827-03lt0,ethernet18/1,lvl021082703031,nic1.port1,50,6,0,0,lvl02-0101-0827-03lt0:ethernet18/1 -> lvl021082703031:nic1.port1,lvl021082703031:nic1.port1 -> lvl02-0101-0827-03lt0:ethernet18/1,1
2026-09-04 05:46:00.0000000,lvl02-0101-0827-03lt0,ethernet19/1,lvl021082703033,nic1.port1,50,2,0,0,lvl02-0101-0827-03lt0:ethernet19/1 -> lvl021082703033:nic1.port1,lvl021082703033:nic1.port1 -> lvl02-0101-0827-03lt0:ethernet19/1,1
2026-09-04 05:46:00.0000000,lvl02-0101-0827-03lt0,ethernet19/1,lvl021082703033,nic1.port1,50,3,0,0,lvl02-0101-0827-03lt0:ethernet19/1 -> lvl021082703033:nic1.port1,lvl021082703033:nic1.port1 -> lvl02-0101-0827-03lt0:ethernet19/1,1
2026-09-04 05:46:00.0000000,lvl02-0101-0827-03lt0,ethernet19/1,lvl021082703033,nic1.port1,50,4,0,0,lvl02-0101-0827-03lt0:ethernet19/1 -> lvl021082703033:nic1.port1,lvl021082703033:nic1.port1 -> lvl02-0101-0827-03lt0:ethernet19/1,1
2026-09-04 05:46:00.0000000,lvl02-0101-0827-03lt0,ethernet19/1,lvl021082703033,nic1.port1,50,6,0,0,lvl02-0101-0827-03lt0:ethernet19/1 -> lvl021082703033:nic1.port1,lvl021082703033:nic1.port1 -> lvl02-0101-0827-03lt0:ethernet19/1,1
2026-09-04 05:46:00.0000000,lvl02-0101-0827-03lt0,ethernet2/1,lvl021082703003,nic1.port1,50,2,0,0,lvl02-0101-0827-03lt0:ethernet2/1 -> lvl021082703003:nic1.port1,lvl021082703003:nic1.port1 -> lvl02-0101-0827-03lt0:ethernet2/1,1
2026-09-04 05:46:00.0000000,lvl02-0101-0827-03lt0,ethernet2/1,lvl021082703003,nic1.port1,50,3,0,0,lvl02-0101-0827-03lt0:ethernet2/1 -> lvl021082703003:nic1.port1,lvl021082703003:nic1.port1 -> lvl02-0101-0827-03lt0:ethernet2/1,1
2026-09-04 05:46:00.0000000,lvl02-0101-0827-03lt0,ethernet2/1,lvl021082703003,nic1.port1,50,4,0,0,lvl02-0101-0827-03lt0:ethernet2/1 -> lvl021082703003:nic1.port1,lvl021082703003:nic1.port1 -> lvl02-0101-0827-03lt0:ethernet2/1,1
2026-09-04 05:46:00.0000000,lvl02-0101-0827-03lt0,ethernet2/1,lvl021082703003,nic1.port1,50,6,0,0,lvl02-0101-0827-03lt0:ethernet2/1 -> lvl021082703003:nic1.port1,lvl021082703003:nic1.port1 -> lvl02-0101-0827-03lt0:ethernet2/1,1
2026-09-04 05:46:00.0000000,lvl02-0101-0827-03lt0,ethernet21/1,lvl021082703037,nic1.port1,50,2,0,0,lvl02-0101-0827-03lt0:ethernet21/1 -> lvl021082703037:nic1.port1,lvl021082703037:nic1.port1 -> lvl02-0101-0827-03lt0:ethernet21/1,1
2026-09-04 05:46:00.0000000,lvl02-0101-0827-03lt0,ethernet21/1,lvl021082703037,nic1.port1,50,3,0,2,lvl02-0101-0827-03lt0:ethernet21/1 -> lvl021082703037:nic1.port1,lvl021082703037:nic1.port1 -> lvl02-0101-0827-03lt0:ethernet21/1,1
2026-09-04 05:46:00.0000000,lvl02-0101-0827-03lt0,ethernet21/1,lvl021082703037,nic1.port1,50,4,0,2,lvl02-0101-0827-03lt0:ethernet21/1 -> lvl021082703037:nic1.port1,lvl021082703037:nic1.port1 -> lvl02-0101-0827-03lt0:ethernet21/1,1
2026-09-04 05:46:00.0000000,lvl02-0101-0827-03lt0,ethernet21/1,lvl021082703037,nic1.port1,50,6,0,0,lvl02-0101-0827-03lt0:ethernet21/1 -> lvl021082703037:nic1.port1,lvl021082703037:nic1.port1 -> lvl02-0101-0827-03lt0:ethernet21/1,1
2026-09-04 05:46:00.0000000,lvl02-0101-0827-03lt0,ethernet27/1,lvl021082703045,nic1.port1,50,2,0,0,lvl02-0101-0827-03lt0:ethernet27/1 -> lvl021082703045:nic1.port1,lvl021082703045:nic1.port1 -> lvl02-0101-0827-03lt0:ethernet27/1,1
2026-09-04 05:46:00.0000000,lvl02-0101-0827-03lt0,ethernet27/1,lvl021082703045,nic1.port1,50,3,0,22,lvl02-0101-0827-03lt0:ethernet27/1 -> lvl021082703045:nic1.port1,lvl021082703045:nic1.port1 -> lvl02-0101-0827-03lt0:ethernet27/1,1
2026-09-04 05:46:00.0000000,lvl02-0101-0827-03lt0,ethernet27/1,lvl021082703045,nic1.port1,50,4,0,22,lvl02-0101-0827-03lt0:ethernet27/1 -> lvl021082703045:nic1.port1,lvl021082703045:nic1.port1 -> lvl02-0101-0827-03lt0:ethernet27/1,1
2026-09-04 05:46:00.0000000,lvl02-0101-0827-03lt0,ethernet27/1,lvl021082703045,nic1.port1,50,6,0,0,lvl02-0101-0827-03lt0:ethernet27/1 -> lvl021082703045:nic1.port1,lvl021082703045:nic1.port1 -> lvl02-0101-0827-03lt0:ethernet27/1,1
2026-09-04 05:46:00.0000000,lvl02-0101-0827-03lt0,ethernet29/1,lvl021082703049,nic1.port1,50,2,0,0,lvl02-0101-0827-03lt0:ethernet29/1 -> lvl021082703049:nic1.port1,lvl021082703049:nic1.port1 -> lvl02-0101-0827-03lt0:ethernet29/1,1
2026-09-04 05:46:00.0000000,lvl02-0101-0827-03lt0,ethernet29/1,lvl021082703049,nic1.port1,50,3,0,0,lvl02-0101-0827-03lt0:ethernet29/1 -> lvl021082703049:nic1.port1,lvl021082703049:nic1.port1 -> lvl02-0101-0827-03lt0:ethernet29/1,1
2026-09-04 05:46:00.0000000,lvl02-0101-0827-03lt0,ethernet29/1,lvl021082703049,nic1.port1,50,4,0,0,lvl02-0101-0827-03lt0:ethernet29/1 -> lvl021082703049:nic1.port1,lvl021082703049:nic1.port1 -> lvl02-0101-0827-03lt0:ethernet29/1,1
2026-09-04 05:46:00.0000000,lvl02-0101-0827-03lt0,ethernet29/1,lvl021082703049,nic1.port1,50,6,0,0,lvl02-0101-0827-03lt0:ethernet29/1 -> lvl021082703049:nic1.port1,lvl021082703049:nic1.port1 -> lvl02-0101-0827-03lt0:ethernet29/1,1
2026-09-04 05:46:00.0000000,lvl02-0101-0827-03lt0,ethernet31/1,lvl021082703053,nic1.port1,50,2,0,0,lvl02-0101-0827-03lt0:ethernet31/1 -> lvl021082703053:nic1.port1,lvl021082703053:nic1.port1 -> lvl02-0101-0827-03lt0:ethernet31/1,1
2026-09-04 05:46:00.0000000,lvl02-0101-0827-03lt0,ethernet31/1,lvl021082703053,nic1.port1,50,3,0,166,lvl02-0101-0827-03lt0:ethernet31/1 -> lvl021082703053:nic1.port1,lvl021082703053:nic1.port1 -> lvl02-0101-0827-03lt0:ethernet31/1,1
2026-09-04 05:46:00.0000000,lvl02-0101-0827-03lt0,ethernet31/1,lvl021082703053,nic1.port1,50,4,0,166,lvl02-0101-0827-03lt0:ethernet31/1 -> lvl021082703053:nic1.port1,lvl021082703053:nic1.port1 -> lvl02-0101-0827-03lt0:ethernet31/1,1
2026-09-04 05:46:00.0000000,lvl02-0101-0827-03lt0,ethernet31/1,lvl021082703053,nic1.port1,50,6,0,0,lvl02-0101-0827-03lt0:ethernet31/1 -> lvl021082703053:nic1.port1,lvl021082703053:nic1.port1 -> lvl02-0101-0827-03lt0:ethernet31/1,1
2026-09-04 05:46:00.0000000,lvl02-0101-0827-03lt0,ethernet4/1,lvl021082703007,nic1.port1,50,2,0,0,lvl02-0101-0827-03lt0:ethernet4/1 -> lvl021082703007:nic1.port1,lvl021082703007:nic1.port1 -> lvl02-0101-0827-03lt0:ethernet4/1,1
2026-09-04 05:46:00.0000000,lvl02-0101-0827-03lt0,ethernet4/1,lvl021082703007,nic1.port1,50,3,0,0,lvl02-0101-0827-03lt0:ethernet4/1 -> lvl021082703007:nic1.port1,lvl021082703007:nic1.port1 -> lvl02-0101-0827-03lt0:ethernet4/1,1
2026-09-04 05:46:00.0000000,lvl02-0101-0827-03lt0,ethernet4/1,lvl021082703007,nic1.port1,50,4,0,0,lvl02-0101-0827-03lt0:ethernet4/1 -> lvl021082703007:nic1.port1,lvl021082703007:nic1.port1 -> lvl02-0101-0827-03lt0:ethernet4/1,1
2026-09-04 05:46:00.0000000,lvl02-0101-0827-03lt0,ethernet4/1,lvl021082703007,nic1.port1,50,6,0,0,lvl02-0101-0827-03lt0:ethernet4/1 -> lvl021082703007:nic1.port1,lvl021082703007:nic1.port1 -> lvl02-0101-0827-03lt0:ethernet4/1,1
2026-09-04 05:47:00.0000000,lvl02-0101-0827-03t0,ethernet12/1,lvl021082703019,nic1.port1,50,2,0,0,lvl02-0101-0827-03t0:ethernet12/1 -> lvl021082703019:nic1.port1,lvl021082703019:nic1.port1 -> lvl02-0101-0827-03t0:ethernet12/1,1
2026-09-04 05:47:00.0000000,lvl02-0101-0827-03t0,ethernet12/1,lvl021082703019,nic1.port1,50,3,0,0,lvl02-0101-0827-03t0:ethernet12/1 -> lvl021082703019:nic1.port1,lvl021082703019:nic1.port1 -> lvl02-0101-0827-03t0:ethernet12/1,1
2026-09-04 05:47:00.0000000,lvl02-0101-0827-03t0,ethernet12/1,lvl021082703019,nic1.port1,50,4,0,0,lvl02-0101-0827-03t0:ethernet12/1 -> lvl021082703019:nic1.port1,lvl021082703019:nic1.port1 -> lvl02-0101-0827-03t0:ethernet12/1,1
2026-09-04 05:47:00.0000000,lvl02-0101-0827-03t0,ethernet12/1,lvl021082703019,nic1.port1,50,6,0,0,lvl02-0101-0827-03t0:ethernet12/1 -> lvl021082703019:nic1.port1,lvl021082703019:nic1.port1 -> lvl02-0101-0827-03t0:ethernet12/1,1
2026-09-04 05:47:00.0000000,lvl02-0101-0827-03t0,ethernet14/1,lvl021082703023,nic1.port1,50,2,0,0,lvl02-0101-0827-03t0:ethernet14/1 -> lvl021082703023:nic1.port1,lvl021082703023:nic1.port1 -> lvl02-0101-0827-03t0:ethernet14/1,1
2026-09-04 05:47:00.0000000,lvl02-0101-0827-03t0,ethernet14/1,lvl021082703023,nic1.port1,50,3,0,613,lvl02-0101-0827-03t0:ethernet14/1 -> lvl021082703023:nic1.port1,lvl021082703023:nic1.port1 -> lvl02-0101-0827-03t0:ethernet14/1,1
2026-09-04 05:47:00.0000000,lvl02-0101-0827-03t0,ethernet14/1,lvl021082703023,nic1.port1,50,4,0,613,lvl02-0101-0827-03t0:ethernet14/1 -> lvl021082703023:nic1.port1,lvl021082703023:nic1.port1 -> lvl02-0101-0827-03t0:ethernet14/1,1
2026-09-04 05:47:00.0000000,lvl02-0101-0827-03t0,ethernet14/1,lvl021082703023,nic1.port1,50,6,0,0,lvl02-0101-0827-03t0:ethernet14/1 -> lvl021082703023:nic1.port1,lvl021082703023:nic1.port1 -> lvl02-0101-0827-03t0:ethernet14/1,1
2026-09-04 05:47:00.0000000,lvl02-0101-0827-03t0,ethernet15/1,lvl021082703025,nic1.port1,50,2,0,0,lvl02-0101-0827-03t0:ethernet15/1 -> lvl021082703025:nic1.port1,lvl021082703025:nic1.port1 -> lvl02-0101-0827-03t0:ethernet15/1,1
2026-09-04 05:47:00.0000000,lvl02-0101-0827-03t0,ethernet15/1,lvl021082703025,nic1.port1,50,3,0,0,lvl02-0101-0827-03t0:ethernet15/1 -> lvl021082703025:nic1.port1,lvl021082703025:nic1.port1 -> lvl02-0101-0827-03t0:ethernet15/1,1
2026-09-04 05:47:00.0000000,lvl02-0101-0827-03t0,ethernet15/1,lvl021082703025,nic1.port1,50,4,0,0,lvl02-0101-0827-03t0:ethernet15/1 -> lvl021082703025:nic1.port1,lvl021082703025:nic1.port1 -> lvl02-0101-0827-03t0:ethernet15/1,1
2026-09-04 05:47:00.0000000,lvl02-0101-0827-03t0,ethernet15/1,lvl021082703025,nic1.port1,50,6,0,0,lvl02-0101-0827-03t0:ethernet15/1 -> lvl021082703025:nic1.port1,lvl021082703025:nic1.port1 -> lvl02-0101-0827-03t0:ethernet15/1,1
2026-09-04 05:47:00.0000000,lvl02-0101-0827-03t0,ethernet18/1,lvl021082703031,nic1.port1,50,2,0,0,lvl02-0101-0827-03t0:ethernet18/1 -> lvl021082703031:nic1.port1,lvl021082703031:nic1.port1 -> lvl02-0101-0827-03t0:ethernet18/1,1
2026-09-04 05:47:00.0000000,lvl02-0101-0827-03t0,ethernet18/1,lvl021082703031,nic1.port1,50,3,0,0,lvl02-0101-0827-03t0:ethernet18/1 -> lvl021082703031:nic1.port1,lvl021082703031:nic1.port1 -> lvl02-0101-0827-03t0:ethernet18/1,1
2026-09-04 05:47:00.0000000,lvl02-0101-0827-03t0,ethernet18/1,lvl021082703031,nic1.port1,50,4,0,0,lvl02-0101-0827-03t0:ethernet18/1 -> lvl021082703031:nic1.port1,lvl021082703031:nic1.port1 -> lvl02-0101-0827-03t0:ethernet18/1,1
2026-09-04 05:47:00.0000000,lvl02-0101-0827-03t0,ethernet18/1,lvl021082703031,nic1.port1,50,6,0,0,lvl02-0101-0827-03t0:ethernet18/1 -> lvl021082703031:nic1.port1,lvl021082703031:nic1.port1 -> lvl02-0101-0827-03t0:ethernet18/1,1
2026-09-04 05:47:00.0000000,lvl02-0101-0827-03t0,ethernet19/1,lvl021082703033,nic1.port1,50,2,0,0,lvl02-0101-0827-03t0:ethernet19/1 -> lvl021082703033:nic1.port1,lvl021082703033:nic1.port1 -> lvl02-0101-0827-03t0:ethernet19/1,1
2026-09-04 05:47:00.0000000,lvl02-0101-0827-03t0,ethernet19/1,lvl021082703033,nic1.port1,50,3,0,0,lvl02-0101-0827-03t0:ethernet19/1 -> lvl021082703033:nic1.port1,lvl021082703033:nic1.port1 -> lvl02-0101-0827-03t0:ethernet19/1,1
2026-09-04 05:47:00.0000000,lvl02-0101-0827-03t0,ethernet19/1,lvl021082703033,nic1.port1,50,4,0,0,lvl02-0101-0827-03t0:ethernet19/1 -> lvl021082703033:nic1.port1,lvl021082703033:nic1.port1 -> lvl02-0101-0827-03t0:ethernet19/1,1
2026-09-04 05:47:00.0000000,lvl02-0101-0827-03t0,ethernet19/1,lvl021082703033,nic1.port1,50,6,0,0,lvl02-0101-0827-03t0:ethernet19/1 -> lvl021082703033:nic1.port1,lvl021082703033:nic1.port1 -> lvl02-0101-0827-03t0:ethernet19/1,1
2026-09-04 05:47:00.0000000,lvl02-0101-0827-03t0,ethernet2/1,lvl021082703003,nic1.port1,50,2,0,0,lvl02-0101-0827-03t0:ethernet2/1 -> lvl021082703003:nic1.port1,lvl021082703003:nic1.port1 -> lvl02-0101-0827-03t0:ethernet2/1,1
2026-09-04 05:47:00.0000000,lvl02-0101-0827-03t0,ethernet2/1,lvl021082703003,nic1.port1,50,3,0,0,lvl02-0101-0827-03t0:ethernet2/1 -> lvl021082703003:nic1.port1,lvl021082703003:nic1.port1 -> lvl02-0101-0827-03t0:ethernet2/1,1
2026-09-04 05:47:00.0000000,lvl02-0101-0827-03t0,ethernet2/1,lvl021082703003,nic1.port1,50,4,0,0,lvl02-0101-0827-03t0:ethernet2/1 -> lvl021082703003:nic1.port1,lvl021082703003:nic1.port1 -> lvl02-0101-0827-03t0:ethernet2/1,1
2026-09-04 05:47:00.0000000,lvl02-0101-0827-03t0,ethernet2/1,lvl021082703003,nic1.port1,50,6,0,0,lvl02-0101-0827-03t0:ethernet2/1 -> lvl021082703003:nic1.port1,lvl021082703003:nic1.port1 -> lvl02-0101-0827-03t0:ethernet2/1,1
2026-09-04 05:47:00.0000000,lvl02-0101-0827-03t0,ethernet21/1,lvl021082703037,nic1.port1,50,2,0,0,lvl02-0101-0827-03t0:ethernet21/1 -> lvl021082703037:nic1.port1,lvl021082703037:nic1.port1 -> lvl02-0101-0827-03t0:ethernet21/1,1
2026-09-04 05:47:00.0000000,lvl02-0101-0827-03t0,ethernet21/1,lvl021082703037,nic1.port1,50,3,0,0,lvl02-0101-0827-03t0:ethernet21/1 -> lvl021082703037:nic1.port1,lvl021082703037:nic1.port1 -> lvl02-0101-0827-03t0:ethernet21/1,1
2026-09-04 05:47:00.0000000,lvl02-0101-0827-03t0,ethernet21/1,lvl021082703037,nic1.port1,50,4,0,0,lvl02-0101-0827-03t0:ethernet21/1 -> lvl021082703037:nic1.port1,lvl021082703037:nic1.port1 -> lvl02-0101-0827-03t0:ethernet21/1,1
2026-09-04 05:47:00.0000000,lvl02-0101-0827-03t0,ethernet21/1,lvl021082703037,nic1.port1,50,6,0,0,lvl02-0101-0827-03t0:ethernet21/1 -> lvl021082703037:nic1.port1,lvl021082703037:nic1.port1 -> lvl02-0101-0827-03t0:ethernet21/1,1
2026-09-04 05:47:00.0000000,lvl02-0101-0827-03t0,ethernet27/1,lvl021082703045,nic1.port1,50,2,0,0,lvl02-0101-0827-03t0:ethernet27/1 -> lvl021082703045:nic1.port1,lvl021082703045:nic1.port1 -> lvl02-0101-0827-03t0:ethernet27/1,1
2026-09-04 05:47:00.0000000,lvl02-0101-0827-03t0,ethernet27/1,lvl021082703045,nic1.port1,50,3,0,0,lvl02-0101-0827-03t0:ethernet27/1 -> lvl021082703045:nic1.port1,lvl021082703045:nic1.port1 -> lvl02-0101-0827-03t0:ethernet27/1,1
2026-09-04 05:47:00.0000000,lvl02-0101-0827-03t0,ethernet27/1,lvl021082703045,nic1.port1,50,4,0,0,lvl02-0101-0827-03t0:ethernet27/1 -> lvl021082703045:nic1.port1,lvl021082703045:nic1.port1 -> lvl02-0101-0827-03t0:ethernet27/1,1
2026-09-04 05:47:00.0000000,lvl02-0101-0827-03t0,ethernet27/1,lvl021082703045,nic1.port1,50,6,0,0,lvl02-0101-0827-03t0:ethernet27/1 -> lvl021082703045:nic1.port1,lvl021082703045:nic1.port1 -> lvl02-0101-0827-03t0:ethernet27/1,1
2026-09-04 05:47:00.0000000,lvl02-0101-0827-03t0,ethernet29/1,lvl021082703049,nic1.port1,50,2,0,0,lvl02-0101-0827-03t0:ethernet29/1 -> lvl021082703049:nic1.port1,lvl021082703049:nic1.port1 -> lvl02-0101-0827-03t0:ethernet29/1,1
2026-09-04 05:47:00.0000000,lvl02-0101-0827-03t0,ethernet29/1,lvl021082703049,nic1.port1,50,3,0,0,lvl02-0101-0827-03t0:ethernet29/1 -> lvl021082703049:nic1.port1,lvl021082703049:nic1.port1 -> lvl02-0101-0827-03t0:ethernet29/1,1
2026-09-04 05:47:00.0000000,lvl02-0101-0827-03t0,ethernet29/1,lvl021082703049,nic1.port1,50,4,0,0,lvl02-0101-0827-03t0:ethernet29/1 -> lvl021082703049:nic1.port1,lvl021082703049:nic1.port1 -> lvl02-0101-0827-03t0:ethernet29/1,1
2026-09-04 05:47:00.0000000,lvl02-0101-0827-03t0,ethernet29/1,lvl021082703049,nic1.port1,50,6,0,0,lvl02-0101-0827-03t0:ethernet29/1 -> lvl021082703049:nic1.port1,lvl021082703049:nic1.port1 -> lvl02-0101-0827-03t0:ethernet29/1,1
2026-09-04 05:47:00.0000000,lvl02-0101-0827-03t0,ethernet31/1,lvl021082703053,nic1.port1,50,2,0,0,lvl02-0101-0827-03t0:ethernet31/1 -> lvl021082703053:nic1.port1,lvl021082703053:nic1.port1 -> lvl02-0101-0827-03t0:ethernet31/1,1
2026-09-04 05:47:00.0000000,lvl02-0101-0827-03t0,ethernet31/1,lvl021082703053,nic1.port1,50,3,0,166,lvl02-0101-0827-03t0:ethernet31/1 -> lvl021082703053:nic1.port1,lvl021082703053:nic1.port1 -> lvl02-0101-0827-03t0:ethernet31/1,1
2026-09-04 05:47:00.0000000,lvl02-0101-0827-03t0,ethernet31/1,lvl021082703053,nic1.port1,50,4,0,166,lvl02-0101-0827-03t0:ethernet31/1 -> lvl021082703053:nic1.port1,lvl021082703053:nic1.port1 -> lvl02-0101-0827-03t0:ethernet31/1,1
2026-09-04 05:47:00.0000000,lvl02-0101-0827-03t0,ethernet31/1,lvl021082703053,nic1.port1,50,6,0,0,lvl02-0101-0827-03t0:ethernet31/1 -> lvl021082703053:nic1.port1,lvl021082703053:nic1.port1 -> lvl02-0101-0827-03t0:ethernet31/1,1
2026-09-04 05:47:00.0000000,lvl02-0101-0827-03t0,ethernet4/1,lvl021082703007,nic1.port1,50,2,0,0,lvl02-0101-0827-03t0:ethernet4/1 -> lvl021082703007:nic1.port1,lvl021082703007:nic1.port1 -> lvl02-0101-0827-03t0:ethernet4/1,1
2026-09-04 05:47:00.0000000,lvl02-0101-0827-03t0,ethernet4/1,lvl021082703007,nic1.port1,50,3,0,0,lvl02-0101-0827-03t0:ethernet4/1 -> lvl021082703007:nic1.port1,lvl021082703007:nic1.port1 -> lvl02-0101-0827-03t0:ethernet4/1,1
2026-09-04 05:47:00.0000000,lvl02-0101-0827-03t0,ethernet4/1,lvl021082703007,nic1.port1,50,4,0,0,lvl02-0101-0827-03t0:ethernet4/1 -> lvl021082703007:nic1.port1,lvl021082703007:nic1.port1 -> lvl02-0101-0827-03t0:ethernet4/1,1
2026-09-04 05:47:00.0000000,lvl02-0101-0827-03t0,ethernet4/1,lvl021082703007,nic1.port1,50,6,0,0,lvl02-0101-0827-03t0:ethernet4/1 -> lvl021082703007:nic1.port1,lvl021082703007:nic1.port1 -> lvl02-0101-0827-03t0:ethernet4/1,1
2026-09-04 05:51:00.0000000,lvl02-0101-0827-03lt0,ethernet12/1,lvl021082703019,nic1.port1,50,2,0,0,lvl02-0101-0827-03lt0:ethernet12/1 -> lvl021082703019:nic1.port1,lvl021082703019:nic1.port1 -> lvl02-0101-0827-03lt0:ethernet12/1,1
2026-09-04 05:51:00.0000000,lvl02-0101-0827-03lt0,ethernet12/1,lvl021082703019,nic1.port1,50,3,0,0,lvl02-0101-0827-03lt0:ethernet12/1 -> lvl021082703019:nic1.port1,lvl021082703019:nic1.port1 -> lvl02-0101-0827-03lt0:ethernet12/1,1
2026-09-04 05:51:00.0000000,lvl02-0101-0827-03lt0,ethernet12/1,lvl021082703019,nic1.port1,50,4,0,0,lvl02-0101-0827-03lt0:ethernet12/1 -> lvl021082703019:nic1.port1,lvl021082703019:nic1.port1 -> lvl02-0101-0827-03lt0:ethernet12/1,1
2026-09-04 05:51:00.0000000,lvl02-0101-0827-03lt0,ethernet12/1,lvl021082703019,nic1.port1,50,6,0,0,lvl02-0101-0827-03lt0:ethernet12/1 -> lvl021082703019:nic1.port1,lvl021082703019:nic1.port1 -> lvl02-0101-0827-03lt0:ethernet12/1,1
2026-09-04 05:51:00.0000000,lvl02-0101-0827-03lt0,ethernet14/1,lvl021082703023,nic1.port1,50,2,0,0,lvl02-0101-0827-03lt0:ethernet14/1 -> lvl021082703023:nic1.port1,lvl021082703023:nic1.port1 -> lvl02-0101-0827-03lt0:ethernet14/1,1
2026-09-04 05:51:00.0000000,lvl02-0101-0827-03lt0,ethernet14/1,lvl021082703023,nic1.port1,50,3,0,6,lvl02-0101-0827-03lt0:ethernet14/1 -> lvl021082703023:nic1.port1,lvl021082703023:nic1.port1 -> lvl02-0101-0827-03lt0:ethernet14/1,1
2026-09-04 05:51:00.0000000,lvl02-0101-0827-03lt0,ethernet14/1,lvl021082703023,nic1.port1,50,4,0,6,lvl02-0101-0827-03lt0:ethernet14/1 -> lvl021082703023:nic1.port1,lvl021082703023:nic1.port1 -> lvl02-0101-0827-03lt0:ethernet14/1,1
2026-09-04 05:51:00.0000000,lvl02-0101-0827-03lt0,ethernet14/1,lvl021082703023,nic1.port1,50,6,0,0,lvl02-0101-0827-03lt0:ethernet14/1 -> lvl021082703023:nic1.port1,lvl021082703023:nic1.port1 -> lvl02-0101-0827-03lt0:ethernet14/1,1
2026-09-04 05:51:00.0000000,lvl02-0101-0827-03lt0,ethernet15/1,lvl021082703025,nic1.port1,50,2,0,0,lvl02-0101-0827-03lt0:ethernet15/1 -> lvl021082703025:nic1.port1,lvl021082703025:nic1.port1 -> lvl02-0101-0827-03lt0:ethernet15/1,1
2026-09-04 05:51:00.0000000,lvl02-0101-0827-03lt0,ethernet15/1,lvl021082703025,nic1.port1,50,3,0,0,lvl02-0101-0827-03lt0:ethernet15/1 -> lvl021082703025:nic1.port1,lvl021082703025:nic1.port1 -> lvl02-0101-0827-03lt0:ethernet15/1,1
2026-09-04 05:51:00.0000000,lvl02-0101-0827-03lt0,ethernet15/1,lvl021082703025,nic1.port1,50,4,0,0,lvl02-0101-0827-03lt0:ethernet15/1 -> lvl021082703025:nic1.port1,lvl021082703025:nic1.port1 -> lvl02-0101-0827-03lt0:ethernet15/1,1
2026-09-04 05:51:00.0000000,lvl02-0101-0827-03lt0,ethernet15/1,lvl021082703025,nic1.port1,50,6,0,0,lvl02-0101-0827-03lt0:ethernet15/1 -> lvl021082703025:nic1.port1,lvl021082703025:nic1.port1 -> lvl02-0101-0827-03lt0:ethernet15/1,1
2026-09-04 05:51:00.0000000,lvl02-0101-0827-03lt0,ethernet18/1,lvl021082703031,nic1.port1,50,2,0,0,lvl02-0101-0827-03lt0:ethernet18/1 -> lvl021082703031:nic1.port1,lvl021082703031:nic1.port1 -> lvl02-0101-0827-03lt0:ethernet18/1,1
2026-09-04 05:51:00.0000000,lvl02-0101-0827-03lt0,ethernet18/1,lvl021082703031,nic1.port1,50,3,0,0,lvl02-0101-0827-03lt0:ethernet18/1 -> lvl021082703031:nic1.port1,lvl021082703031:nic1.port1 -> lvl02-0101-0827-03lt0:ethernet18/1,1
2026-09-04 05:51:00.0000000,lvl02-0101-0827-03lt0,ethernet18/1,lvl021082703031,nic1.port1,50,4,0,0,lvl02-0101-0827-03lt0:ethernet18/1 -> lvl021082703031:nic1.port1,lvl021082703031:nic1.port1 -> lvl02-0101-0827-03lt0:ethernet18/1,1
2026-09-04 05:51:00.0000000,lvl02-0101-0827-03lt0,ethernet18/1,lvl021082703031,nic1.port1,50,6,0,0,lvl02-0101-0827-03lt0:ethernet18/1 -> lvl021082703031:nic1.port1,lvl021082703031:nic1.port1 -> lvl02-0101-0827-03lt0:ethernet18/1,1
2026-09-04 05:51:00.0000000,lvl02-0101-0827-03lt0,ethernet19/1,lvl021082703033,nic1.port1,50,2,0,0,lvl02-0101-0827-03lt0:ethernet19/1 -> lvl021082703033:nic1.port1,lvl021082703033:nic1.port1 -> lvl02-0101-0827-03lt0:ethernet19/1,1
2026-09-04 05:51:00.0000000,lvl02-0101-0827-03lt0,ethernet19/1,lvl021082703033,nic1.port1,50,3,0,0,lvl02-0101-0827-03lt0:ethernet19/1 -> lvl021082703033:nic1.port1,lvl021082703033:nic1.port1 -> lvl02-0101-0827-03lt0:ethernet19/1,1
2026-09-04 05:51:00.0000000,lvl02-0101-0827-03lt0,ethernet19/1,lvl021082703033,nic1.port1,50,4,0,0,lvl02-0101-0827-03lt0:ethernet19/1 -> lvl021082703033:nic1.port1,lvl021082703033:nic1.port1 -> lvl02-0101-0827-03lt0:ethernet19/1,1
2026-09-04 05:51:00.0000000,lvl02-0101-0827-03lt0,ethernet19/1,lvl021082703033,nic1.port1,50,6,0,0,lvl02-0101-0827-03lt0:ethernet19/1 -> lvl021082703033:nic1.port1,lvl021082703033:nic1.port1 -> lvl02-0101-0827-03lt0:ethernet19/1,1
2026-09-04 05:51:00.0000000,lvl02-0101-0827-03lt0,ethernet2/1,lvl021082703003,nic1.port1,50,2,0,0,lvl02-0101-0827-03lt0:ethernet2/1 -> lvl021082703003:nic1.port1,lvl021082703003:nic1.port1 -> lvl02-0101-0827-03lt0:ethernet2/1,1
2026-09-04 05:51:00.0000000,lvl02-0101-0827-03lt0,ethernet2/1,lvl021082703003,nic1.port1,50,3,0,0,lvl02-0101-0827-03lt0:ethernet2/1 -> lvl021082703003:nic1.port1,lvl021082703003:nic1.port1 -> lvl02-0101-0827-03lt0:ethernet2/1,1
2026-09-04 05:51:00.0000000,lvl02-0101-0827-03lt0,ethernet2/1,lvl021082703003,nic1.port1,50,4,0,0,lvl02-0101-0827-03lt0:ethernet2/1 -> lvl021082703003:nic1.port1,lvl021082703003:nic1.port1 -> lvl02-0101-0827-03lt0:ethernet2/1,1
2026-09-04 05:51:00.0000000,lvl02-0101-0827-03lt0,ethernet2/1,lvl021082703003,nic1.port1,50,6,0,0,lvl02-0101-0827-03lt0:ethernet2/1 -> lvl021082703003:nic1.port1,lvl021082703003:nic1.port1 -> lvl02-0101-0827-03lt0:ethernet2/1,1
2026-09-04 05:51:00.0000000,lvl02-0101-0827-03lt0,ethernet21/1,lvl021082703037,nic1.port1,50,2,0,0,lvl02-0101-0827-03lt0:ethernet21/1 -> lvl021082703037:nic1.port1,lvl021082703037:nic1.port1 -> lvl02-0101-0827-03lt0:ethernet21/1,1
2026-09-04 05:51:00.0000000,lvl02-0101-0827-03lt0,ethernet21/1,lvl021082703037,nic1.port1,50,3,0,0,lvl02-0101-0827-03lt0:ethernet21/1 -> lvl021082703037:nic1.port1,lvl021082703037:nic1.port1 -> lvl02-0101-0827-03lt0:ethernet21/1,1
2026-09-04 05:51:00.0000000,lvl02-0101-0827-03lt0,ethernet21/1,lvl021082703037,nic1.port1,50,4,0,0,lvl02-0101-0827-03lt0:ethernet21/1 -> lvl021082703037:nic1.port1,lvl021082703037:nic1.port1 -> lvl02-0101-0827-03lt0:ethernet21/1,1
2026-09-04 05:51:00.0000000,lvl02-0101-0827-03lt0,ethernet21/1,lvl021082703037,nic1.port1,50,6,0,0,lvl02-0101-0827-03lt0:ethernet21/1 -> lvl021082703037:nic1.port1,lvl021082703037:nic1.port1 -> lvl02-0101-0827-03lt0:ethernet21/1,1
2026-09-04 05:51:00.0000000,lvl02-0101-0827-03lt0,ethernet27/1,lvl021082703045,nic1.port1,50,2,0,0,lvl02-0101-0827-03lt0:ethernet27/1 -> lvl021082703045:nic1.port1,lvl021082703045:nic1.port1 -> lvl02-0101-0827-03lt0:ethernet27/1,1
2026-09-04 05:51:00.0000000,lvl02-0101-0827-03lt0,ethernet27/1,lvl021082703045,nic1.port1,50,3,0,0,lvl02-0101-0827-03lt0:ethernet27/1 -> lvl021082703045:nic1.port1,lvl021082703045:nic1.port1 -> lvl02-0101-0827-03lt0:ethernet27/1,1
2026-09-04 05:51:00.0000000,lvl02-0101-0827-03lt0,ethernet27/1,lvl021082703045,nic1.port1,50,4,0,0,lvl02-0101-0827-03lt0:ethernet27/1 -> lvl021082703045:nic1.port1,lvl021082703045:nic1.port1 -> lvl02-0101-0827-03lt0:ethernet27/1,1
2026-09-04 05:51:00.0000000,lvl02-0101-0827-03lt0,ethernet27/1,lvl021082703045,nic1.port1,50,6,0,0,lvl02-0101-0827-03lt0:ethernet27/1 -> lvl021082703045:nic1.port1,lvl021082703045:nic1.port1 -> lvl02-0101-0827-03lt0:ethernet27/1,1
2026-09-04 05:51:00.0000000,lvl02-0101-0827-03lt0,ethernet29/1,lvl021082703049,nic1.port1,50,2,0,0,lvl02-0101-0827-03lt0:ethernet29/1 -> lvl021082703049:nic1.port1,lvl021082703049:nic1.port1 -> lvl02-0101-0827-03lt0:ethernet29/1,1
2026-09-04 05:51:00.0000000,lvl02-0101-0827-03lt0,ethernet29/1,lvl021082703049,nic1.port1,50,3,0,0,lvl02-0101-0827-03lt0:ethernet29/1 -> lvl021082703049:nic1.port1,lvl021082703049:nic1.port1 -> lvl02-0101-0827-03lt0:ethernet29/1,1
2026-09-04 05:51:00.0000000,lvl02-0101-0827-03lt0,ethernet29/1,lvl021082703049,nic1.port1,50,4,0,0,lvl02-0101-0827-03lt0:ethernet29/1 -> lvl021082703049:nic1.port1,lvl021082703049:nic1.port1 -> lvl02-0101-0827-03lt0:ethernet29/1,1
2026-09-04 05:51:00.0000000,lvl02-0101-0827-03lt0,ethernet29/1,lvl021082703049,nic1.port1,50,6,0,0,lvl02-0101-0827-03lt0:ethernet29/1 -> lvl021082703049:nic1.port1,lvl021082703049:nic1.port1 -> lvl02-0101-0827-03lt0:ethernet29/1,1
2026-09-04 05:51:00.0000000,lvl02-0101-0827-03lt0,ethernet31/1,lvl021082703053,nic1.port1,50,2,0,0,lvl02-0101-0827-03lt0:ethernet31/1 -> lvl021082703053:nic1.port1,lvl021082703053:nic1.port1 -> lvl02-0101-0827-03lt0:ethernet31/1,1
2026-09-04 05:51:00.0000000,lvl02-0101-0827-03lt0,ethernet31/1,lvl021082703053,nic1.port1,50,3,0,46,lvl02-0101-0827-03lt0:ethernet31/1 -> lvl021082703053:nic1.port1,lvl021082703053:nic1.port1 -> lvl02-0101-0827-03lt0:ethernet31/1,1
2026-09-04 05:51:00.0000000,lvl02-0101-0827-03lt0,ethernet31/1,lvl021082703053,nic1.port1,50,4,0,46,lvl02-0101-0827-03lt0:ethernet31/1 -> lvl021082703053:nic1.port1,lvl021082703053:nic1.port1 -> lvl02-0101-0827-03lt0:ethernet31/1,1
2026-09-04 05:51:00.0000000,lvl02-0101-0827-03lt0,ethernet31/1,lvl021082703053,nic1.port1,50,6,0,0,lvl02-0101-0827-03lt0:ethernet31/1 -> lvl021082703053:nic1.port1,lvl021082703053:nic1.port1 -> lvl02-0101-0827-03lt0:ethernet31/1,1
2026-09-04 05:51:00.0000000,lvl02-0101-0827-03lt0,ethernet4/1,lvl021082703007,nic1.port1,50,2,0,0,lvl02-0101-0827-03lt0:ethernet4/1 -> lvl021082703007:nic1.port1,lvl021082703007:nic1.port1 -> lvl02-0101-0827-03lt0:ethernet4/1,1
2026-09-04 05:51:00.0000000,lvl02-0101-0827-03lt0,ethernet4/1,lvl021082703007,nic1.port1,50,3,0,0,lvl02-0101-0827-03lt0:ethernet4/1 -> lvl021082703007:nic1.port1,lvl021082703007:nic1.port1 -> lvl02-0101-0827-03lt0:ethernet4/1,1
2026-09-04 05:51:00.0000000,lvl02-0101-0827-03lt0,ethernet4/1,lvl021082703007,nic1.port1,50,4,0,0,lvl02-0101-0827-03lt0:ethernet4/1 -> lvl021082703007:nic1.port1,lvl021082703007:nic1.port1 -> lvl02-0101-0827-03lt0:ethernet4/1,1
2026-09-04 05:51:00.0000000,lvl02-0101-0827-03lt0,ethernet4/1,lvl021082703007,nic1.port1,50,6,0,0,lvl02-0101-0827-03lt0:ethernet4/1 -> lvl021082703007:nic1.port1,lvl021082703007:nic1.port1 -> lvl02-0101-0827-03lt0:ethernet4/1,1
2026-09-04 05:52:00.0000000,lvl02-0101-0827-03t0,ethernet12/1,lvl021082703019,nic1.port1,50,2,0,0,lvl02-0101-0827-03t0:ethernet12/1 -> lvl021082703019:nic1.port1,lvl021082703019:nic1.port1 -> lvl02-0101-0827-03t0:ethernet12/1,1
2026-09-04 05:52:00.0000000,lvl02-0101-0827-03t0,ethernet12/1,lvl021082703019,nic1.port1,50,3,0,0,lvl02-0101-0827-03t0:ethernet12/1 -> lvl021082703019:nic1.port1,lvl021082703019:nic1.port1 -> lvl02-0101-0827-03t0:ethernet12/1,1
2026-09-04 05:52:00.0000000,lvl02-0101-0827-03t0,ethernet12/1,lvl021082703019,nic1.port1,50,4,0,0,lvl02-0101-0827-03t0:ethernet12/1 -> lvl021082703019:nic1.port1,lvl021082703019:nic1.port1 -> lvl02-0101-0827-03t0:ethernet12/1,1
2026-09-04 05:52:00.0000000,lvl02-0101-0827-03t0,ethernet12/1,lvl021082703019,nic1.port1,50,6,0,0,lvl02-0101-0827-03t0:ethernet12/1 -> lvl021082703019:nic1.port1,lvl021082703019:nic1.port1 -> lvl02-0101-0827-03t0:ethernet12/1,1
2026-09-04 05:52:00.0000000,lvl02-0101-0827-03t0,ethernet14/1,lvl021082703023,nic1.port1,50,2,0,0,lvl02-0101-0827-03t0:ethernet14/1 -> lvl021082703023:nic1.port1,lvl021082703023:nic1.port1 -> lvl02-0101-0827-03t0:ethernet14/1,1
2026-09-04 05:52:00.0000000,lvl02-0101-0827-03t0,ethernet14/1,lvl021082703023,nic1.port1,50,3,0,0,lvl02-0101-0827-03t0:ethernet14/1 -> lvl021082703023:nic1.port1,lvl021082703023:nic1.port1 -> lvl02-0101-0827-03t0:ethernet14/1,1
2026-09-04 05:52:00.0000000,lvl02-0101-0827-03t0,ethernet14/1,lvl021082703023,nic1.port1,50,4,0,0,lvl02-0101-0827-03t0:ethernet14/1 -> lvl021082703023:nic1.port1,lvl021082703023:nic1.port1 -> lvl02-0101-0827-03t0:ethernet14/1,1
2026-09-04 05:52:00.0000000,lvl02-0101-0827-03t0,ethernet14/1,lvl021082703023,nic1.port1,50,6,0,0,lvl02-0101-0827-03t0:ethernet14/1 -> lvl021082703023:nic1.port1,lvl021082703023:nic1.port1 -> lvl02-0101-0827-03t0:ethernet14/1,1
2026-09-04 05:52:00.0000000,lvl02-0101-0827-03t0,ethernet15/1,lvl021082703025,nic1.port1,50,2,0,0,lvl02-0101-0827-03t0:ethernet15/1 -> lvl021082703025:nic1.port1,lvl021082703025:nic1.port1 -> lvl02-0101-0827-03t0:ethernet15/1,1
2026-09-04 05:52:00.0000000,lvl02-0101-0827-03t0,ethernet15/1,lvl021082703025,nic1.port1,50,3,0,0,lvl02-0101-0827-03t0:ethernet15/1 -> lvl021082703025:nic1.port1,lvl021082703025:nic1.port1 -> lvl02-0101-0827-03t0:ethernet15/1,1
2026-09-04 05:52:00.0000000,lvl02-0101-0827-03t0,ethernet15/1,lvl021082703025,nic1.port1,50,4,0,0,lvl02-0101-0827-03t0:ethernet15/1 -> lvl021082703025:nic1.port1,lvl021082703025:nic1.port1 -> lvl02-0101-0827-03t0:ethernet15/1,1
2026-09-04 05:52:00.0000000,lvl02-0101-0827-03t0,ethernet15/1,lvl021082703025,nic1.port1,50,6,0,0,lvl02-0101-0827-03t0:ethernet15/1 -> lvl021082703025:nic1.port1,lvl021082703025:nic1.port1 -> lvl02-0101-0827-03t0:ethernet15/1,1
2026-09-04 05:52:00.0000000,lvl02-0101-0827-03t0,ethernet18/1,lvl021082703031,nic1.port1,50,2,0,0,lvl02-0101-0827-03t0:ethernet18/1 -> lvl021082703031:nic1.port1,lvl021082703031:nic1.port1 -> lvl02-0101-0827-03t0:ethernet18/1,1
2026-09-04 05:52:00.0000000,lvl02-0101-0827-03t0,ethernet18/1,lvl021082703031,nic1.port1,50,3,0,0,lvl02-0101-0827-03t0:ethernet18/1 -> lvl021082703031:nic1.port1,lvl021082703031:nic1.port1 -> lvl02-0101-0827-03t0:ethernet18/1,1
2026-09-04 05:52:00.0000000,lvl02-0101-0827-03t0,ethernet18/1,lvl021082703031,nic1.port1,50,4,0,0,lvl02-0101-0827-03t0:ethernet18/1 -> lvl021082703031:nic1.port1,lvl021082703031:nic1.port1 -> lvl02-0101-0827-03t0:ethernet18/1,1
2026-09-04 05:52:00.0000000,lvl02-0101-0827-03t0,ethernet18/1,lvl021082703031,nic1.port1,50,6,0,0,lvl02-0101-0827-03t0:ethernet18/1 -> lvl021082703031:nic1.port1,lvl021082703031:nic1.port1 -> lvl02-0101-0827-03t0:ethernet18/1,1
2026-09-04 05:52:00.0000000,lvl02-0101-0827-03t0,ethernet19/1,lvl021082703033,nic1.port1,50,2,0,0,lvl02-0101-0827-03t0:ethernet19/1 -> lvl021082703033:nic1.port1,lvl021082703033:nic1.port1 -> lvl02-0101-0827-03t0:ethernet19/1,1
2026-09-04 05:52:00.0000000,lvl02-0101-0827-03t0,ethernet19/1,lvl021082703033,nic1.port1,50,3,0,0,lvl02-0101-0827-03t0:ethernet19/1 -> lvl021082703033:nic1.port1,lvl021082703033:nic1.port1 -> lvl02-0101-0827-03t0:ethernet19/1,1
2026-09-04 05:52:00.0000000,lvl02-0101-0827-03t0,ethernet19/1,lvl021082703033,nic1.port1,50,4,0,0,lvl02-0101-0827-03t0:ethernet19/1 -> lvl021082703033:nic1.port1,lvl021082703033:nic1.port1 -> lvl02-0101-0827-03t0:ethernet19/1,1
2026-09-04 05:52:00.0000000,lvl02-0101-0827-03t0,ethernet19/1,lvl021082703033,nic1.port1,50,6,0,0,lvl02-0101-0827-03t0:ethernet19/1 -> lvl021082703033:nic1.port1,lvl021082703033:nic1.port1 -> lvl02-0101-0827-03t0:ethernet19/1,1
2026-09-04 05:52:00.0000000,lvl02-0101-0827-03t0,ethernet2/1,lvl021082703003,nic1.port1,50,2,0,0,lvl02-0101-0827-03t0:ethernet2/1 -> lvl021082703003:nic1.port1,lvl021082703003:nic1.port1 -> lvl02-0101-0827-03t0:ethernet2/1,1
2026-09-04 05:52:00.0000000,lvl02-0101-0827-03t0,ethernet2/1,lvl021082703003,nic1.port1,50,3,0,0,lvl02-0101-0827-03t0:ethernet2/1 -> lvl021082703003:nic1.port1,lvl021082703003:nic1.port1 -> lvl02-0101-0827-03t0:ethernet2/1,1
2026-09-04 05:52:00.0000000,lvl02-0101-0827-03t0,ethernet2/1,lvl021082703003,nic1.port1,50,4,0,0,lvl02-0101-0827-03t0:ethernet2/1 -> lvl021082703003:nic1.port1,lvl021082703003:nic1.port1 -> lvl02-0101-0827-03t0:ethernet2/1,1
2026-09-04 05:52:00.0000000,lvl02-0101-0827-03t0,ethernet2/1,lvl021082703003,nic1.port1,50,6,0,0,lvl02-0101-0827-03t0:ethernet2/1 -> lvl021082703003:nic1.port1,lvl021082703003:nic1.port1 -> lvl02-0101-0827-03t0:ethernet2/1,1
2026-09-04 05:52:00.0000000,lvl02-0101-0827-03t0,ethernet21/1,lvl021082703037,nic1.port1,50,2,0,0,lvl02-0101-0827-03t0:ethernet21/1 -> lvl021082703037:nic1.port1,lvl021082703037:nic1.port1 -> lvl02-0101-0827-03t0:ethernet21/1,1
2026-09-04 05:52:00.0000000,lvl02-0101-0827-03t0,ethernet21/1,lvl021082703037,nic1.port1,50,3,0,0,lvl02-0101-0827-03t0:ethernet21/1 -> lvl021082703037:nic1.port1,lvl021082703037:nic1.port1 -> lvl02-0101-0827-03t0:ethernet21/1,1
2026-09-04 05:52:00.0000000,lvl02-0101-0827-03t0,ethernet21/1,lvl021082703037,nic1.port1,50,4,0,0,lvl02-0101-0827-03t0:ethernet21/1 -> lvl021082703037:nic1.port1,lvl021082703037:nic1.port1 -> lvl02-0101-0827-03t0:ethernet21/1,1
2026-09-04 05:52:00.0000000,lvl02-0101-0827-03t0,ethernet21/1,lvl021082703037,nic1.port1,50,6,0,0,lvl02-0101-0827-03t0:ethernet21/1 -> lvl021082703037:nic1.port1,lvl021082703037:nic1.port1 -> lvl02-0101-0827-03t0:ethernet21/1,1
2026-09-04 05:52:00.0000000,lvl02-0101-0827-03t0,ethernet27/1,lvl021082703045,nic1.port1,50,2,0,0,lvl02-0101-0827-03t0:ethernet27/1 -> lvl021082703045:nic1.port1,lvl021082703045:nic1.port1 -> lvl02-0101-0827-03t0:ethernet27/1,1
2026-09-04 05:52:00.0000000,lvl02-0101-0827-03t0,ethernet27/1,lvl021082703045,nic1.port1,50,3,0,0,lvl02-0101-0827-03t0:ethernet27/1 -> lvl021082703045:nic1.port1,lvl021082703045:nic1.port1 -> lvl02-0101-0827-03t0:ethernet27/1,1
2026-09-04 05:52:00.0000000,lvl02-0101-0827-03t0,ethernet27/1,lvl021082703045,nic1.port1,50,4,0,0,lvl02-0101-0827-03t0:ethernet27/1 -> lvl021082703045:nic1.port1,lvl021082703045:nic1.port1 -> lvl02-0101-0827-03t0:ethernet27/1,1
2026-09-04 05:52:00.0000000,lvl02-0101-0827-03t0,ethernet27/1,lvl021082703045,nic1.port1,50,6,0,0,lvl02-0101-0827-03t0:ethernet27/1 -> lvl021082703045:nic1.port1,lvl021082703045:nic1.port1 -> lvl02-0101-0827-03t0:ethernet27/1,1
2026-09-04 05:52:00.0000000,lvl02-0101-0827-03t0,ethernet29/1,lvl021082703049,nic1.port1,50,2,0,0,lvl02-0101-0827-03t0:ethernet29/1 -> lvl021082703049:nic1.port1,lvl021082703049:nic1.port1 -> lvl02-0101-0827-03t0:ethernet29/1,1
2026-09-04 05:52:00.0000000,lvl02-0101-0827-03t0,ethernet29/1,lvl021082703049,nic1.port1,50,3,0,0,lvl02-0101-0827-03t0:ethernet29/1 -> lvl021082703049:nic1.port1,lvl021082703049:nic1.port1 -> lvl02-0101-0827-03t0:ethernet29/1,1
2026-09-04 05:52:00.0000000,lvl02-0101-0827-03t0,ethernet29/1,lvl021082703049,nic1.port1,50,4,0,0,lvl02-0101-0827-03t0:ethernet29/1 -> lvl021082703049:nic1.port1,lvl021082703049:nic1.port1 -> lvl02-0101-0827-03t0:ethernet29/1,1
2026-09-04 05:52:00.0000000,lvl02-0101-0827-03t0,ethernet29/1,lvl021082703049,nic1.port1,50,6,0,0,lvl02-0101-0827-03t0:ethernet29/1 -> lvl021082703049:nic1.port1,lvl021082703049:nic1.port1 -> lvl02-0101-0827-03t0:ethernet29/1,1
2026-09-04 05:52:00.0000000,lvl02-0101-0827-03t0,ethernet31/1,lvl021082703053,nic1.port1,50,2,0,0,lvl02-0101-0827-03t0:ethernet31/1 -> lvl021082703053:nic1.port1,lvl021082703053:nic1.port1 -> lvl02-0101-0827-03t0:ethernet31/1,1
2026-09-04 05:52:00.0000000,lvl02-0101-0827-03t0,ethernet31/1,lvl021082703053,nic1.port1,50,3,0,46,lvl02-0101-0827-03t0:ethernet31/1 -> lvl021082703053:nic1.port1,lvl021082703053:nic1.port1 -> lvl02-0101-0827-03t0:ethernet31/1,1
2026-09-04 05:52:00.0000000,lvl02-0101-0827-03t0,ethernet31/1,lvl021082703053,nic1.port1,50,4,0,46,lvl02-0101-0827-03t0:ethernet31/1 -> lvl021082703053:nic1.port1,lvl021082703053:nic1.port1 -> lvl02-0101-0827-03t0:ethernet31/1,1
2026-09-04 05:52:00.0000000,lvl02-0101-0827-03t0,ethernet31/1,lvl021082703053,nic1.port1,50,6,0,0,lvl02-0101-0827-03t0:ethernet31/1 -> lvl021082703053:nic1.port1,lvl021082703053:nic1.port1 -> lvl02-0101-0827-03t0:ethernet31/1,1
2026-09-04 05:52:00.0000000,lvl02-0101-0827-03t0,ethernet4/1,lvl021082703007,nic1.port1,50,2,0,0,lvl02-0101-0827-03t0:ethernet4/1 -> lvl021082703007:nic1.port1,lvl021082703007:nic1.port1 -> lvl02-0101-0827-03t0:ethernet4/1,1
2026-09-04 05:52:00.0000000,lvl02-0101-0827-03t0,ethernet4/1,lvl021082703007,nic1.port1,50,3,0,0,lvl02-0101-0827-03t0:ethernet4/1 -> lvl021082703007:nic1.port1,lvl021082703007:nic1.port1 -> lvl02-0101-0827-03t0:ethernet4/1,1
2026-09-04 05:52:00.0000000,lvl02-0101-0827-03t0,ethernet4/1,lvl021082703007,nic1.port1,50,4,0,0,lvl02-0101-0827-03t0:ethernet4/1 -> lvl021082703007:nic1.port1,lvl021082703007:nic1.port1 -> lvl02-0101-0827-03t0:ethernet4/1,1
2026-09-04 05:52:00.0000000,lvl02-0101-0827-03t0,ethernet4/1,lvl021082703007,nic1.port1,50,6,0,0,lvl02-0101-0827-03t0:ethernet4/1 -> lvl021082703007:nic1.port1,lvl021082703007:nic1.port1 -> lvl02-0101-0827-03t0:ethernet4/1,1
2026-09-04 05:56:00.0000000,lvl02-0101-0827-03lt0,ethernet12/1,lvl021082703019,nic1.port1,50,2,0,0,lvl02-0101-0827-03lt0:ethernet12/1 -> lvl021082703019:nic1.port1,lvl021082703019:nic1.port1 -> lvl02-0101-0827-03lt0:ethernet12/1,1
2026-09-04 05:56:00.0000000,lvl02-0101-0827-03lt0,ethernet12/1,lvl021082703019,nic1.port1,50,3,0,0,lvl02-0101-0827-03lt0:ethernet12/1 -> lvl021082703019:nic1.port1,lvl021082703019:nic1.port1 -> lvl02-0101-0827-03lt0:ethernet12/1,1
2026-09-04 05:56:00.0000000,lvl02-0101-0827-03lt0,ethernet12/1,lvl021082703019,nic1.port1,50,4,0,0,lvl02-0101-0827-03lt0:ethernet12/1 -> lvl021082703019:nic1.port1,lvl021082703019:nic1.port1 -> lvl02-0101-0827-03lt0:ethernet12/1,1
2026-09-04 05:56:00.0000000,lvl02-0101-0827-03lt0,ethernet12/1,lvl021082703019,nic1.port1,50,6,0,0,lvl02-0101-0827-03lt0:ethernet12/1 -> lvl021082703019:nic1.port1,lvl021082703019:nic1.port1 -> lvl02-0101-0827-03lt0:ethernet12/1,1
2026-09-04 05:56:00.0000000,lvl02-0101-0827-03lt0,ethernet14/1,lvl021082703023,nic1.port1,50,2,0,0,lvl02-0101-0827-03lt0:ethernet14/1 -> lvl021082703023:nic1.port1,lvl021082703023:nic1.port1 -> lvl02-0101-0827-03lt0:ethernet14/1,1
2026-09-04 05:56:00.0000000,lvl02-0101-0827-03lt0,ethernet14/1,lvl021082703023,nic1.port1,50,3,0,0,lvl02-0101-0827-03lt0:ethernet14/1 -> lvl021082703023:nic1.port1,lvl021082703023:nic1.port1 -> lvl02-0101-0827-03lt0:ethernet14/1,1
2026-09-04 05:56:00.0000000,lvl02-0101-0827-03lt0,ethernet14/1,lvl021082703023,nic1.port1,50,4,0,0,lvl02-0101-0827-03lt0:ethernet14/1 -> lvl021082703023:nic1.port1,lvl021082703023:nic1.port1 -> lvl02-0101-0827-03lt0:ethernet14/1,1
2026-09-04 05:56:00.0000000,lvl02-0101-0827-03lt0,ethernet14/1,lvl021082703023,nic1.port1,50,6,0,0,lvl02-0101-0827-03lt0:ethernet14/1 -> lvl021082703023:nic1.port1,lvl021082703023:nic1.port1 -> lvl02-0101-0827-03lt0:ethernet14/1,1
2026-09-04 05:56:00.0000000,lvl02-0101-0827-03lt0,ethernet15/1,lvl021082703025,nic1.port1,50,2,0,0,lvl02-0101-0827-03lt0:ethernet15/1 -> lvl021082703025:nic1.port1,lvl021082703025:nic1.port1 -> lvl02-0101-0827-03lt0:ethernet15/1,1
2026-09-04 05:56:00.0000000,lvl02-0101-0827-03lt0,ethernet15/1,lvl021082703025,nic1.port1,50,3,0,0,lvl02-0101-0827-03lt0:ethernet15/1 -> lvl021082703025:nic1.port1,lvl021082703025:nic1.port1 -> lvl02-0101-0827-03lt0:ethernet15/1,1
2026-09-04 05:56:00.0000000,lvl02-0101-0827-03lt0,ethernet15/1,lvl021082703025,nic1.port1,50,4,0,0,lvl02-0101-0827-03lt0:ethernet15/1 -> lvl021082703025:nic1.port1,lvl021082703025:nic1.port1 -> lvl02-0101-0827-03lt0:ethernet15/1,1
2026-09-04 05:56:00.0000000,lvl02-0101-0827-03lt0,ethernet15/1,lvl021082703025,nic1.port1,50,6,0,0,lvl02-0101-0827-03lt0:ethernet15/1 -> lvl021082703025:nic1.port1,lvl021082703025:nic1.port1 -> lvl02-0101-0827-03lt0:ethernet15/1,1
2026-09-04 05:56:00.0000000,lvl02-0101-0827-03lt0,ethernet18/1,lvl021082703031,nic1.port1,50,2,0,0,lvl02-0101-0827-03lt0:ethernet18/1 -> lvl021082703031:nic1.port1,lvl021082703031:nic1.port1 -> lvl02-0101-0827-03lt0:ethernet18/1,1
2026-09-04 05:56:00.0000000,lvl02-0101-0827-03lt0,ethernet18/1,lvl021082703031,nic1.port1,50,3,0,0,lvl02-0101-0827-03lt0:ethernet18/1 -> lvl021082703031:nic1.port1,lvl021082703031:nic1.port1 -> lvl02-0101-0827-03lt0:ethernet18/1,1
2026-09-04 05:56:00.0000000,lvl02-0101-0827-03lt0,ethernet18/1,lvl021082703031,nic1.port1,50,4,0,0,lvl02-0101-0827-03lt0:ethernet18/1 -> lvl021082703031:nic1.port1,lvl021082703031:nic1.port1 -> lvl02-0101-0827-03lt0:ethernet18/1,1
2026-09-04 05:56:00.0000000,lvl02-0101-0827-03lt0,ethernet18/1,lvl021082703031,nic1.port1,50,6,0,0,lvl02-0101-0827-03lt0:ethernet18/1 -> lvl021082703031:nic1.port1,lvl021082703031:nic1.port1 -> lvl02-0101-0827-03lt0:ethernet18/1,1
2026-09-04 05:56:00.0000000,lvl02-0101-0827-03lt0,ethernet19/1,lvl021082703033,nic1.port1,50,2,0,0,lvl02-0101-0827-03lt0:ethernet19/1 -> lvl021082703033:nic1.port1,lvl021082703033:nic1.port1 -> lvl02-0101-0827-03lt0:ethernet19/1,1
2026-09-04 05:56:00.0000000,lvl02-0101-0827-03lt0,ethernet19/1,lvl021082703033,nic1.port1,50,3,0,0,lvl02-0101-0827-03lt0:ethernet19/1 -> lvl021082703033:nic1.port1,lvl021082703033:nic1.port1 -> lvl02-0101-0827-03lt0:ethernet19/1,1
2026-09-04 05:56:00.0000000,lvl02-0101-0827-03lt0,ethernet19/1,lvl021082703033,nic1.port1,50,4,0,0,lvl02-0101-0827-03lt0:ethernet19/1 -> lvl021082703033:nic1.port1,lvl021082703033:nic1.port1 -> lvl02-0101-0827-03lt0:ethernet19/1,1
2026-09-04 05:56:00.0000000,lvl02-0101-0827-03lt0,ethernet19/1,lvl021082703033,nic1.port1,50,6,0,0,lvl02-0101-0827-03lt0:ethernet19/1 -> lvl021082703033:nic1.port1,lvl021082703033:nic1.port1 -> lvl02-0101-0827-03lt0:ethernet19/1,1
2026-09-04 05:56:00.0000000,lvl02-0101-0827-03lt0,ethernet2/1,lvl021082703003,nic1.port1,50,2,0,0,lvl02-0101-0827-03lt0:ethernet2/1 -> lvl021082703003:nic1.port1,lvl021082703003:nic1.port1 -> lvl02-0101-0827-03lt0:ethernet2/1,1
2026-09-04 05:56:00.0000000,lvl02-0101-0827-03lt0,ethernet2/1,lvl021082703003,nic1.port1,50,3,0,0,lvl02-0101-0827-03lt0:ethernet2/1 -> lvl021082703003:nic1.port1,lvl021082703003:nic1.port1 -> lvl02-0101-0827-03lt0:ethernet2/1,1
2026-09-04 05:56:00.0000000,lvl02-0101-0827-03lt0,ethernet2/1,lvl021082703003,nic1.port1,50,4,0,0,lvl02-0101-0827-03lt0:ethernet2/1 -> lvl021082703003:nic1.port1,lvl021082703003:nic1.port1 -> lvl02-0101-0827-03lt0:ethernet2/1,1
2026-09-04 05:56:00.0000000,lvl02-0101-0827-03lt0,ethernet2/1,lvl021082703003,nic1.port1,50,6,0,0,lvl02-0101-0827-03lt0:ethernet2/1 -> lvl021082703003:nic1.port1,lvl021082703003:nic1.port1 -> lvl02-0101-0827-03lt0:ethernet2/1,1
2026-09-04 05:56:00.0000000,lvl02-0101-0827-03lt0,ethernet21/1,lvl021082703037,nic1.port1,50,2,0,0,lvl02-0101-0827-03lt0:ethernet21/1 -> lvl021082703037:nic1.port1,lvl021082703037:nic1.port1 -> lvl02-0101-0827-03lt0:ethernet21/1,1
2026-09-04 05:56:00.0000000,lvl02-0101-0827-03lt0,ethernet21/1,lvl021082703037,nic1.port1,50,3,0,0,lvl02-0101-0827-03lt0:ethernet21/1 -> lvl021082703037:nic1.port1,lvl021082703037:nic1.port1 -> lvl02-0101-0827-03lt0:ethernet21/1,1
2026-09-04 05:56:00.0000000,lvl02-0101-0827-03lt0,ethernet21/1,lvl021082703037,nic1.port1,50,4,0,0,lvl02-0101-0827-03lt0:ethernet21/1 -> lvl021082703037:nic1.port1,lvl021082703037:nic1.port1 -> lvl02-0101-0827-03lt0:ethernet21/1,1
2026-09-04 05:56:00.0000000,lvl02-0101-0827-03lt0,ethernet21/1,lvl021082703037,nic1.port1,50,6,0,0,lvl02-0101-0827-03lt0:ethernet21/1 -> lvl021082703037:nic1.port1,lvl021082703037:nic1.port1 -> lvl02-0101-0827-03lt0:ethernet21/1,1
2026-09-04 05:56:00.0000000,lvl02-0101-0827-03lt0,ethernet27/1,lvl021082703045,nic1.port1,50,2,0,0,lvl02-0101-0827-03lt0:ethernet27/1 -> lvl021082703045:nic1.port1,lvl021082703045:nic1.port1 -> lvl02-0101-0827-03lt0:ethernet27/1,1
2026-09-04 05:56:00.0000000,lvl02-0101-0827-03lt0,ethernet27/1,lvl021082703045,nic1.port1,50,3,0,0,lvl02-0101-0827-03lt0:ethernet27/1 -> lvl021082703045:nic1.port1,lvl021082703045:nic1.port1 -> lvl02-0101-0827-03lt0:ethernet27/1,1
2026-09-04 05:56:00.0000000,lvl02-0101-0827-03lt0,ethernet27/1,lvl021082703045,nic1.port1,50,4,0,0,lvl02-0101-0827-03lt0:ethernet27/1 -> lvl021082703045:nic1.port1,lvl021082703045:nic1.port1 -> lvl02-0101-0827-03lt0:ethernet27/1,1
2026-09-04 05:56:00.0000000,lvl02-0101-0827-03lt0,ethernet27/1,lvl021082703045,nic1.port1,50,6,0,0,lvl02-0101-0827-03lt0:ethernet27/1 -> lvl021082703045:nic1.port1,lvl021082703045:nic1.port1 -> lvl02-0101-0827-03lt0:ethernet27/1,1
2026-09-04 05:56:00.0000000,lvl02-0101-0827-03lt0,ethernet29/1,lvl021082703049,nic1.port1,50,2,0,0,lvl02-0101-0827-03lt0:ethernet29/1 -> lvl021082703049:nic1.port1,lvl021082703049:nic1.port1 -> lvl02-0101-0827-03lt0:ethernet29/1,1
2026-09-04 05:56:00.0000000,lvl02-0101-0827-03lt0,ethernet29/1,lvl021082703049,nic1.port1,50,3,0,0,lvl02-0101-0827-03lt0:ethernet29/1 -> lvl021082703049:nic1.port1,lvl021082703049:nic1.port1 -> lvl02-0101-0827-03lt0:ethernet29/1,1
2026-09-04 05:56:00.0000000,lvl02-0101-0827-03lt0,ethernet29/1,lvl021082703049,nic1.port1,50,4,0,0,lvl02-0101-0827-03lt0:ethernet29/1 -> lvl021082703049:nic1.port1,lvl021082703049:nic1.port1 -> lvl02-0101-0827-03lt0:ethernet29/1,1
2026-09-04 05:56:00.0000000,lvl02-0101-0827-03lt0,ethernet29/1,lvl021082703049,nic1.port1,50,6,0,0,lvl02-0101-0827-03lt0:ethernet29/1 -> lvl021082703049:nic1.port1,lvl021082703049:nic1.port1 -> lvl02-0101-0827-03lt0:ethernet29/1,1
2026-09-04 05:56:00.0000000,lvl02-0101-0827-03lt0,ethernet31/1,lvl021082703053,nic1.port1,50,2,0,0,lvl02-0101-0827-03lt0:ethernet31/1 -> lvl021082703053:nic1.port1,lvl021082703053:nic1.port1 -> lvl02-0101-0827-03lt0:ethernet31/1,1
2026-09-04 05:56:00.0000000,lvl02-0101-0827-03lt0,ethernet31/1,lvl021082703053,nic1.port1,50,3,0,152,lvl02-0101-0827-03lt0:ethernet31/1 -> lvl021082703053:nic1.port1,lvl021082703053:nic1.port1 -> lvl02-0101-0827-03lt0:ethernet31/1,1
2026-09-04 05:56:00.0000000,lvl02-0101-0827-03lt0,ethernet31/1,lvl021082703053,nic1.port1,50,4,0,152,lvl02-0101-0827-03lt0:ethernet31/1 -> lvl021082703053:nic1.port1,lvl021082703053:nic1.port1 -> lvl02-0101-0827-03lt0:ethernet31/1,1
2026-09-04 05:56:00.0000000,lvl02-0101-0827-03lt0,ethernet31/1,lvl021082703053,nic1.port1,50,6,0,0,lvl02-0101-0827-03lt0:ethernet31/1 -> lvl021082703053:nic1.port1,lvl021082703053:nic1.port1 -> lvl02-0101-0827-03lt0:ethernet31/1,1
2026-09-04 05:56:00.0000000,lvl02-0101-0827-03lt0,ethernet4/1,lvl021082703007,nic1.port1,50,2,0,0,lvl02-0101-0827-03lt0:ethernet4/1 -> lvl021082703007:nic1.port1,lvl021082703007:nic1.port1 -> lvl02-0101-0827-03lt0:ethernet4/1,1
2026-09-04 05:56:00.0000000,lvl02-0101-0827-03lt0,ethernet4/1,lvl021082703007,nic1.port1,50,3,0,0,lvl02-0101-0827-03lt0:ethernet4/1 -> lvl021082703007:nic1.port1,lvl021082703007:nic1.port1 -> lvl02-0101-0827-03lt0:ethernet4/1,1
2026-09-04 05:56:00.0000000,lvl02-0101-0827-03lt0,ethernet4/1,lvl021082703007,nic1.port1,50,4,0,0,lvl02-0101-0827-03lt0:ethernet4/1 -> lvl021082703007:nic1.port1,lvl021082703007:nic1.port1 -> lvl02-0101-0827-03lt0:ethernet4/1,1
2026-09-04 05:56:00.0000000,lvl02-0101-0827-03lt0,ethernet4/1,lvl021082703007,nic1.port1,50,6,0,0,lvl02-0101-0827-03lt0:ethernet4/1 -> lvl021082703007:nic1.port1,lvl021082703007:nic1.port1 -> lvl02-0101-0827-03lt0:ethernet4/1,1
2026-09-04 05:57:00.0000000,lvl02-0101-0827-03t0,ethernet12/1,lvl021082703019,nic1.port1,50,2,0,0,lvl02-0101-0827-03t0:ethernet12/1 -> lvl021082703019:nic1.port1,lvl021082703019:nic1.port1 -> lvl02-0101-0827-03t0:ethernet12/1,1
2026-09-04 05:57:00.0000000,lvl02-0101-0827-03t0,ethernet12/1,lvl021082703019,nic1.port1,50,3,0,0,lvl02-0101-0827-03t0:ethernet12/1 -> lvl021082703019:nic1.port1,lvl021082703019:nic1.port1 -> lvl02-0101-0827-03t0:ethernet12/1,1
2026-09-04 05:57:00.0000000,lvl02-0101-0827-03t0,ethernet12/1,lvl021082703019,nic1.port1,50,4,0,0,lvl02-0101-0827-03t0:ethernet12/1 -> lvl021082703019:nic1.port1,lvl021082703019:nic1.port1 -> lvl02-0101-0827-03t0:ethernet12/1,1
2026-09-04 05:57:00.0000000,lvl02-0101-0827-03t0,ethernet12/1,lvl021082703019,nic1.port1,50,6,0,0,lvl02-0101-0827-03t0:ethernet12/1 -> lvl021082703019:nic1.port1,lvl021082703019:nic1.port1 -> lvl02-0101-0827-03t0:ethernet12/1,1
2026-09-04 05:57:00.0000000,lvl02-0101-0827-03t0,ethernet14/1,lvl021082703023,nic1.port1,50,2,0,0,lvl02-0101-0827-03t0:ethernet14/1 -> lvl021082703023:nic1.port1,lvl021082703023:nic1.port1 -> lvl02-0101-0827-03t0:ethernet14/1,1
2026-09-04 05:57:00.0000000,lvl02-0101-0827-03t0,ethernet14/1,lvl021082703023,nic1.port1,50,3,0,0,lvl02-0101-0827-03t0:ethernet14/1 -> lvl021082703023:nic1.port1,lvl021082703023:nic1.port1 -> lvl02-0101-0827-03t0:ethernet14/1,1
2026-09-04 05:57:00.0000000,lvl02-0101-0827-03t0,ethernet14/1,lvl021082703023,nic1.port1,50,4,0,0,lvl02-0101-0827-03t0:ethernet14/1 -> lvl021082703023:nic1.port1,lvl021082703023:nic1.port1 -> lvl02-0101-0827-03t0:ethernet14/1,1
2026-09-04 05:57:00.0000000,lvl02-0101-0827-03t0,ethernet14/1,lvl021082703023,nic1.port1,50,6,0,0,lvl02-0101-0827-03t0:ethernet14/1 -> lvl021082703023:nic1.port1,lvl021082703023:nic1.port1 -> lvl02-0101-0827-03t0:ethernet14/1,1
2026-09-04 05:57:00.0000000,lvl02-0101-0827-03t0,ethernet15/1,lvl021082703025,nic1.port1,50,2,0,0,lvl02-0101-0827-03t0:ethernet15/1 -> lvl021082703025:nic1.port1,lvl021082703025:nic1.port1 -> lvl02-0101-0827-03t0:ethernet15/1,1
2026-09-04 05:57:00.0000000,lvl02-0101-0827-03t0,ethernet15/1,lvl021082703025,nic1.port1,50,3,0,0,lvl02-0101-0827-03t0:ethernet15/1 -> lvl021082703025:nic1.port1,lvl021082703025:nic1.port1 -> lvl02-0101-0827-03t0:ethernet15/1,1
2026-09-04 05:57:00.0000000,lvl02-0101-0827-03t0,ethernet15/1,lvl021082703025,nic1.port1,50,4,0,0,lvl02-0101-0827-03t0:ethernet15/1 -> lvl021082703025:nic1.port1,lvl021082703025:nic1.port1 -> lvl02-0101-0827-03t0:ethernet15/1,1
2026-09-04 05:57:00.0000000,lvl02-0101-0827-03t0,ethernet15/1,lvl021082703025,nic1.port1,50,6,0,0,lvl02-0101-0827-03t0:ethernet15/1 -> lvl021082703025:nic1.port1,lvl021082703025:nic1.port1 -> lvl02-0101-0827-03t0:ethernet15/1,1
2026-09-04 05:57:00.0000000,lvl02-0101-0827-03t0,ethernet18/1,lvl021082703031,nic1.port1,50,2,0,0,lvl02-0101-0827-03t0:ethernet18/1 -> lvl021082703031:nic1.port1,lvl021082703031:nic1.port1 -> lvl02-0101-0827-03t0:ethernet18/1,1
2026-09-04 05:57:00.0000000,lvl02-0101-0827-03t0,ethernet18/1,lvl021082703031,nic1.port1,50,3,0,0,lvl02-0101-0827-03t0:ethernet18/1 -> lvl021082703031:nic1.port1,lvl021082703031:nic1.port1 -> lvl02-0101-0827-03t0:ethernet18/1,1
2026-09-04 05:57:00.0000000,lvl02-0101-0827-03t0,ethernet18/1,lvl021082703031,nic1.port1,50,4,0,0,lvl02-0101-0827-03t0:ethernet18/1 -> lvl021082703031:nic1.port1,lvl021082703031:nic1.port1 -> lvl02-0101-0827-03t0:ethernet18/1,1
2026-09-04 05:57:00.0000000,lvl02-0101-0827-03t0,ethernet18/1,lvl021082703031,nic1.port1,50,6,0,0,lvl02-0101-0827-03t0:ethernet18/1 -> lvl021082703031:nic1.port1,lvl021082703031:nic1.port1 -> lvl02-0101-0827-03t0:ethernet18/1,1
2026-09-04 05:57:00.0000000,lvl02-0101-0827-03t0,ethernet19/1,lvl021082703033,nic1.port1,50,2,0,0,lvl02-0101-0827-03t0:ethernet19/1 -> lvl021082703033:nic1.port1,lvl021082703033:nic1.port1 -> lvl02-0101-0827-03t0:ethernet19/1,1
2026-09-04 05:57:00.0000000,lvl02-0101-0827-03t0,ethernet19/1,lvl021082703033,nic1.port1,50,3,0,0,lvl02-0101-0827-03t0:ethernet19/1 -> lvl021082703033:nic1.port1,lvl021082703033:nic1.port1 -> lvl02-0101-0827-03t0:ethernet19/1,1
2026-09-04 05:57:00.0000000,lvl02-0101-0827-03t0,ethernet19/1,lvl021082703033,nic1.port1,50,4,0,0,lvl02-0101-0827-03t0:ethernet19/1 -> lvl021082703033:nic1.port1,lvl021082703033:nic1.port1 -> lvl02-0101-0827-03t0:ethernet19/1,1
2026-09-04 05:57:00.0000000,lvl02-0101-0827-03t0,ethernet19/1,lvl021082703033,nic1.port1,50,6,0,0,lvl02-0101-0827-03t0:ethernet19/1 -> lvl021082703033:nic1.port1,lvl021082703033:nic1.port1 -> lvl02-0101-0827-03t0:ethernet19/1,1
2026-09-04 05:57:00.0000000,lvl02-0101-0827-03t0,ethernet2/1,lvl021082703003,nic1.port1,50,2,0,0,lvl02-0101-0827-03t0:ethernet2/1 -> lvl021082703003:nic1.port1,lvl021082703003:nic1.port1 -> lvl02-0101-0827-03t0:ethernet2/1,1
2026-09-04 05:57:00.0000000,lvl02-0101-0827-03t0,ethernet2/1,lvl021082703003,nic1.port1,50,3,0,0,lvl02-0101-0827-03t0:ethernet2/1 -> lvl021082703003:nic1.port1,lvl021082703003:nic1.port1 -> lvl02-0101-0827-03t0:ethernet2/1,1
2026-09-04 05:57:00.0000000,lvl02-0101-0827-03t0,ethernet2/1,lvl021082703003,nic1.port1,50,4,0,0,lvl02-0101-0827-03t0:ethernet2/1 -> lvl021082703003:nic1.port1,lvl021082703003:nic1.port1 -> lvl02-0101-0827-03t0:ethernet2/1,1
2026-09-04 05:57:00.0000000,lvl02-0101-0827-03t0,ethernet2/1,lvl021082703003,nic1.port1,50,6,0,0,lvl02-0101-0827-03t0:ethernet2/1 -> lvl021082703003:nic1.port1,lvl021082703003:nic1.port1 -> lvl02-0101-0827-03t0:ethernet2/1,1
2026-09-04 05:57:00.0000000,lvl02-0101-0827-03t0,ethernet21/1,lvl021082703037,nic1.port1,50,2,0,0,lvl02-0101-0827-03t0:ethernet21/1 -> lvl021082703037:nic1.port1,lvl021082703037:nic1.port1 -> lvl02-0101-0827-03t0:ethernet21/1,1
2026-09-04 05:57:00.0000000,lvl02-0101-0827-03t0,ethernet21/1,lvl021082703037,nic1.port1,50,3,0,0,lvl02-0101-0827-03t0:ethernet21/1 -> lvl021082703037:nic1.port1,lvl021082703037:nic1.port1 -> lvl02-0101-0827-03t0:ethernet21/1,1
2026-09-04 05:57:00.0000000,lvl02-0101-0827-03t0,ethernet21/1,lvl021082703037,nic1.port1,50,4,0,0,lvl02-0101-0827-03t0:ethernet21/1 -> lvl021082703037:nic1.port1,lvl021082703037:nic1.port1 -> lvl02-0101-0827-03t0:ethernet21/1,1
2026-09-04 05:57:00.0000000,lvl02-0101-0827-03t0,ethernet21/1,lvl021082703037,nic1.port1,50,6,0,0,lvl02-0101-0827-03t0:ethernet21/1 -> lvl021082703037:nic1.port1,lvl021082703037:nic1.port1 -> lvl02-0101-0827-03t0:ethernet21/1,1
2026-09-04 05:57:00.0000000,lvl02-0101-0827-03t0,ethernet27/1,lvl021082703045,nic1.port1,50,2,0,0,lvl02-0101-0827-03t0:ethernet27/1 -> lvl021082703045:nic1.port1,lvl021082703045:nic1.port1 -> lvl02-0101-0827-03t0:ethernet27/1,1
2026-09-04 05:57:00.0000000,lvl02-0101-0827-03t0,ethernet27/1,lvl021082703045,nic1.port1,50,3,0,0,lvl02-0101-0827-03t0:ethernet27/1 -> lvl021082703045:nic1.port1,lvl021082703045:nic1.port1 -> lvl02-0101-0827-03t0:ethernet27/1,1
2026-09-04 05:57:00.0000000,lvl02-0101-0827-03t0,ethernet27/1,lvl021082703045,nic1.port1,50,4,0,0,lvl02-0101-0827-03t0:ethernet27/1 -> lvl021082703045:nic1.port1,lvl021082703045:nic1.port1 -> lvl02-0101-0827-03t0:ethernet27/1,1
2026-09-04 05:57:00.0000000,lvl02-0101-0827-03t0,ethernet27/1,lvl021082703045,nic1.port1,50,6,0,0,lvl02-0101-0827-03t0:ethernet27/1 -> lvl021082703045:nic1.port1,lvl021082703045:nic1.port1 -> lvl02-0101-0827-03t0:ethernet27/1,1
2026-09-04 05:57:00.0000000,lvl02-0101-0827-03t0,ethernet29/1,lvl021082703049,nic1.port1,50,2,0,0,lvl02-0101-0827-03t0:ethernet29/1 -> lvl021082703049:nic1.port1,lvl021082703049:nic1.port1 -> lvl02-0101-0827-03t0:ethernet29/1,1
2026-09-04 05:57:00.0000000,lvl02-0101-0827-03t0,ethernet29/1,lvl021082703049,nic1.port1,50,3,0,0,lvl02-0101-0827-03t0:ethernet29/1 -> lvl021082703049:nic1.port1,lvl021082703049:nic1.port1 -> lvl02-0101-0827-03t0:ethernet29/1,1
2026-09-04 05:57:00.0000000,lvl02-0101-0827-03t0,ethernet29/1,lvl021082703049,nic1.port1,50,4,0,0,lvl02-0101-0827-03t0:ethernet29/1 -> lvl021082703049:nic1.port1,lvl021082703049:nic1.port1 -> lvl02-0101-0827-03t0:ethernet29/1,1
2026-09-04 05:57:00.0000000,lvl02-0101-0827-03t0,ethernet29/1,lvl021082703049,nic1.port1,50,6,0,0,lvl02-0101-0827-03t0:ethernet29/1 -> lvl021082703049:nic1.port1,lvl021082703049:nic1.port1 -> lvl02-0101-0827-03t0:ethernet29/1,1
2026-09-04 05:57:00.0000000,lvl02-0101-0827-03t0,ethernet31/1,lvl021082703053,nic1.port1,50,2,0,0,lvl02-0101-0827-03t0:ethernet31/1 -> lvl021082703053:nic1.port1,lvl021082703053:nic1.port1 -> lvl02-0101-0827-03t0:ethernet31/1,1
2026-09-04 05:57:00.0000000,lvl02-0101-0827-03t0,ethernet31/1,lvl021082703053,nic1.port1,50,3,0,584,lvl02-0101-0827-03t0:ethernet31/1 -> lvl021082703053:nic1.port1,lvl021082703053:nic1.port1 -> lvl02-0101-0827-03t0:ethernet31/1,1
2026-09-04 05:57:00.0000000,lvl02-0101-0827-03t0,ethernet31/1,lvl021082703053,nic1.port1,50,4,0,584,lvl02-0101-0827-03t0:ethernet31/1 -> lvl021082703053:nic1.port1,lvl021082703053:nic1.port1 -> lvl02-0101-0827-03t0:ethernet31/1,1
2026-09-04 05:57:00.0000000,lvl02-0101-0827-03t0,ethernet31/1,lvl021082703053,nic1.port1,50,6,0,0,lvl02-0101-0827-03t0:ethernet31/1 -> lvl021082703053:nic1.port1,lvl021082703053:nic1.port1 -> lvl02-0101-0827-03t0:ethernet31/1,1
2026-09-04 05:57:00.0000000,lvl02-0101-0827-03t0,ethernet4/1,lvl021082703007,nic1.port1,50,2,0,0,lvl02-0101-0827-03t0:ethernet4/1 -> lvl021082703007:nic1.port1,lvl021082703007:nic1.port1 -> lvl02-0101-0827-03t0:ethernet4/1,1
2026-09-04 05:57:00.0000000,lvl02-0101-0827-03t0,ethernet4/1,lvl021082703007,nic1.port1,50,3,0,0,lvl02-0101-0827-03t0:ethernet4/1 -> lvl021082703007:nic1.port1,lvl021082703007:nic1.port1 -> lvl02-0101-0827-03t0:ethernet4/1,1
2026-09-04 05:57:00.0000000,lvl02-0101-0827-03t0,ethernet4/1,lvl021082703007,nic1.port1,50,4,0,0,lvl02-0101-0827-03t0:ethernet4/1 -> lvl021082703007:nic1.port1,lvl021082703007:nic1.port1 -> lvl02-0101-0827-03t0:ethernet4/1,1
2026-09-04 05:57:00.0000000,lvl02-0101-0827-03t0,ethernet4/1,lvl021082703007,nic1.port1,50,6,0,0,lvl02-0101-0827-03t0:ethernet4/1 -> lvl021082703007:nic1.port1,lvl021082703007:nic1.port1 -> lvl02-0101-0827-03t0:ethernet4/1,1
2026-09-04 06:01:00.0000000,lvl02-0101-0827-03lt0,ethernet12/1,lvl021082703019,nic1.port1,50,2,0,0,lvl02-0101-0827-03lt0:ethernet12/1 -> lvl021082703019:nic1.port1,lvl021082703019:nic1.port1 -> lvl02-0101-0827-03lt0:ethernet12/1,1
2026-09-04 06:01:00.0000000,lvl02-0101-0827-03lt0,ethernet12/1,lvl021082703019,nic1.port1,50,3,0,0,lvl02-0101-0827-03lt0:ethernet12/1 -> lvl021082703019:nic1.port1,lvl021082703019:nic1.port1 -> lvl02-0101-0827-03lt0:ethernet12/1,1
2026-09-04 06:01:00.0000000,lvl02-0101-0827-03lt0,ethernet12/1,lvl021082703019,nic1.port1,50,4,0,0,lvl02-0101-0827-03lt0:ethernet12/1 -> lvl021082703019:nic1.port1,lvl021082703019:nic1.port1 -> lvl02-0101-0827-03lt0:ethernet12/1,1
2026-09-04 06:01:00.0000000,lvl02-0101-0827-03lt0,ethernet12/1,lvl021082703019,nic1.port1,50,6,0,0,lvl02-0101-0827-03lt0:ethernet12/1 -> lvl021082703019:nic1.port1,lvl021082703019:nic1.port1 -> lvl02-0101-0827-03lt0:ethernet12/1,1
2026-09-04 06:01:00.0000000,lvl02-0101-0827-03lt0,ethernet14/1,lvl021082703023,nic1.port1,50,2,0,0,lvl02-0101-0827-03lt0:ethernet14/1 -> lvl021082703023:nic1.port1,lvl021082703023:nic1.port1 -> lvl02-0101-0827-03lt0:ethernet14/1,1
2026-09-04 06:01:00.0000000,lvl02-0101-0827-03lt0,ethernet14/1,lvl021082703023,nic1.port1,50,3,0,8,lvl02-0101-0827-03lt0:ethernet14/1 -> lvl021082703023:nic1.port1,lvl021082703023:nic1.port1 -> lvl02-0101-0827-03lt0:ethernet14/1,1
2026-09-04 06:01:00.0000000,lvl02-0101-0827-03lt0,ethernet14/1,lvl021082703023,nic1.port1,50,4,0,8,lvl02-0101-0827-03lt0:ethernet14/1 -> lvl021082703023:nic1.port1,lvl021082703023:nic1.port1 -> lvl02-0101-0827-03lt0:ethernet14/1,1
2026-09-04 06:01:00.0000000,lvl02-0101-0827-03lt0,ethernet14/1,lvl021082703023,nic1.port1,50,6,0,0,lvl02-0101-0827-03lt0:ethernet14/1 -> lvl021082703023:nic1.port1,lvl021082703023:nic1.port1 -> lvl02-0101-0827-03lt0:ethernet14/1,1
2026-09-04 06:01:00.0000000,lvl02-0101-0827-03lt0,ethernet15/1,lvl021082703025,nic1.port1,50,2,0,0,lvl02-0101-0827-03lt0:ethernet15/1 -> lvl021082703025:nic1.port1,lvl021082703025:nic1.port1 -> lvl02-0101-0827-03lt0:ethernet15/1,1
2026-09-04 06:01:00.0000000,lvl02-0101-0827-03lt0,ethernet15/1,lvl021082703025,nic1.port1,50,3,0,0,lvl02-0101-0827-03lt0:ethernet15/1 -> lvl021082703025:nic1.port1,lvl021082703025:nic1.port1 -> lvl02-0101-0827-03lt0:ethernet15/1,1
2026-09-04 06:01:00.0000000,lvl02-0101-0827-03lt0,ethernet15/1,lvl021082703025,nic1.port1,50,4,0,0,lvl02-0101-0827-03lt0:ethernet15/1 -> lvl021082703025:nic1.port1,lvl021082703025:nic1.port1 -> lvl02-0101-0827-03lt0:ethernet15/1,1
2026-09-04 06:01:00.0000000,lvl02-0101-0827-03lt0,ethernet15/1,lvl021082703025,nic1.port1,50,6,0,0,lvl02-0101-0827-03lt0:ethernet15/1 -> lvl021082703025:nic1.port1,lvl021082703025:nic1.port1 -> lvl02-0101-0827-03lt0:ethernet15/1,1
2026-09-04 06:01:00.0000000,lvl02-0101-0827-03lt0,ethernet18/1,lvl021082703031,nic1.port1,50,2,0,0,lvl02-0101-0827-03lt0:ethernet18/1 -> lvl021082703031:nic1.port1,lvl021082703031:nic1.port1 -> lvl02-0101-0827-03lt0:ethernet18/1,1
2026-09-04 06:01:00.0000000,lvl02-0101-0827-03lt0,ethernet18/1,lvl021082703031,nic1.port1,50,3,0,0,lvl02-0101-0827-03lt0:ethernet18/1 -> lvl021082703031:nic1.port1,lvl021082703031:nic1.port1 -> lvl02-0101-0827-03lt0:ethernet18/1,1
2026-09-04 06:01:00.0000000,lvl02-0101-0827-03lt0,ethernet18/1,lvl021082703031,nic1.port1,50,4,0,0,lvl02-0101-0827-03lt0:ethernet18/1 -> lvl021082703031:nic1.port1,lvl021082703031:nic1.port1 -> lvl02-0101-0827-03lt0:ethernet18/1,1
2026-09-04 06:01:00.0000000,lvl02-0101-0827-03lt0,ethernet18/1,lvl021082703031,nic1.port1,50,6,0,0,lvl02-0101-0827-03lt0:ethernet18/1 -> lvl021082703031:nic1.port1,lvl021082703031:nic1.port1 -> lvl02-0101-0827-03lt0:ethernet18/1,1
2026-09-04 06:01:00.0000000,lvl02-0101-0827-03lt0,ethernet19/1,lvl021082703033,nic1.port1,50,2,0,0,lvl02-0101-0827-03lt0:ethernet19/1 -> lvl021082703033:nic1.port1,lvl021082703033:nic1.port1 -> lvl02-0101-0827-03lt0:ethernet19/1,1
2026-09-04 06:01:00.0000000,lvl02-0101-0827-03lt0,ethernet19/1,lvl021082703033,nic1.port1,50,3,0,0,lvl02-0101-0827-03lt0:ethernet19/1 -> lvl021082703033:nic1.port1,lvl021082703033:nic1.port1 -> lvl02-0101-0827-03lt0:ethernet19/1,1
2026-09-04 06:01:00.0000000,lvl02-0101-0827-03lt0,ethernet19/1,lvl021082703033,nic1.port1,50,4,0,0,lvl02-0101-0827-03lt0:ethernet19/1 -> lvl021082703033:nic1.port1,lvl021082703033:nic1.port1 -> lvl02-0101-0827-03lt0:ethernet19/1,1
2026-09-04 06:01:00.0000000,lvl02-0101-0827-03lt0,ethernet19/1,lvl021082703033,nic1.port1,50,6,0,0,lvl02-0101-0827-03lt0:ethernet19/1 -> lvl021082703033:nic1.port1,lvl021082703033:nic1.port1 -> lvl02-0101-0827-03lt0:ethernet19/1,1
2026-09-04 06:01:00.0000000,lvl02-0101-0827-03lt0,ethernet2/1,lvl021082703003,nic1.port1,50,2,0,0,lvl02-0101-0827-03lt0:ethernet2/1 -> lvl021082703003:nic1.port1,lvl021082703003:nic1.port1 -> lvl02-0101-0827-03lt0:ethernet2/1,1
2026-09-04 06:01:00.0000000,lvl02-0101-0827-03lt0,ethernet2/1,lvl021082703003,nic1.port1,50,3,0,0,lvl02-0101-0827-03lt0:ethernet2/1 -> lvl021082703003:nic1.port1,lvl021082703003:nic1.port1 -> lvl02-0101-0827-03lt0:ethernet2/1,1
2026-09-04 06:01:00.0000000,lvl02-0101-0827-03lt0,ethernet2/1,lvl021082703003,nic1.port1,50,4,0,0,lvl02-0101-0827-03lt0:ethernet2/1 -> lvl021082703003:nic1.port1,lvl021082703003:nic1.port1 -> lvl02-0101-0827-03lt0:ethernet2/1,1
2026-09-04 06:01:00.0000000,lvl02-0101-0827-03lt0,ethernet2/1,lvl021082703003,nic1.port1,50,6,0,0,lvl02-0101-0827-03lt0:ethernet2/1 -> lvl021082703003:nic1.port1,lvl021082703003:nic1.port1 -> lvl02-0101-0827-03lt0:ethernet2/1,1
2026-09-04 06:01:00.0000000,lvl02-0101-0827-03lt0,ethernet21/1,lvl021082703037,nic1.port1,50,2,0,0,lvl02-0101-0827-03lt0:ethernet21/1 -> lvl021082703037:nic1.port1,lvl021082703037:nic1.port1 -> lvl02-0101-0827-03lt0:ethernet21/1,1
2026-09-04 06:01:00.0000000,lvl02-0101-0827-03lt0,ethernet21/1,lvl021082703037,nic1.port1,50,3,0,0,lvl02-0101-0827-03lt0:ethernet21/1 -> lvl021082703037:nic1.port1,lvl021082703037:nic1.port1 -> lvl02-0101-0827-03lt0:ethernet21/1,1
2026-09-04 06:01:00.0000000,lvl02-0101-0827-03lt0,ethernet21/1,lvl021082703037,nic1.port1,50,4,0,0,lvl02-0101-0827-03lt0:ethernet21/1 -> lvl021082703037:nic1.port1,lvl021082703037:nic1.port1 -> lvl02-0101-0827-03lt0:ethernet21/1,1
2026-09-04 06:01:00.0000000,lvl02-0101-0827-03lt0,ethernet21/1,lvl021082703037,nic1.port1,50,6,0,0,lvl02-0101-0827-03lt0:ethernet21/1 -> lvl021082703037:nic1.port1,lvl021082703037:nic1.port1 -> lvl02-0101-0827-03lt0:ethernet21/1,1
2026-09-04 06:01:00.0000000,lvl02-0101-0827-03lt0,ethernet27/1,lvl021082703045,nic1.port1,50,2,0,0,lvl02-0101-0827-03lt0:ethernet27/1 -> lvl021082703045:nic1.port1,lvl021082703045:nic1.port1 -> lvl02-0101-0827-03lt0:ethernet27/1,1
2026-09-04 06:01:00.0000000,lvl02-0101-0827-03lt0,ethernet27/1,lvl021082703045,nic1.port1,50,3,0,0,lvl02-0101-0827-03lt0:ethernet27/1 -> lvl021082703045:nic1.port1,lvl021082703045:nic1.port1 -> lvl02-0101-0827-03lt0:ethernet27/1,1
2026-09-04 06:01:00.0000000,lvl02-0101-0827-03lt0,ethernet27/1,lvl021082703045,nic1.port1,50,4,0,0,lvl02-0101-0827-03lt0:ethernet27/1 -> lvl021082703045:nic1.port1,lvl021082703045:nic1.port1 -> lvl02-0101-0827-03lt0:ethernet27/1,1
2026-09-04 06:01:00.0000000,lvl02-0101-0827-03lt0,ethernet27/1,lvl021082703045,nic1.port1,50,6,0,0,lvl02-0101-0827-03lt0:ethernet27/1 -> lvl021082703045:nic1.port1,lvl021082703045:nic1.port1 -> lvl02-0101-0827-03lt0:ethernet27/1,1
2026-09-04 06:01:00.0000000,lvl02-0101-0827-03lt0,ethernet29/1,lvl021082703049,nic1.port1,50,2,0,0,lvl02-0101-0827-03lt0:ethernet29/1 -> lvl021082703049:nic1.port1,lvl021082703049:nic1.port1 -> lvl02-0101-0827-03lt0:ethernet29/1,1
2026-09-04 06:01:00.0000000,lvl02-0101-0827-03lt0,ethernet29/1,lvl021082703049,nic1.port1,50,3,0,0,lvl02-0101-0827-03lt0:ethernet29/1 -> lvl021082703049:nic1.port1,lvl021082703049:nic1.port1 -> lvl02-0101-0827-03lt0:ethernet29/1,1
2026-09-04 06:01:00.0000000,lvl02-0101-0827-03lt0,ethernet29/1,lvl021082703049,nic1.port1,50,4,0,0,lvl02-0101-0827-03lt0:ethernet29/1 -> lvl021082703049:nic1.port1,lvl021082703049:nic1.port1 -> lvl02-0101-0827-03lt0:ethernet29/1,1
2026-09-04 06:01:00.0000000,lvl02-0101-0827-03lt0,ethernet29/1,lvl021082703049,nic1.port1,50,6,0,0,lvl02-0101-0827-03lt0:ethernet29/1 -> lvl021082703049:nic1.port1,lvl021082703049:nic1.port1 -> lvl02-0101-0827-03lt0:ethernet29/1,1
2026-09-04 06:01:00.0000000,lvl02-0101-0827-03lt0,ethernet31/1,lvl021082703053,nic1.port1,50,2,0,0,lvl02-0101-0827-03lt0:ethernet31/1 -> lvl021082703053:nic1.port1,lvl021082703053:nic1.port1 -> lvl02-0101-0827-03lt0:ethernet31/1,1
2026-09-04 06:01:00.0000000,lvl02-0101-0827-03lt0,ethernet31/1,lvl021082703053,nic1.port1,50,3,0,432,lvl02-0101-0827-03lt0:ethernet31/1 -> lvl021082703053:nic1.port1,lvl021082703053:nic1.port1 -> lvl02-0101-0827-03lt0:ethernet31/1,1
2026-09-04 06:01:00.0000000,lvl02-0101-0827-03lt0,ethernet31/1,lvl021082703053,nic1.port1,50,4,0,432,lvl02-0101-0827-03lt0:ethernet31/1 -> lvl021082703053:nic1.port1,lvl021082703053:nic1.port1 -> lvl02-0101-0827-03lt0:ethernet31/1,1
2026-09-04 06:01:00.0000000,lvl02-0101-0827-03lt0,ethernet31/1,lvl021082703053,nic1.port1,50,6,0,0,lvl02-0101-0827-03lt0:ethernet31/1 -> lvl021082703053:nic1.port1,lvl021082703053:nic1.port1 -> lvl02-0101-0827-03lt0:ethernet31/1,1
2026-09-04 06:01:00.0000000,lvl02-0101-0827-03lt0,ethernet4/1,lvl021082703007,nic1.port1,50,2,0,0,lvl02-0101-0827-03lt0:ethernet4/1 -> lvl021082703007:nic1.port1,lvl021082703007:nic1.port1 -> lvl02-0101-0827-03lt0:ethernet4/1,1
2026-09-04 06:01:00.0000000,lvl02-0101-0827-03lt0,ethernet4/1,lvl021082703007,nic1.port1,50,3,0,0,lvl02-0101-0827-03lt0:ethernet4/1 -> lvl021082703007:nic1.port1,lvl021082703007:nic1.port1 -> lvl02-0101-0827-03lt0:ethernet4/1,1
2026-09-04 06:01:00.0000000,lvl02-0101-0827-03lt0,ethernet4/1,lvl021082703007,nic1.port1,50,4,0,0,lvl02-0101-0827-03lt0:ethernet4/1 -> lvl021082703007:nic1.port1,lvl021082703007:nic1.port1 -> lvl02-0101-0827-03lt0:ethernet4/1,1
2026-09-04 06:01:00.0000000,lvl02-0101-0827-03lt0,ethernet4/1,lvl021082703007,nic1.port1,50,6,0,0,lvl02-0101-0827-03lt0:ethernet4/1 -> lvl021082703007:nic1.port1,lvl021082703007:nic1.port1 -> lvl02-0101-0827-03lt0:ethernet4/1,1
2026-09-04 06:02:00.0000000,lvl02-0101-0827-03t0,ethernet12/1,lvl021082703019,nic1.port1,50,2,0,0,lvl02-0101-0827-03t0:ethernet12/1 -> lvl021082703019:nic1.port1,lvl021082703019:nic1.port1 -> lvl02-0101-0827-03t0:ethernet12/1,1
2026-09-04 06:02:00.0000000,lvl02-0101-0827-03t0,ethernet12/1,lvl021082703019,nic1.port1,50,3,0,0,lvl02-0101-0827-03t0:ethernet12/1 -> lvl021082703019:nic1.port1,lvl021082703019:nic1.port1 -> lvl02-0101-0827-03t0:ethernet12/1,1
2026-09-04 06:02:00.0000000,lvl02-0101-0827-03t0,ethernet12/1,lvl021082703019,nic1.port1,50,4,0,0,lvl02-0101-0827-03t0:ethernet12/1 -> lvl021082703019:nic1.port1,lvl021082703019:nic1.port1 -> lvl02-0101-0827-03t0:ethernet12/1,1
2026-09-04 06:02:00.0000000,lvl02-0101-0827-03t0,ethernet12/1,lvl021082703019,nic1.port1,50,6,0,0,lvl02-0101-0827-03t0:ethernet12/1 -> lvl021082703019:nic1.port1,lvl021082703019:nic1.port1 -> lvl02-0101-0827-03t0:ethernet12/1,1
2026-09-04 06:02:00.0000000,lvl02-0101-0827-03t0,ethernet14/1,lvl021082703023,nic1.port1,50,2,0,0,lvl02-0101-0827-03t0:ethernet14/1 -> lvl021082703023:nic1.port1,lvl021082703023:nic1.port1 -> lvl02-0101-0827-03t0:ethernet14/1,1
2026-09-04 06:02:00.0000000,lvl02-0101-0827-03t0,ethernet14/1,lvl021082703023,nic1.port1,50,3,0,8,lvl02-0101-0827-03t0:ethernet14/1 -> lvl021082703023:nic1.port1,lvl021082703023:nic1.port1 -> lvl02-0101-0827-03t0:ethernet14/1,1
2026-09-04 06:02:00.0000000,lvl02-0101-0827-03t0,ethernet14/1,lvl021082703023,nic1.port1,50,4,0,8,lvl02-0101-0827-03t0:ethernet14/1 -> lvl021082703023:nic1.port1,lvl021082703023:nic1.port1 -> lvl02-0101-0827-03t0:ethernet14/1,1
2026-09-04 06:02:00.0000000,lvl02-0101-0827-03t0,ethernet14/1,lvl021082703023,nic1.port1,50,6,0,0,lvl02-0101-0827-03t0:ethernet14/1 -> lvl021082703023:nic1.port1,lvl021082703023:nic1.port1 -> lvl02-0101-0827-03t0:ethernet14/1,1
2026-09-04 06:02:00.0000000,lvl02-0101-0827-03t0,ethernet15/1,lvl021082703025,nic1.port1,50,2,0,0,lvl02-0101-0827-03t0:ethernet15/1 -> lvl021082703025:nic1.port1,lvl021082703025:nic1.port1 -> lvl02-0101-0827-03t0:ethernet15/1,1
2026-09-04 06:02:00.0000000,lvl02-0101-0827-03t0,ethernet15/1,lvl021082703025,nic1.port1,50,3,0,0,lvl02-0101-0827-03t0:ethernet15/1 -> lvl021082703025:nic1.port1,lvl021082703025:nic1.port1 -> lvl02-0101-0827-03t0:ethernet15/1,1
2026-09-04 06:02:00.0000000,lvl02-0101-0827-03t0,ethernet15/1,lvl021082703025,nic1.port1,50,4,0,0,lvl02-0101-0827-03t0:ethernet15/1 -> lvl021082703025:nic1.port1,lvl021082703025:nic1.port1 -> lvl02-0101-0827-03t0:ethernet15/1,1
2026-09-04 06:02:00.0000000,lvl02-0101-0827-03t0,ethernet15/1,lvl021082703025,nic1.port1,50,6,0,0,lvl02-0101-0827-03t0:ethernet15/1 -> lvl021082703025:nic1.port1,lvl021082703025:nic1.port1 -> lvl02-0101-0827-03t0:ethernet15/1,1
2026-09-04 06:02:00.0000000,lvl02-0101-0827-03t0,ethernet18/1,lvl021082703031,nic1.port1,50,2,0,0,lvl02-0101-0827-03t0:ethernet18/1 -> lvl021082703031:nic1.port1,lvl021082703031:nic1.port1 -> lvl02-0101-0827-03t0:ethernet18/1,1
2026-09-04 06:02:00.0000000,lvl02-0101-0827-03t0,ethernet18/1,lvl021082703031,nic1.port1,50,3,0,0,lvl02-0101-0827-03t0:ethernet18/1 -> lvl021082703031:nic1.port1,lvl021082703031:nic1.port1 -> lvl02-0101-0827-03t0:ethernet18/1,1
2026-09-04 06:02:00.0000000,lvl02-0101-0827-03t0,ethernet18/1,lvl021082703031,nic1.port1,50,4,0,0,lvl02-0101-0827-03t0:ethernet18/1 -> lvl021082703031:nic1.port1,lvl021082703031:nic1.port1 -> lvl02-0101-0827-03t0:ethernet18/1,1
2026-09-04 06:02:00.0000000,lvl02-0101-0827-03t0,ethernet18/1,lvl021082703031,nic1.port1,50,6,0,0,lvl02-0101-0827-03t0:ethernet18/1 -> lvl021082703031:nic1.port1,lvl021082703031:nic1.port1 -> lvl02-0101-0827-03t0:ethernet18/1,1
2026-09-04 06:02:00.0000000,lvl02-0101-0827-03t0,ethernet19/1,lvl021082703033,nic1.port1,50,2,0,0,lvl02-0101-0827-03t0:ethernet19/1 -> lvl021082703033:nic1.port1,lvl021082703033:nic1.port1 -> lvl02-0101-0827-03t0:ethernet19/1,1
2026-09-04 06:02:00.0000000,lvl02-0101-0827-03t0,ethernet19/1,lvl021082703033,nic1.port1,50,3,0,0,lvl02-0101-0827-03t0:ethernet19/1 -> lvl021082703033:nic1.port1,lvl021082703033:nic1.port1 -> lvl02-0101-0827-03t0:ethernet19/1,1
2026-09-04 06:02:00.0000000,lvl02-0101-0827-03t0,ethernet19/1,lvl021082703033,nic1.port1,50,4,0,0,lvl02-0101-0827-03t0:ethernet19/1 -> lvl021082703033:nic1.port1,lvl021082703033:nic1.port1 -> lvl02-0101-0827-03t0:ethernet19/1,1
2026-09-04 06:02:00.0000000,lvl02-0101-0827-03t0,ethernet19/1,lvl021082703033,nic1.port1,50,6,0,0,lvl02-0101-0827-03t0:ethernet19/1 -> lvl021082703033:nic1.port1,lvl021082703033:nic1.port1 -> lvl02-0101-0827-03t0:ethernet19/1,1
2026-09-04 06:02:00.0000000,lvl02-0101-0827-03t0,ethernet2/1,lvl021082703003,nic1.port1,50,2,0,0,lvl02-0101-0827-03t0:ethernet2/1 -> lvl021082703003:nic1.port1,lvl021082703003:nic1.port1 -> lvl02-0101-0827-03t0:ethernet2/1,1
2026-09-04 06:02:00.0000000,lvl02-0101-0827-03t0,ethernet2/1,lvl021082703003,nic1.port1,50,3,0,0,lvl02-0101-0827-03t0:ethernet2/1 -> lvl021082703003:nic1.port1,lvl021082703003:nic1.port1 -> lvl02-0101-0827-03t0:ethernet2/1,1
2026-09-04 06:02:00.0000000,lvl02-0101-0827-03t0,ethernet2/1,lvl021082703003,nic1.port1,50,4,0,0,lvl02-0101-0827-03t0:ethernet2/1 -> lvl021082703003:nic1.port1,lvl021082703003:nic1.port1 -> lvl02-0101-0827-03t0:ethernet2/1,1
2026-09-04 06:02:00.0000000,lvl02-0101-0827-03t0,ethernet2/1,lvl021082703003,nic1.port1,50,6,0,0,lvl02-0101-0827-03t0:ethernet2/1 -> lvl021082703003:nic1.port1,lvl021082703003:nic1.port1 -> lvl02-0101-0827-03t0:ethernet2/1,1
2026-09-04 06:02:00.0000000,lvl02-0101-0827-03t0,ethernet21/1,lvl021082703037,nic1.port1,50,2,0,0,lvl02-0101-0827-03t0:ethernet21/1 -> lvl021082703037:nic1.port1,lvl021082703037:nic1.port1 -> lvl02-0101-0827-03t0:ethernet21/1,1
2026-09-04 06:02:00.0000000,lvl02-0101-0827-03t0,ethernet21/1,lvl021082703037,nic1.port1,50,3,0,0,lvl02-0101-0827-03t0:ethernet21/1 -> lvl021082703037:nic1.port1,lvl021082703037:nic1.port1 -> lvl02-0101-0827-03t0:ethernet21/1,1
2026-09-04 06:02:00.0000000,lvl02-0101-0827-03t0,ethernet21/1,lvl021082703037,nic1.port1,50,4,0,0,lvl02-0101-0827-03t0:ethernet21/1 -> lvl021082703037:nic1.port1,lvl021082703037:nic1.port1 -> lvl02-0101-0827-03t0:ethernet21/1,1
2026-09-04 06:02:00.0000000,lvl02-0101-0827-03t0,ethernet21/1,lvl021082703037,nic1.port1,50,6,0,0,lvl02-0101-0827-03t0:ethernet21/1 -> lvl021082703037:nic1.port1,lvl021082703037:nic1.port1 -> lvl02-0101-0827-03t0:ethernet21/1,1
2026-09-04 06:02:00.0000000,lvl02-0101-0827-03t0,ethernet27/1,lvl021082703045,nic1.port1,50,2,0,0,lvl02-0101-0827-03t0:ethernet27/1 -> lvl021082703045:nic1.port1,lvl021082703045:nic1.port1 -> lvl02-0101-0827-03t0:ethernet27/1,1
2026-09-04 06:02:00.0000000,lvl02-0101-0827-03t0,ethernet27/1,lvl021082703045,nic1.port1,50,3,0,4,lvl02-0101-0827-03t0:ethernet27/1 -> lvl021082703045:nic1.port1,lvl021082703045:nic1.port1 -> lvl02-0101-0827-03t0:ethernet27/1,1
2026-09-04 06:02:00.0000000,lvl02-0101-0827-03t0,ethernet27/1,lvl021082703045,nic1.port1,50,4,0,4,lvl02-0101-0827-03t0:ethernet27/1 -> lvl021082703045:nic1.port1,lvl021082703045:nic1.port1 -> lvl02-0101-0827-03t0:ethernet27/1,1
2026-09-04 06:02:00.0000000,lvl02-0101-0827-03t0,ethernet27/1,lvl021082703045,nic1.port1,50,6,0,0,lvl02-0101-0827-03t0:ethernet27/1 -> lvl021082703045:nic1.port1,lvl021082703045:nic1.port1 -> lvl02-0101-0827-03t0:ethernet27/1,1
2026-09-04 06:02:00.0000000,lvl02-0101-0827-03t0,ethernet29/1,lvl021082703049,nic1.port1,50,2,0,0,lvl02-0101-0827-03t0:ethernet29/1 -> lvl021082703049:nic1.port1,lvl021082703049:nic1.port1 -> lvl02-0101-0827-03t0:ethernet29/1,1
2026-09-04 06:02:00.0000000,lvl02-0101-0827-03t0,ethernet29/1,lvl021082703049,nic1.port1,50,3,0,0,lvl02-0101-0827-03t0:ethernet29/1 -> lvl021082703049:nic1.port1,lvl021082703049:nic1.port1 -> lvl02-0101-0827-03t0:ethernet29/1,1
2026-09-04 06:02:00.0000000,lvl02-0101-0827-03t0,ethernet29/1,lvl021082703049,nic1.port1,50,4,0,0,lvl02-0101-0827-03t0:ethernet29/1 -> lvl021082703049:nic1.port1,lvl021082703049:nic1.port1 -> lvl02-0101-0827-03t0:ethernet29/1,1
2026-09-04 06:02:00.0000000,lvl02-0101-0827-03t0,ethernet29/1,lvl021082703049,nic1.port1,50,6,0,0,lvl02-0101-0827-03t0:ethernet29/1 -> lvl021082703049:nic1.port1,lvl021082703049:nic1.port1 -> lvl02-0101-0827-03t0:ethernet29/1,1
2026-09-04 06:02:00.0000000,lvl02-0101-0827-03t0,ethernet31/1,lvl021082703053,nic1.port1,50,2,0,0,lvl02-0101-0827-03t0:ethernet31/1 -> lvl021082703053:nic1.port1,lvl021082703053:nic1.port1 -> lvl02-0101-0827-03t0:ethernet31/1,1
2026-09-04 06:02:00.0000000,lvl02-0101-0827-03t0,ethernet31/1,lvl021082703053,nic1.port1,50,3,0,0,lvl02-0101-0827-03t0:ethernet31/1 -> lvl021082703053:nic1.port1,lvl021082703053:nic1.port1 -> lvl02-0101-0827-03t0:ethernet31/1,1
2026-09-04 06:02:00.0000000,lvl02-0101-0827-03t0,ethernet31/1,lvl021082703053,nic1.port1,50,4,0,0,lvl02-0101-0827-03t0:ethernet31/1 -> lvl021082703053:nic1.port1,lvl021082703053:nic1.port1 -> lvl02-0101-0827-03t0:ethernet31/1,1
2026-09-04 06:02:00.0000000,lvl02-0101-0827-03t0,ethernet31/1,lvl021082703053,nic1.port1,50,6,0,0,lvl02-0101-0827-03t0:ethernet31/1 -> lvl021082703053:nic1.port1,lvl021082703053:nic1.port1 -> lvl02-0101-0827-03t0:ethernet31/1,1
2026-09-04 06:02:00.0000000,lvl02-0101-0827-03t0,ethernet4/1,lvl021082703007,nic1.port1,50,2,0,0,lvl02-0101-0827-03t0:ethernet4/1 -> lvl021082703007:nic1.port1,lvl021082703007:nic1.port1 -> lvl02-0101-0827-03t0:ethernet4/1,1
2026-09-04 06:02:00.0000000,lvl02-0101-0827-03t0,ethernet4/1,lvl021082703007,nic1.port1,50,3,0,0,lvl02-0101-0827-03t0:ethernet4/1 -> lvl021082703007:nic1.port1,lvl021082703007:nic1.port1 -> lvl02-0101-0827-03t0:ethernet4/1,1
2026-09-04 06:02:00.0000000,lvl02-0101-0827-03t0,ethernet4/1,lvl021082703007,nic1.port1,50,4,0,0,lvl02-0101-0827-03t0:ethernet4/1 -> lvl021082703007:nic1.port1,lvl021082703007:nic1.port1 -> lvl02-0101-0827-03t0:ethernet4/1,1
2026-09-04 06:02:00.0000000,lvl02-0101-0827-03t0,ethernet4/1,lvl021082703007,nic1.port1,50,6,0,0,lvl02-0101-0827-03t0:ethernet4/1 -> lvl021082703007:nic1.port1,lvl021082703007:nic1.port1 -> lvl02-0101-0827-03t0:ethernet4/1,1
2026-09-04 06:06:00.0000000,lvl02-0101-0827-03lt0,ethernet12/1,lvl021082703019,nic1.port1,50,2,0,0,lvl02-0101-0827-03lt0:ethernet12/1 -> lvl021082703019:nic1.port1,lvl021082703019:nic1.port1 -> lvl02-0101-0827-03lt0:ethernet12/1,1
2026-09-04 06:06:00.0000000,lvl02-0101-0827-03lt0,ethernet12/1,lvl021082703019,nic1.port1,50,3,0,0,lvl02-0101-0827-03lt0:ethernet12/1 -> lvl021082703019:nic1.port1,lvl021082703019:nic1.port1 -> lvl02-0101-0827-03lt0:ethernet12/1,1
2026-09-04 06:06:00.0000000,lvl02-0101-0827-03lt0,ethernet12/1,lvl021082703019,nic1.port1,50,4,0,0,lvl02-0101-0827-03lt0:ethernet12/1 -> lvl021082703019:nic1.port1,lvl021082703019:nic1.port1 -> lvl02-0101-0827-03lt0:ethernet12/1,1
2026-09-04 06:06:00.0000000,lvl02-0101-0827-03lt0,ethernet12/1,lvl021082703019,nic1.port1,50,6,0,0,lvl02-0101-0827-03lt0:ethernet12/1 -> lvl021082703019:nic1.port1,lvl021082703019:nic1.port1 -> lvl02-0101-0827-03lt0:ethernet12/1,1
2026-09-04 06:06:00.0000000,lvl02-0101-0827-03lt0,ethernet14/1,lvl021082703023,nic1.port1,50,2,0,0,lvl02-0101-0827-03lt0:ethernet14/1 -> lvl021082703023:nic1.port1,lvl021082703023:nic1.port1 -> lvl02-0101-0827-03lt0:ethernet14/1,1
2026-09-04 06:06:00.0000000,lvl02-0101-0827-03lt0,ethernet14/1,lvl021082703023,nic1.port1,50,3,0,0,lvl02-0101-0827-03lt0:ethernet14/1 -> lvl021082703023:nic1.port1,lvl021082703023:nic1.port1 -> lvl02-0101-0827-03lt0:ethernet14/1,1
2026-09-04 06:06:00.0000000,lvl02-0101-0827-03lt0,ethernet14/1,lvl021082703023,nic1.port1,50,4,0,0,lvl02-0101-0827-03lt0:ethernet14/1 -> lvl021082703023:nic1.port1,lvl021082703023:nic1.port1 -> lvl02-0101-0827-03lt0:ethernet14/1,1
2026-09-04 06:06:00.0000000,lvl02-0101-0827-03lt0,ethernet14/1,lvl021082703023,nic1.port1,50,6,0,0,lvl02-0101-0827-03lt0:ethernet14/1 -> lvl021082703023:nic1.port1,lvl021082703023:nic1.port1 -> lvl02-0101-0827-03lt0:ethernet14/1,1
2026-09-04 06:06:00.0000000,lvl02-0101-0827-03lt0,ethernet15/1,lvl021082703025,nic1.port1,50,2,0,0,lvl02-0101-0827-03lt0:ethernet15/1 -> lvl021082703025:nic1.port1,lvl021082703025:nic1.port1 -> lvl02-0101-0827-03lt0:ethernet15/1,1
2026-09-04 06:06:00.0000000,lvl02-0101-0827-03lt0,ethernet15/1,lvl021082703025,nic1.port1,50,3,0,0,lvl02-0101-0827-03lt0:ethernet15/1 -> lvl021082703025:nic1.port1,lvl021082703025:nic1.port1 -> lvl02-0101-0827-03lt0:ethernet15/1,1
2026-09-04 06:06:00.0000000,lvl02-0101-0827-03lt0,ethernet15/1,lvl021082703025,nic1.port1,50,4,0,0,lvl02-0101-0827-03lt0:ethernet15/1 -> lvl021082703025:nic1.port1,lvl021082703025:nic1.port1 -> lvl02-0101-0827-03lt0:ethernet15/1,1
2026-09-04 06:06:00.0000000,lvl02-0101-0827-03lt0,ethernet15/1,lvl021082703025,nic1.port1,50,6,0,0,lvl02-0101-0827-03lt0:ethernet15/1 -> lvl021082703025:nic1.port1,lvl021082703025:nic1.port1 -> lvl02-0101-0827-03lt0:ethernet15/1,1
2026-09-04 06:06:00.0000000,lvl02-0101-0827-03lt0,ethernet18/1,lvl021082703031,nic1.port1,50,2,0,0,lvl02-0101-0827-03lt0:ethernet18/1 -> lvl021082703031:nic1.port1,lvl021082703031:nic1.port1 -> lvl02-0101-0827-03lt0:ethernet18/1,1
2026-09-04 06:06:00.0000000,lvl02-0101-0827-03lt0,ethernet18/1,lvl021082703031,nic1.port1,50,3,0,0,lvl02-0101-0827-03lt0:ethernet18/1 -> lvl021082703031:nic1.port1,lvl021082703031:nic1.port1 -> lvl02-0101-0827-03lt0:ethernet18/1,1
2026-09-04 06:06:00.0000000,lvl02-0101-0827-03lt0,ethernet18/1,lvl021082703031,nic1.port1,50,4,0,0,lvl02-0101-0827-03lt0:ethernet18/1 -> lvl021082703031:nic1.port1,lvl021082703031:nic1.port1 -> lvl02-0101-0827-03lt0:ethernet18/1,1
2026-09-04 06:06:00.0000000,lvl02-0101-0827-03lt0,ethernet18/1,lvl021082703031,nic1.port1,50,6,0,0,lvl02-0101-0827-03lt0:ethernet18/1 -> lvl021082703031:nic1.port1,lvl021082703031:nic1.port1 -> lvl02-0101-0827-03lt0:ethernet18/1,1
2026-09-04 06:06:00.0000000,lvl02-0101-0827-03lt0,ethernet19/1,lvl021082703033,nic1.port1,50,2,0,0,lvl02-0101-0827-03lt0:ethernet19/1 -> lvl021082703033:nic1.port1,lvl021082703033:nic1.port1 -> lvl02-0101-0827-03lt0:ethernet19/1,1
2026-09-04 06:06:00.0000000,lvl02-0101-0827-03lt0,ethernet19/1,lvl021082703033,nic1.port1,50,3,0,0,lvl02-0101-0827-03lt0:ethernet19/1 -> lvl021082703033:nic1.port1,lvl021082703033:nic1.port1 -> lvl02-0101-0827-03lt0:ethernet19/1,1
2026-09-04 06:06:00.0000000,lvl02-0101-0827-03lt0,ethernet19/1,lvl021082703033,nic1.port1,50,4,0,0,lvl02-0101-0827-03lt0:ethernet19/1 -> lvl021082703033:nic1.port1,lvl021082703033:nic1.port1 -> lvl02-0101-0827-03lt0:ethernet19/1,1
2026-09-04 06:06:00.0000000,lvl02-0101-0827-03lt0,ethernet19/1,lvl021082703033,nic1.port1,50,6,0,0,lvl02-0101-0827-03lt0:ethernet19/1 -> lvl021082703033:nic1.port1,lvl021082703033:nic1.port1 -> lvl02-0101-0827-03lt0:ethernet19/1,1
2026-09-04 06:06:00.0000000,lvl02-0101-0827-03lt0,ethernet2/1,lvl021082703003,nic1.port1,50,2,0,0,lvl02-0101-0827-03lt0:ethernet2/1 -> lvl021082703003:nic1.port1,lvl021082703003:nic1.port1 -> lvl02-0101-0827-03lt0:ethernet2/1,1
2026-09-04 06:06:00.0000000,lvl02-0101-0827-03lt0,ethernet2/1,lvl021082703003,nic1.port1,50,3,0,0,lvl02-0101-0827-03lt0:ethernet2/1 -> lvl021082703003:nic1.port1,lvl021082703003:nic1.port1 -> lvl02-0101-0827-03lt0:ethernet2/1,1
2026-09-04 06:06:00.0000000,lvl02-0101-0827-03lt0,ethernet2/1,lvl021082703003,nic1.port1,50,4,0,0,lvl02-0101-0827-03lt0:ethernet2/1 -> lvl021082703003:nic1.port1,lvl021082703003:nic1.port1 -> lvl02-0101-0827-03lt0:ethernet2/1,1
2026-09-04 06:06:00.0000000,lvl02-0101-0827-03lt0,ethernet2/1,lvl021082703003,nic1.port1,50,6,0,0,lvl02-0101-0827-03lt0:ethernet2/1 -> lvl021082703003:nic1.port1,lvl021082703003:nic1.port1 -> lvl02-0101-0827-03lt0:ethernet2/1,1
2026-09-04 06:06:00.0000000,lvl02-0101-0827-03lt0,ethernet21/1,lvl021082703037,nic1.port1,50,2,0,0,lvl02-0101-0827-03lt0:ethernet21/1 -> lvl021082703037:nic1.port1,lvl021082703037:nic1.port1 -> lvl02-0101-0827-03lt0:ethernet21/1,1
2026-09-04 06:06:00.0000000,lvl02-0101-0827-03lt0,ethernet21/1,lvl021082703037,nic1.port1,50,3,0,0,lvl02-0101-0827-03lt0:ethernet21/1 -> lvl021082703037:nic1.port1,lvl021082703037:nic1.port1 -> lvl02-0101-0827-03lt0:ethernet21/1,1
2026-09-04 06:06:00.0000000,lvl02-0101-0827-03lt0,ethernet21/1,lvl021082703037,nic1.port1,50,4,0,0,lvl02-0101-0827-03lt0:ethernet21/1 -> lvl021082703037:nic1.port1,lvl021082703037:nic1.port1 -> lvl02-0101-0827-03lt0:ethernet21/1,1
2026-09-04 06:06:00.0000000,lvl02-0101-0827-03lt0,ethernet21/1,lvl021082703037,nic1.port1,50,6,0,0,lvl02-0101-0827-03lt0:ethernet21/1 -> lvl021082703037:nic1.port1,lvl021082703037:nic1.port1 -> lvl02-0101-0827-03lt0:ethernet21/1,1
2026-09-04 06:06:00.0000000,lvl02-0101-0827-03lt0,ethernet27/1,lvl021082703045,nic1.port1,50,2,0,0,lvl02-0101-0827-03lt0:ethernet27/1 -> lvl021082703045:nic1.port1,lvl021082703045:nic1.port1 -> lvl02-0101-0827-03lt0:ethernet27/1,1
2026-09-04 06:06:00.0000000,lvl02-0101-0827-03lt0,ethernet27/1,lvl021082703045,nic1.port1,50,3,0,4,lvl02-0101-0827-03lt0:ethernet27/1 -> lvl021082703045:nic1.port1,lvl021082703045:nic1.port1 -> lvl02-0101-0827-03lt0:ethernet27/1,1
2026-09-04 06:06:00.0000000,lvl02-0101-0827-03lt0,ethernet27/1,lvl021082703045,nic1.port1,50,4,0,4,lvl02-0101-0827-03lt0:ethernet27/1 -> lvl021082703045:nic1.port1,lvl021082703045:nic1.port1 -> lvl02-0101-0827-03lt0:ethernet27/1,1
2026-09-04 06:06:00.0000000,lvl02-0101-0827-03lt0,ethernet27/1,lvl021082703045,nic1.port1,50,6,0,0,lvl02-0101-0827-03lt0:ethernet27/1 -> lvl021082703045:nic1.port1,lvl021082703045:nic1.port1 -> lvl02-0101-0827-03lt0:ethernet27/1,1
2026-09-04 06:06:00.0000000,lvl02-0101-0827-03lt0,ethernet29/1,lvl021082703049,nic1.port1,50,2,0,0,lvl02-0101-0827-03lt0:ethernet29/1 -> lvl021082703049:nic1.port1,lvl021082703049:nic1.port1 -> lvl02-0101-0827-03lt0:ethernet29/1,1
2026-09-04 06:06:00.0000000,lvl02-0101-0827-03lt0,ethernet29/1,lvl021082703049,nic1.port1,50,3,0,0,lvl02-0101-0827-03lt0:ethernet29/1 -> lvl021082703049:nic1.port1,lvl021082703049:nic1.port1 -> lvl02-0101-0827-03lt0:ethernet29/1,1
2026-09-04 06:06:00.0000000,lvl02-0101-0827-03lt0,ethernet29/1,lvl021082703049,nic1.port1,50,4,0,0,lvl02-0101-0827-03lt0:ethernet29/1 -> lvl021082703049:nic1.port1,lvl021082703049:nic1.port1 -> lvl02-0101-0827-03lt0:ethernet29/1,1
2026-09-04 06:06:00.0000000,lvl02-0101-0827-03lt0,ethernet29/1,lvl021082703049,nic1.port1,50,6,0,0,lvl02-0101-0827-03lt0:ethernet29/1 -> lvl021082703049:nic1.port1,lvl021082703049:nic1.port1 -> lvl02-0101-0827-03lt0:ethernet29/1,1
2026-09-04 06:06:00.0000000,lvl02-0101-0827-03lt0,ethernet31/1,lvl021082703053,nic1.port1,50,2,0,0,lvl02-0101-0827-03lt0:ethernet31/1 -> lvl021082703053:nic1.port1,lvl021082703053:nic1.port1 -> lvl02-0101-0827-03lt0:ethernet31/1,1
2026-09-04 06:06:00.0000000,lvl02-0101-0827-03lt0,ethernet31/1,lvl021082703053,nic1.port1,50,3,0,42,lvl02-0101-0827-03lt0:ethernet31/1 -> lvl021082703053:nic1.port1,lvl021082703053:nic1.port1 -> lvl02-0101-0827-03lt0:ethernet31/1,1
2026-09-04 06:06:00.0000000,lvl02-0101-0827-03lt0,ethernet31/1,lvl021082703053,nic1.port1,50,4,0,42,lvl02-0101-0827-03lt0:ethernet31/1 -> lvl021082703053:nic1.port1,lvl021082703053:nic1.port1 -> lvl02-0101-0827-03lt0:ethernet31/1,1
2026-09-04 06:06:00.0000000,lvl02-0101-0827-03lt0,ethernet31/1,lvl021082703053,nic1.port1,50,6,0,0,lvl02-0101-0827-03lt0:ethernet31/1 -> lvl021082703053:nic1.port1,lvl021082703053:nic1.port1 -> lvl02-0101-0827-03lt0:ethernet31/1,1
2026-09-04 06:06:00.0000000,lvl02-0101-0827-03lt0,ethernet4/1,lvl021082703007,nic1.port1,50,2,0,0,lvl02-0101-0827-03lt0:ethernet4/1 -> lvl021082703007:nic1.port1,lvl021082703007:nic1.port1 -> lvl02-0101-0827-03lt0:ethernet4/1,1
2026-09-04 06:06:00.0000000,lvl02-0101-0827-03lt0,ethernet4/1,lvl021082703007,nic1.port1,50,3,0,0,lvl02-0101-0827-03lt0:ethernet4/1 -> lvl021082703007:nic1.port1,lvl021082703007:nic1.port1 -> lvl02-0101-0827-03lt0:ethernet4/1,1
2026-09-04 06:06:00.0000000,lvl02-0101-0827-03lt0,ethernet4/1,lvl021082703007,nic1.port1,50,4,0,0,lvl02-0101-0827-03lt0:ethernet4/1 -> lvl021082703007:nic1.port1,lvl021082703007:nic1.port1 -> lvl02-0101-0827-03lt0:ethernet4/1,1
2026-09-04 06:06:00.0000000,lvl02-0101-0827-03lt0,ethernet4/1,lvl021082703007,nic1.port1,50,6,0,0,lvl02-0101-0827-03lt0:ethernet4/1 -> lvl021082703007:nic1.port1,lvl021082703007:nic1.port1 -> lvl02-0101-0827-03lt0:ethernet4/1,1
2026-09-04 06:07:00.0000000,lvl02-0101-0827-03t0,ethernet12/1,lvl021082703019,nic1.port1,50,2,0,0,lvl02-0101-0827-03t0:ethernet12/1 -> lvl021082703019:nic1.port1,lvl021082703019:nic1.port1 -> lvl02-0101-0827-03t0:ethernet12/1,1
2026-09-04 06:07:00.0000000,lvl02-0101-0827-03t0,ethernet12/1,lvl021082703019,nic1.port1,50,3,0,0,lvl02-0101-0827-03t0:ethernet12/1 -> lvl021082703019:nic1.port1,lvl021082703019:nic1.port1 -> lvl02-0101-0827-03t0:ethernet12/1,1
2026-09-04 06:07:00.0000000,lvl02-0101-0827-03t0,ethernet12/1,lvl021082703019,nic1.port1,50,4,0,0,lvl02-0101-0827-03t0:ethernet12/1 -> lvl021082703019:nic1.port1,lvl021082703019:nic1.port1 -> lvl02-0101-0827-03t0:ethernet12/1,1
2026-09-04 06:07:00.0000000,lvl02-0101-0827-03t0,ethernet12/1,lvl021082703019,nic1.port1,50,6,0,0,lvl02-0101-0827-03t0:ethernet12/1 -> lvl021082703019:nic1.port1,lvl021082703019:nic1.port1 -> lvl02-0101-0827-03t0:ethernet12/1,1
2026-09-04 06:07:00.0000000,lvl02-0101-0827-03t0,ethernet14/1,lvl021082703023,nic1.port1,50,2,0,0,lvl02-0101-0827-03t0:ethernet14/1 -> lvl021082703023:nic1.port1,lvl021082703023:nic1.port1 -> lvl02-0101-0827-03t0:ethernet14/1,1
2026-09-04 06:07:00.0000000,lvl02-0101-0827-03t0,ethernet14/1,lvl021082703023,nic1.port1,50,3,0,0,lvl02-0101-0827-03t0:ethernet14/1 -> lvl021082703023:nic1.port1,lvl021082703023:nic1.port1 -> lvl02-0101-0827-03t0:ethernet14/1,1
2026-09-04 06:07:00.0000000,lvl02-0101-0827-03t0,ethernet14/1,lvl021082703023,nic1.port1,50,4,0,0,lvl02-0101-0827-03t0:ethernet14/1 -> lvl021082703023:nic1.port1,lvl021082703023:nic1.port1 -> lvl02-0101-0827-03t0:ethernet14/1,1
2026-09-04 06:07:00.0000000,lvl02-0101-0827-03t0,ethernet14/1,lvl021082703023,nic1.port1,50,6,0,0,lvl02-0101-0827-03t0:ethernet14/1 -> lvl021082703023:nic1.port1,lvl021082703023:nic1.port1 -> lvl02-0101-0827-03t0:ethernet14/1,1
2026-09-04 06:07:00.0000000,lvl02-0101-0827-03t0,ethernet15/1,lvl021082703025,nic1.port1,50,2,0,0,lvl02-0101-0827-03t0:ethernet15/1 -> lvl021082703025:nic1.port1,lvl021082703025:nic1.port1 -> lvl02-0101-0827-03t0:ethernet15/1,1
2026-09-04 06:07:00.0000000,lvl02-0101-0827-03t0,ethernet15/1,lvl021082703025,nic1.port1,50,3,0,0,lvl02-0101-0827-03t0:ethernet15/1 -> lvl021082703025:nic1.port1,lvl021082703025:nic1.port1 -> lvl02-0101-0827-03t0:ethernet15/1,1
2026-09-04 06:07:00.0000000,lvl02-0101-0827-03t0,ethernet15/1,lvl021082703025,nic1.port1,50,4,0,0,lvl02-0101-0827-03t0:ethernet15/1 -> lvl021082703025:nic1.port1,lvl021082703025:nic1.port1 -> lvl02-0101-0827-03t0:ethernet15/1,1
2026-09-04 06:07:00.0000000,lvl02-0101-0827-03t0,ethernet15/1,lvl021082703025,nic1.port1,50,6,0,0,lvl02-0101-0827-03t0:ethernet15/1 -> lvl021082703025:nic1.port1,lvl021082703025:nic1.port1 -> lvl02-0101-0827-03t0:ethernet15/1,1
2026-09-04 06:07:00.0000000,lvl02-0101-0827-03t0,ethernet18/1,lvl021082703031,nic1.port1,50,2,0,0,lvl02-0101-0827-03t0:ethernet18/1 -> lvl021082703031:nic1.port1,lvl021082703031:nic1.port1 -> lvl02-0101-0827-03t0:ethernet18/1,1
2026-09-04 06:07:00.0000000,lvl02-0101-0827-03t0,ethernet18/1,lvl021082703031,nic1.port1,50,3,0,0,lvl02-0101-0827-03t0:ethernet18/1 -> lvl021082703031:nic1.port1,lvl021082703031:nic1.port1 -> lvl02-0101-0827-03t0:ethernet18/1,1
2026-09-04 06:07:00.0000000,lvl02-0101-0827-03t0,ethernet18/1,lvl021082703031,nic1.port1,50,4,0,0,lvl02-0101-0827-03t0:ethernet18/1 -> lvl021082703031:nic1.port1,lvl021082703031:nic1.port1 -> lvl02-0101-0827-03t0:ethernet18/1,1
2026-09-04 06:07:00.0000000,lvl02-0101-0827-03t0,ethernet18/1,lvl021082703031,nic1.port1,50,6,0,0,lvl02-0101-0827-03t0:ethernet18/1 -> lvl021082703031:nic1.port1,lvl021082703031:nic1.port1 -> lvl02-0101-0827-03t0:ethernet18/1,1
2026-09-04 06:07:00.0000000,lvl02-0101-0827-03t0,ethernet19/1,lvl021082703033,nic1.port1,50,2,0,0,lvl02-0101-0827-03t0:ethernet19/1 -> lvl021082703033:nic1.port1,lvl021082703033:nic1.port1 -> lvl02-0101-0827-03t0:ethernet19/1,1
2026-09-04 06:07:00.0000000,lvl02-0101-0827-03t0,ethernet19/1,lvl021082703033,nic1.port1,50,3,0,0,lvl02-0101-0827-03t0:ethernet19/1 -> lvl021082703033:nic1.port1,lvl021082703033:nic1.port1 -> lvl02-0101-0827-03t0:ethernet19/1,1
2026-09-04 06:07:00.0000000,lvl02-0101-0827-03t0,ethernet19/1,lvl021082703033,nic1.port1,50,4,0,0,lvl02-0101-0827-03t0:ethernet19/1 -> lvl021082703033:nic1.port1,lvl021082703033:nic1.port1 -> lvl02-0101-0827-03t0:ethernet19/1,1
2026-09-04 06:07:00.0000000,lvl02-0101-0827-03t0,ethernet19/1,lvl021082703033,nic1.port1,50,6,0,0,lvl02-0101-0827-03t0:ethernet19/1 -> lvl021082703033:nic1.port1,lvl021082703033:nic1.port1 -> lvl02-0101-0827-03t0:ethernet19/1,1
2026-09-04 06:07:00.0000000,lvl02-0101-0827-03t0,ethernet2/1,lvl021082703003,nic1.port1,50,2,0,0,lvl02-0101-0827-03t0:ethernet2/1 -> lvl021082703003:nic1.port1,lvl021082703003:nic1.port1 -> lvl02-0101-0827-03t0:ethernet2/1,1
2026-09-04 06:07:00.0000000,lvl02-0101-0827-03t0,ethernet2/1,lvl021082703003,nic1.port1,50,3,0,0,lvl02-0101-0827-03t0:ethernet2/1 -> lvl021082703003:nic1.port1,lvl021082703003:nic1.port1 -> lvl02-0101-0827-03t0:ethernet2/1,1
2026-09-04 06:07:00.0000000,lvl02-0101-0827-03t0,ethernet2/1,lvl021082703003,nic1.port1,50,4,0,0,lvl02-0101-0827-03t0:ethernet2/1 -> lvl021082703003:nic1.port1,lvl021082703003:nic1.port1 -> lvl02-0101-0827-03t0:ethernet2/1,1
2026-09-04 06:07:00.0000000,lvl02-0101-0827-03t0,ethernet2/1,lvl021082703003,nic1.port1,50,6,0,0,lvl02-0101-0827-03t0:ethernet2/1 -> lvl021082703003:nic1.port1,lvl021082703003:nic1.port1 -> lvl02-0101-0827-03t0:ethernet2/1,1
2026-09-04 06:07:00.0000000,lvl02-0101-0827-03t0,ethernet21/1,lvl021082703037,nic1.port1,50,2,0,0,lvl02-0101-0827-03t0:ethernet21/1 -> lvl021082703037:nic1.port1,lvl021082703037:nic1.port1 -> lvl02-0101-0827-03t0:ethernet21/1,1
2026-09-04 06:07:00.0000000,lvl02-0101-0827-03t0,ethernet21/1,lvl021082703037,nic1.port1,50,3,0,0,lvl02-0101-0827-03t0:ethernet21/1 -> lvl021082703037:nic1.port1,lvl021082703037:nic1.port1 -> lvl02-0101-0827-03t0:ethernet21/1,1
2026-09-04 06:07:00.0000000,lvl02-0101-0827-03t0,ethernet21/1,lvl021082703037,nic1.port1,50,4,0,0,lvl02-0101-0827-03t0:ethernet21/1 -> lvl021082703037:nic1.port1,lvl021082703037:nic1.port1 -> lvl02-0101-0827-03t0:ethernet21/1,1
2026-09-04 06:07:00.0000000,lvl02-0101-0827-03t0,ethernet21/1,lvl021082703037,nic1.port1,50,6,0,0,lvl02-0101-0827-03t0:ethernet21/1 -> lvl021082703037:nic1.port1,lvl021082703037:nic1.port1 -> lvl02-0101-0827-03t0:ethernet21/1,1
2026-09-04 06:07:00.0000000,lvl02-0101-0827-03t0,ethernet27/1,lvl021082703045,nic1.port1,50,2,0,0,lvl02-0101-0827-03t0:ethernet27/1 -> lvl021082703045:nic1.port1,lvl021082703045:nic1.port1 -> lvl02-0101-0827-03t0:ethernet27/1,1
2026-09-04 06:07:00.0000000,lvl02-0101-0827-03t0,ethernet27/1,lvl021082703045,nic1.port1,50,3,0,0,lvl02-0101-0827-03t0:ethernet27/1 -> lvl021082703045:nic1.port1,lvl021082703045:nic1.port1 -> lvl02-0101-0827-03t0:ethernet27/1,1
2026-09-04 06:07:00.0000000,lvl02-0101-0827-03t0,ethernet27/1,lvl021082703045,nic1.port1,50,4,0,0,lvl02-0101-0827-03t0:ethernet27/1 -> lvl021082703045:nic1.port1,lvl021082703045:nic1.port1 -> lvl02-0101-0827-03t0:ethernet27/1,1
2026-09-04 06:07:00.0000000,lvl02-0101-0827-03t0,ethernet27/1,lvl021082703045,nic1.port1,50,6,0,0,lvl02-0101-0827-03t0:ethernet27/1 -> lvl021082703045:nic1.port1,lvl021082703045:nic1.port1 -> lvl02-0101-0827-03t0:ethernet27/1,1
2026-09-04 06:07:00.0000000,lvl02-0101-0827-03t0,ethernet29/1,lvl021082703049,nic1.port1,50,2,0,0,lvl02-0101-0827-03t0:ethernet29/1 -> lvl021082703049:nic1.port1,lvl021082703049:nic1.port1 -> lvl02-0101-0827-03t0:ethernet29/1,1
2026-09-04 06:07:00.0000000,lvl02-0101-0827-03t0,ethernet29/1,lvl021082703049,nic1.port1,50,3,0,0,lvl02-0101-0827-03t0:ethernet29/1 -> lvl021082703049:nic1.port1,lvl021082703049:nic1.port1 -> lvl02-0101-0827-03t0:ethernet29/1,1
2026-09-04 06:07:00.0000000,lvl02-0101-0827-03t0,ethernet29/1,lvl021082703049,nic1.port1,50,4,0,0,lvl02-0101-0827-03t0:ethernet29/1 -> lvl021082703049:nic1.port1,lvl021082703049:nic1.port1 -> lvl02-0101-0827-03t0:ethernet29/1,1
2026-09-04 06:07:00.0000000,lvl02-0101-0827-03t0,ethernet29/1,lvl021082703049,nic1.port1,50,6,0,0,lvl02-0101-0827-03t0:ethernet29/1 -> lvl021082703049:nic1.port1,lvl021082703049:nic1.port1 -> lvl02-0101-0827-03t0:ethernet29/1,1
2026-09-04 06:07:00.0000000,lvl02-0101-0827-03t0,ethernet31/1,lvl021082703053,nic1.port1,50,2,0,0,lvl02-0101-0827-03t0:ethernet31/1 -> lvl021082703053:nic1.port1,lvl021082703053:nic1.port1 -> lvl02-0101-0827-03t0:ethernet31/1,1
2026-09-04 06:07:00.0000000,lvl02-0101-0827-03t0,ethernet31/1,lvl021082703053,nic1.port1,50,3,0,42,lvl02-0101-0827-03t0:ethernet31/1 -> lvl021082703053:nic1.port1,lvl021082703053:nic1.port1 -> lvl02-0101-0827-03t0:ethernet31/1,1
2026-09-04 06:07:00.0000000,lvl02-0101-0827-03t0,ethernet31/1,lvl021082703053,nic1.port1,50,4,0,42,lvl02-0101-0827-03t0:ethernet31/1 -> lvl021082703053:nic1.port1,lvl021082703053:nic1.port1 -> lvl02-0101-0827-03t0:ethernet31/1,1
2026-09-04 06:07:00.0000000,lvl02-0101-0827-03t0,ethernet31/1,lvl021082703053,nic1.port1,50,6,0,0,lvl02-0101-0827-03t0:ethernet31/1 -> lvl021082703053:nic1.port1,lvl021082703053:nic1.port1 -> lvl02-0101-0827-03t0:ethernet31/1,1
2026-09-04 06:07:00.0000000,lvl02-0101-0827-03t0,ethernet4/1,lvl021082703007,nic1.port1,50,2,0,0,lvl02-0101-0827-03t0:ethernet4/1 -> lvl021082703007:nic1.port1,lvl021082703007:nic1.port1 -> lvl02-0101-0827-03t0:ethernet4/1,1
2026-09-04 06:07:00.0000000,lvl02-0101-0827-03t0,ethernet4/1,lvl021082703007,nic1.port1,50,3,0,0,lvl02-0101-0827-03t0:ethernet4/1 -> lvl021082703007:nic1.port1,lvl021082703007:nic1.port1 -> lvl02-0101-0827-03t0:ethernet4/1,1
2026-09-04 06:07:00.0000000,lvl02-0101-0827-03t0,ethernet4/1,lvl021082703007,nic1.port1,50,4,0,0,lvl02-0101-0827-03t0:ethernet4/1 -> lvl021082703007:nic1.port1,lvl021082703007:nic1.port1 -> lvl02-0101-0827-03t0:ethernet4/1,1
2026-09-04 06:07:00.0000000,lvl02-0101-0827-03t0,ethernet4/1,lvl021082703007,nic1.port1,50,6,0,0,lvl02-0101-0827-03t0:ethernet4/1 -> lvl021082703007:nic1.port1,lvl021082703007:nic1.port1 -> lvl02-0101-0827-03t0:ethernet4/1,1
2026-09-04 06:11:00.0000000,lvl02-0101-0827-03lt0,ethernet12/1,lvl021082703019,nic1.port1,50,2,0,0,lvl02-0101-0827-03lt0:ethernet12/1 -> lvl021082703019:nic1.port1,lvl021082703019:nic1.port1 -> lvl02-0101-0827-03lt0:ethernet12/1,1
2026-09-04 06:11:00.0000000,lvl02-0101-0827-03lt0,ethernet12/1,lvl021082703019,nic1.port1,50,3,0,0,lvl02-0101-0827-03lt0:ethernet12/1 -> lvl021082703019:nic1.port1,lvl021082703019:nic1.port1 -> lvl02-0101-0827-03lt0:ethernet12/1,1
2026-09-04 06:11:00.0000000,lvl02-0101-0827-03lt0,ethernet12/1,lvl021082703019,nic1.port1,50,4,0,0,lvl02-0101-0827-03lt0:ethernet12/1 -> lvl021082703019:nic1.port1,lvl021082703019:nic1.port1 -> lvl02-0101-0827-03lt0:ethernet12/1,1
2026-09-04 06:11:00.0000000,lvl02-0101-0827-03lt0,ethernet12/1,lvl021082703019,nic1.port1,50,6,0,0,lvl02-0101-0827-03lt0:ethernet12/1 -> lvl021082703019:nic1.port1,lvl021082703019:nic1.port1 -> lvl02-0101-0827-03lt0:ethernet12/1,1
2026-09-04 06:11:00.0000000,lvl02-0101-0827-03lt0,ethernet14/1,lvl021082703023,nic1.port1,50,2,0,0,lvl02-0101-0827-03lt0:ethernet14/1 -> lvl021082703023:nic1.port1,lvl021082703023:nic1.port1 -> lvl02-0101-0827-03lt0:ethernet14/1,1
2026-09-04 06:11:00.0000000,lvl02-0101-0827-03lt0,ethernet14/1,lvl021082703023,nic1.port1,50,3,0,0,lvl02-0101-0827-03lt0:ethernet14/1 -> lvl021082703023:nic1.port1,lvl021082703023:nic1.port1 -> lvl02-0101-0827-03lt0:ethernet14/1,1
2026-09-04 06:11:00.0000000,lvl02-0101-0827-03lt0,ethernet14/1,lvl021082703023,nic1.port1,50,4,0,0,lvl02-0101-0827-03lt0:ethernet14/1 -> lvl021082703023:nic1.port1,lvl021082703023:nic1.port1 -> lvl02-0101-0827-03lt0:ethernet14/1,1
2026-09-04 06:11:00.0000000,lvl02-0101-0827-03lt0,ethernet14/1,lvl021082703023,nic1.port1,50,6,0,0,lvl02-0101-0827-03lt0:ethernet14/1 -> lvl021082703023:nic1.port1,lvl021082703023:nic1.port1 -> lvl02-0101-0827-03lt0:ethernet14/1,1
2026-09-04 06:11:00.0000000,lvl02-0101-0827-03lt0,ethernet15/1,lvl021082703025,nic1.port1,50,2,0,0,lvl02-0101-0827-03lt0:ethernet15/1 -> lvl021082703025:nic1.port1,lvl021082703025:nic1.port1 -> lvl02-0101-0827-03lt0:ethernet15/1,1
2026-09-04 06:11:00.0000000,lvl02-0101-0827-03lt0,ethernet15/1,lvl021082703025,nic1.port1,50,3,0,0,lvl02-0101-0827-03lt0:ethernet15/1 -> lvl021082703025:nic1.port1,lvl021082703025:nic1.port1 -> lvl02-0101-0827-03lt0:ethernet15/1,1
2026-09-04 06:11:00.0000000,lvl02-0101-0827-03lt0,ethernet15/1,lvl021082703025,nic1.port1,50,4,0,0,lvl02-0101-0827-03lt0:ethernet15/1 -> lvl021082703025:nic1.port1,lvl021082703025:nic1.port1 -> lvl02-0101-0827-03lt0:ethernet15/1,1
2026-09-04 06:11:00.0000000,lvl02-0101-0827-03lt0,ethernet15/1,lvl021082703025,nic1.port1,50,6,0,0,lvl02-0101-0827-03lt0:ethernet15/1 -> lvl021082703025:nic1.port1,lvl021082703025:nic1.port1 -> lvl02-0101-0827-03lt0:ethernet15/1,1
2026-09-04 06:11:00.0000000,lvl02-0101-0827-03lt0,ethernet18/1,lvl021082703031,nic1.port1,50,2,0,0,lvl02-0101-0827-03lt0:ethernet18/1 -> lvl021082703031:nic1.port1,lvl021082703031:nic1.port1 -> lvl02-0101-0827-03lt0:ethernet18/1,1
2026-09-04 06:11:00.0000000,lvl02-0101-0827-03lt0,ethernet18/1,lvl021082703031,nic1.port1,50,3,0,0,lvl02-0101-0827-03lt0:ethernet18/1 -> lvl021082703031:nic1.port1,lvl021082703031:nic1.port1 -> lvl02-0101-0827-03lt0:ethernet18/1,1
2026-09-04 06:11:00.0000000,lvl02-0101-0827-03lt0,ethernet18/1,lvl021082703031,nic1.port1,50,4,0,0,lvl02-0101-0827-03lt0:ethernet18/1 -> lvl021082703031:nic1.port1,lvl021082703031:nic1.port1 -> lvl02-0101-0827-03lt0:ethernet18/1,1
2026-09-04 06:11:00.0000000,lvl02-0101-0827-03lt0,ethernet18/1,lvl021082703031,nic1.port1,50,6,0,0,lvl02-0101-0827-03lt0:ethernet18/1 -> lvl021082703031:nic1.port1,lvl021082703031:nic1.port1 -> lvl02-0101-0827-03lt0:ethernet18/1,1
2026-09-04 06:11:00.0000000,lvl02-0101-0827-03lt0,ethernet19/1,lvl021082703033,nic1.port1,50,2,0,0,lvl02-0101-0827-03lt0:ethernet19/1 -> lvl021082703033:nic1.port1,lvl021082703033:nic1.port1 -> lvl02-0101-0827-03lt0:ethernet19/1,1
2026-09-04 06:11:00.0000000,lvl02-0101-0827-03lt0,ethernet19/1,lvl021082703033,nic1.port1,50,3,0,0,lvl02-0101-0827-03lt0:ethernet19/1 -> lvl021082703033:nic1.port1,lvl021082703033:nic1.port1 -> lvl02-0101-0827-03lt0:ethernet19/1,1
2026-09-04 06:11:00.0000000,lvl02-0101-0827-03lt0,ethernet19/1,lvl021082703033,nic1.port1,50,4,0,0,lvl02-0101-0827-03lt0:ethernet19/1 -> lvl021082703033:nic1.port1,lvl021082703033:nic1.port1 -> lvl02-0101-0827-03lt0:ethernet19/1,1
2026-09-04 06:11:00.0000000,lvl02-0101-0827-03lt0,ethernet19/1,lvl021082703033,nic1.port1,50,6,0,0,lvl02-0101-0827-03lt0:ethernet19/1 -> lvl021082703033:nic1.port1,lvl021082703033:nic1.port1 -> lvl02-0101-0827-03lt0:ethernet19/1,1
2026-09-04 06:11:00.0000000,lvl02-0101-0827-03lt0,ethernet2/1,lvl021082703003,nic1.port1,50,2,0,0,lvl02-0101-0827-03lt0:ethernet2/1 -> lvl021082703003:nic1.port1,lvl021082703003:nic1.port1 -> lvl02-0101-0827-03lt0:ethernet2/1,1
2026-09-04 06:11:00.0000000,lvl02-0101-0827-03lt0,ethernet2/1,lvl021082703003,nic1.port1,50,3,0,0,lvl02-0101-0827-03lt0:ethernet2/1 -> lvl021082703003:nic1.port1,lvl021082703003:nic1.port1 -> lvl02-0101-0827-03lt0:ethernet2/1,1
2026-09-04 06:11:00.0000000,lvl02-0101-0827-03lt0,ethernet2/1,lvl021082703003,nic1.port1,50,4,0,0,lvl02-0101-0827-03lt0:ethernet2/1 -> lvl021082703003:nic1.port1,lvl021082703003:nic1.port1 -> lvl02-0101-0827-03lt0:ethernet2/1,1
2026-09-04 06:11:00.0000000,lvl02-0101-0827-03lt0,ethernet2/1,lvl021082703003,nic1.port1,50,6,0,0,lvl02-0101-0827-03lt0:ethernet2/1 -> lvl021082703003:nic1.port1,lvl021082703003:nic1.port1 -> lvl02-0101-0827-03lt0:ethernet2/1,1
2026-09-04 06:11:00.0000000,lvl02-0101-0827-03lt0,ethernet21/1,lvl021082703037,nic1.port1,50,2,0,0,lvl02-0101-0827-03lt0:ethernet21/1 -> lvl021082703037:nic1.port1,lvl021082703037:nic1.port1 -> lvl02-0101-0827-03lt0:ethernet21/1,1
2026-09-04 06:11:00.0000000,lvl02-0101-0827-03lt0,ethernet21/1,lvl021082703037,nic1.port1,50,3,0,0,lvl02-0101-0827-03lt0:ethernet21/1 -> lvl021082703037:nic1.port1,lvl021082703037:nic1.port1 -> lvl02-0101-0827-03lt0:ethernet21/1,1
2026-09-04 06:11:00.0000000,lvl02-0101-0827-03lt0,ethernet21/1,lvl021082703037,nic1.port1,50,4,0,0,lvl02-0101-0827-03lt0:ethernet21/1 -> lvl021082703037:nic1.port1,lvl021082703037:nic1.port1 -> lvl02-0101-0827-03lt0:ethernet21/1,1
2026-09-04 06:11:00.0000000,lvl02-0101-0827-03lt0,ethernet21/1,lvl021082703037,nic1.port1,50,6,0,0,lvl02-0101-0827-03lt0:ethernet21/1 -> lvl021082703037:nic1.port1,lvl021082703037:nic1.port1 -> lvl02-0101-0827-03lt0:ethernet21/1,1
2026-09-04 06:11:00.0000000,lvl02-0101-0827-03lt0,ethernet27/1,lvl021082703045,nic1.port1,50,2,0,0,lvl02-0101-0827-03lt0:ethernet27/1 -> lvl021082703045:nic1.port1,lvl021082703045:nic1.port1 -> lvl02-0101-0827-03lt0:ethernet27/1,1
2026-09-04 06:11:00.0000000,lvl02-0101-0827-03lt0,ethernet27/1,lvl021082703045,nic1.port1,50,3,0,10,lvl02-0101-0827-03lt0:ethernet27/1 -> lvl021082703045:nic1.port1,lvl021082703045:nic1.port1 -> lvl02-0101-0827-03lt0:ethernet27/1,1
2026-09-04 06:11:00.0000000,lvl02-0101-0827-03lt0,ethernet27/1,lvl021082703045,nic1.port1,50,4,0,10,lvl02-0101-0827-03lt0:ethernet27/1 -> lvl021082703045:nic1.port1,lvl021082703045:nic1.port1 -> lvl02-0101-0827-03lt0:ethernet27/1,1
2026-09-04 06:11:00.0000000,lvl02-0101-0827-03lt0,ethernet27/1,lvl021082703045,nic1.port1,50,6,0,0,lvl02-0101-0827-03lt0:ethernet27/1 -> lvl021082703045:nic1.port1,lvl021082703045:nic1.port1 -> lvl02-0101-0827-03lt0:ethernet27/1,1
2026-09-04 06:11:00.0000000,lvl02-0101-0827-03lt0,ethernet29/1,lvl021082703049,nic1.port1,50,2,0,0,lvl02-0101-0827-03lt0:ethernet29/1 -> lvl021082703049:nic1.port1,lvl021082703049:nic1.port1 -> lvl02-0101-0827-03lt0:ethernet29/1,1
2026-09-04 06:11:00.0000000,lvl02-0101-0827-03lt0,ethernet29/1,lvl021082703049,nic1.port1,50,3,0,0,lvl02-0101-0827-03lt0:ethernet29/1 -> lvl021082703049:nic1.port1,lvl021082703049:nic1.port1 -> lvl02-0101-0827-03lt0:ethernet29/1,1
2026-09-04 06:11:00.0000000,lvl02-0101-0827-03lt0,ethernet29/1,lvl021082703049,nic1.port1,50,4,0,0,lvl02-0101-0827-03lt0:ethernet29/1 -> lvl021082703049:nic1.port1,lvl021082703049:nic1.port1 -> lvl02-0101-0827-03lt0:ethernet29/1,1
2026-09-04 06:11:00.0000000,lvl02-0101-0827-03lt0,ethernet29/1,lvl021082703049,nic1.port1,50,6,0,0,lvl02-0101-0827-03lt0:ethernet29/1 -> lvl021082703049:nic1.port1,lvl021082703049:nic1.port1 -> lvl02-0101-0827-03lt0:ethernet29/1,1
2026-09-04 06:11:00.0000000,lvl02-0101-0827-03lt0,ethernet31/1,lvl021082703053,nic1.port1,50,2,0,0,lvl02-0101-0827-03lt0:ethernet31/1 -> lvl021082703053:nic1.port1,lvl021082703053:nic1.port1 -> lvl02-0101-0827-03lt0:ethernet31/1,1
2026-09-04 06:11:00.0000000,lvl02-0101-0827-03lt0,ethernet31/1,lvl021082703053,nic1.port1,50,3,0,0,lvl02-0101-0827-03lt0:ethernet31/1 -> lvl021082703053:nic1.port1,lvl021082703053:nic1.port1 -> lvl02-0101-0827-03lt0:ethernet31/1,1
2026-09-04 06:11:00.0000000,lvl02-0101-0827-03lt0,ethernet31/1,lvl021082703053,nic1.port1,50,4,0,0,lvl02-0101-0827-03lt0:ethernet31/1 -> lvl021082703053:nic1.port1,lvl021082703053:nic1.port1 -> lvl02-0101-0827-03lt0:ethernet31/1,1
2026-09-04 06:11:00.0000000,lvl02-0101-0827-03lt0,ethernet31/1,lvl021082703053,nic1.port1,50,6,0,0,lvl02-0101-0827-03lt0:ethernet31/1 -> lvl021082703053:nic1.port1,lvl021082703053:nic1.port1 -> lvl02-0101-0827-03lt0:ethernet31/1,1
2026-09-04 06:11:00.0000000,lvl02-0101-0827-03lt0,ethernet4/1,lvl021082703007,nic1.port1,50,2,0,0,lvl02-0101-0827-03lt0:ethernet4/1 -> lvl021082703007:nic1.port1,lvl021082703007:nic1.port1 -> lvl02-0101-0827-03lt0:ethernet4/1,1
2026-09-04 06:11:00.0000000,lvl02-0101-0827-03lt0,ethernet4/1,lvl021082703007,nic1.port1,50,3,0,0,lvl02-0101-0827-03lt0:ethernet4/1 -> lvl021082703007:nic1.port1,lvl021082703007:nic1.port1 -> lvl02-0101-0827-03lt0:ethernet4/1,1
2026-09-04 06:11:00.0000000,lvl02-0101-0827-03lt0,ethernet4/1,lvl021082703007,nic1.port1,50,4,0,0,lvl02-0101-0827-03lt0:ethernet4/1 -> lvl021082703007:nic1.port1,lvl021082703007:nic1.port1 -> lvl02-0101-0827-03lt0:ethernet4/1,1
2026-09-04 06:11:00.0000000,lvl02-0101-0827-03lt0,ethernet4/1,lvl021082703007,nic1.port1,50,6,0,0,lvl02-0101-0827-03lt0:ethernet4/1 -> lvl021082703007:nic1.port1,lvl021082703007:nic1.port1 -> lvl02-0101-0827-03lt0:ethernet4/1,1
2026-09-04 06:12:00.0000000,lvl02-0101-0827-03t0,ethernet12/1,lvl021082703019,nic1.port1,50,2,0,0,lvl02-0101-0827-03t0:ethernet12/1 -> lvl021082703019:nic1.port1,lvl021082703019:nic1.port1 -> lvl02-0101-0827-03t0:ethernet12/1,1
2026-09-04 06:12:00.0000000,lvl02-0101-0827-03t0,ethernet12/1,lvl021082703019,nic1.port1,50,3,0,0,lvl02-0101-0827-03t0:ethernet12/1 -> lvl021082703019:nic1.port1,lvl021082703019:nic1.port1 -> lvl02-0101-0827-03t0:ethernet12/1,1
2026-09-04 06:12:00.0000000,lvl02-0101-0827-03t0,ethernet12/1,lvl021082703019,nic1.port1,50,4,0,0,lvl02-0101-0827-03t0:ethernet12/1 -> lvl021082703019:nic1.port1,lvl021082703019:nic1.port1 -> lvl02-0101-0827-03t0:ethernet12/1,1
2026-09-04 06:12:00.0000000,lvl02-0101-0827-03t0,ethernet12/1,lvl021082703019,nic1.port1,50,6,0,0,lvl02-0101-0827-03t0:ethernet12/1 -> lvl021082703019:nic1.port1,lvl021082703019:nic1.port1 -> lvl02-0101-0827-03t0:ethernet12/1,1
2026-09-04 06:12:00.0000000,lvl02-0101-0827-03t0,ethernet14/1,lvl021082703023,nic1.port1,50,2,0,0,lvl02-0101-0827-03t0:ethernet14/1 -> lvl021082703023:nic1.port1,lvl021082703023:nic1.port1 -> lvl02-0101-0827-03t0:ethernet14/1,1
2026-09-04 06:12:00.0000000,lvl02-0101-0827-03t0,ethernet14/1,lvl021082703023,nic1.port1,50,3,0,0,lvl02-0101-0827-03t0:ethernet14/1 -> lvl021082703023:nic1.port1,lvl021082703023:nic1.port1 -> lvl02-0101-0827-03t0:ethernet14/1,1
2026-09-04 06:12:00.0000000,lvl02-0101-0827-03t0,ethernet14/1,lvl021082703023,nic1.port1,50,4,0,0,lvl02-0101-0827-03t0:ethernet14/1 -> lvl021082703023:nic1.port1,lvl021082703023:nic1.port1 -> lvl02-0101-0827-03t0:ethernet14/1,1
2026-09-04 06:12:00.0000000,lvl02-0101-0827-03t0,ethernet14/1,lvl021082703023,nic1.port1,50,6,0,0,lvl02-0101-0827-03t0:ethernet14/1 -> lvl021082703023:nic1.port1,lvl021082703023:nic1.port1 -> lvl02-0101-0827-03t0:ethernet14/1,1
2026-09-04 06:12:00.0000000,lvl02-0101-0827-03t0,ethernet15/1,lvl021082703025,nic1.port1,50,2,0,0,lvl02-0101-0827-03t0:ethernet15/1 -> lvl021082703025:nic1.port1,lvl021082703025:nic1.port1 -> lvl02-0101-0827-03t0:ethernet15/1,1
2026-09-04 06:12:00.0000000,lvl02-0101-0827-03t0,ethernet15/1,lvl021082703025,nic1.port1,50,3,0,0,lvl02-0101-0827-03t0:ethernet15/1 -> lvl021082703025:nic1.port1,lvl021082703025:nic1.port1 -> lvl02-0101-0827-03t0:ethernet15/1,1
2026-09-04 06:12:00.0000000,lvl02-0101-0827-03t0,ethernet15/1,lvl021082703025,nic1.port1,50,4,0,0,lvl02-0101-0827-03t0:ethernet15/1 -> lvl021082703025:nic1.port1,lvl021082703025:nic1.port1 -> lvl02-0101-0827-03t0:ethernet15/1,1
2026-09-04 06:12:00.0000000,lvl02-0101-0827-03t0,ethernet15/1,lvl021082703025,nic1.port1,50,6,0,0,lvl02-0101-0827-03t0:ethernet15/1 -> lvl021082703025:nic1.port1,lvl021082703025:nic1.port1 -> lvl02-0101-0827-03t0:ethernet15/1,1
2026-09-04 06:12:00.0000000,lvl02-0101-0827-03t0,ethernet18/1,lvl021082703031,nic1.port1,50,2,0,0,lvl02-0101-0827-03t0:ethernet18/1 -> lvl021082703031:nic1.port1,lvl021082703031:nic1.port1 -> lvl02-0101-0827-03t0:ethernet18/1,1
2026-09-04 06:12:00.0000000,lvl02-0101-0827-03t0,ethernet18/1,lvl021082703031,nic1.port1,50,3,0,0,lvl02-0101-0827-03t0:ethernet18/1 -> lvl021082703031:nic1.port1,lvl021082703031:nic1.port1 -> lvl02-0101-0827-03t0:ethernet18/1,1
2026-09-04 06:12:00.0000000,lvl02-0101-0827-03t0,ethernet18/1,lvl021082703031,nic1.port1,50,4,0,0,lvl02-0101-0827-03t0:ethernet18/1 -> lvl021082703031:nic1.port1,lvl021082703031:nic1.port1 -> lvl02-0101-0827-03t0:ethernet18/1,1
2026-09-04 06:12:00.0000000,lvl02-0101-0827-03t0,ethernet18/1,lvl021082703031,nic1.port1,50,6,0,0,lvl02-0101-0827-03t0:ethernet18/1 -> lvl021082703031:nic1.port1,lvl021082703031:nic1.port1 -> lvl02-0101-0827-03t0:ethernet18/1,1
2026-09-04 06:12:00.0000000,lvl02-0101-0827-03t0,ethernet19/1,lvl021082703033,nic1.port1,50,2,0,0,lvl02-0101-0827-03t0:ethernet19/1 -> lvl021082703033:nic1.port1,lvl021082703033:nic1.port1 -> lvl02-0101-0827-03t0:ethernet19/1,1
2026-09-04 06:12:00.0000000,lvl02-0101-0827-03t0,ethernet19/1,lvl021082703033,nic1.port1,50,3,0,0,lvl02-0101-0827-03t0:ethernet19/1 -> lvl021082703033:nic1.port1,lvl021082703033:nic1.port1 -> lvl02-0101-0827-03t0:ethernet19/1,1
2026-09-04 06:12:00.0000000,lvl02-0101-0827-03t0,ethernet19/1,lvl021082703033,nic1.port1,50,4,0,0,lvl02-0101-0827-03t0:ethernet19/1 -> lvl021082703033:nic1.port1,lvl021082703033:nic1.port1 -> lvl02-0101-0827-03t0:ethernet19/1,1
2026-09-04 06:12:00.0000000,lvl02-0101-0827-03t0,ethernet19/1,lvl021082703033,nic1.port1,50,6,0,0,lvl02-0101-0827-03t0:ethernet19/1 -> lvl021082703033:nic1.port1,lvl021082703033:nic1.port1 -> lvl02-0101-0827-03t0:ethernet19/1,1
2026-09-04 06:12:00.0000000,lvl02-0101-0827-03t0,ethernet2/1,lvl021082703003,nic1.port1,50,2,0,0,lvl02-0101-0827-03t0:ethernet2/1 -> lvl021082703003:nic1.port1,lvl021082703003:nic1.port1 -> lvl02-0101-0827-03t0:ethernet2/1,1
2026-09-04 06:12:00.0000000,lvl02-0101-0827-03t0,ethernet2/1,lvl021082703003,nic1.port1,50,3,0,0,lvl02-0101-0827-03t0:ethernet2/1 -> lvl021082703003:nic1.port1,lvl021082703003:nic1.port1 -> lvl02-0101-0827-03t0:ethernet2/1,1
2026-09-04 06:12:00.0000000,lvl02-0101-0827-03t0,ethernet2/1,lvl021082703003,nic1.port1,50,4,0,0,lvl02-0101-0827-03t0:ethernet2/1 -> lvl021082703003:nic1.port1,lvl021082703003:nic1.port1 -> lvl02-0101-0827-03t0:ethernet2/1,1
2026-09-04 06:12:00.0000000,lvl02-0101-0827-03t0,ethernet2/1,lvl021082703003,nic1.port1,50,6,0,0,lvl02-0101-0827-03t0:ethernet2/1 -> lvl021082703003:nic1.port1,lvl021082703003:nic1.port1 -> lvl02-0101-0827-03t0:ethernet2/1,1
2026-09-04 06:12:00.0000000,lvl02-0101-0827-03t0,ethernet21/1,lvl021082703037,nic1.port1,50,2,0,0,lvl02-0101-0827-03t0:ethernet21/1 -> lvl021082703037:nic1.port1,lvl021082703037:nic1.port1 -> lvl02-0101-0827-03t0:ethernet21/1,1
2026-09-04 06:12:00.0000000,lvl02-0101-0827-03t0,ethernet21/1,lvl021082703037,nic1.port1,50,3,0,0,lvl02-0101-0827-03t0:ethernet21/1 -> lvl021082703037:nic1.port1,lvl021082703037:nic1.port1 -> lvl02-0101-0827-03t0:ethernet21/1,1
2026-09-04 06:12:00.0000000,lvl02-0101-0827-03t0,ethernet21/1,lvl021082703037,nic1.port1,50,4,0,0,lvl02-0101-0827-03t0:ethernet21/1 -> lvl021082703037:nic1.port1,lvl021082703037:nic1.port1 -> lvl02-0101-0827-03t0:ethernet21/1,1
2026-09-04 06:12:00.0000000,lvl02-0101-0827-03t0,ethernet21/1,lvl021082703037,nic1.port1,50,6,0,0,lvl02-0101-0827-03t0:ethernet21/1 -> lvl021082703037:nic1.port1,lvl021082703037:nic1.port1 -> lvl02-0101-0827-03t0:ethernet21/1,1
2026-09-04 06:12:00.0000000,lvl02-0101-0827-03t0,ethernet27/1,lvl021082703045,nic1.port1,50,2,0,0,lvl02-0101-0827-03t0:ethernet27/1 -> lvl021082703045:nic1.port1,lvl021082703045:nic1.port1 -> lvl02-0101-0827-03t0:ethernet27/1,1
2026-09-04 06:12:00.0000000,lvl02-0101-0827-03t0,ethernet27/1,lvl021082703045,nic1.port1,50,3,0,10,lvl02-0101-0827-03t0:ethernet27/1 -> lvl021082703045:nic1.port1,lvl021082703045:nic1.port1 -> lvl02-0101-0827-03t0:ethernet27/1,1
2026-09-04 06:12:00.0000000,lvl02-0101-0827-03t0,ethernet27/1,lvl021082703045,nic1.port1,50,4,0,10,lvl02-0101-0827-03t0:ethernet27/1 -> lvl021082703045:nic1.port1,lvl021082703045:nic1.port1 -> lvl02-0101-0827-03t0:ethernet27/1,1
2026-09-04 06:12:00.0000000,lvl02-0101-0827-03t0,ethernet27/1,lvl021082703045,nic1.port1,50,6,0,0,lvl02-0101-0827-03t0:ethernet27/1 -> lvl021082703045:nic1.port1,lvl021082703045:nic1.port1 -> lvl02-0101-0827-03t0:ethernet27/1,1
2026-09-04 06:12:00.0000000,lvl02-0101-0827-03t0,ethernet29/1,lvl021082703049,nic1.port1,50,2,0,0,lvl02-0101-0827-03t0:ethernet29/1 -> lvl021082703049:nic1.port1,lvl021082703049:nic1.port1 -> lvl02-0101-0827-03t0:ethernet29/1,1
2026-09-04 06:12:00.0000000,lvl02-0101-0827-03t0,ethernet29/1,lvl021082703049,nic1.port1,50,3,0,0,lvl02-0101-0827-03t0:ethernet29/1 -> lvl021082703049:nic1.port1,lvl021082703049:nic1.port1 -> lvl02-0101-0827-03t0:ethernet29/1,1
2026-09-04 06:12:00.0000000,lvl02-0101-0827-03t0,ethernet29/1,lvl021082703049,nic1.port1,50,4,0,0,lvl02-0101-0827-03t0:ethernet29/1 -> lvl021082703049:nic1.port1,lvl021082703049:nic1.port1 -> lvl02-0101-0827-03t0:ethernet29/1,1
2026-09-04 06:12:00.0000000,lvl02-0101-0827-03t0,ethernet29/1,lvl021082703049,nic1.port1,50,6,0,0,lvl02-0101-0827-03t0:ethernet29/1 -> lvl021082703049:nic1.port1,lvl021082703049:nic1.port1 -> lvl02-0101-0827-03t0:ethernet29/1,1
2026-09-04 06:12:00.0000000,lvl02-0101-0827-03t0,ethernet31/1,lvl021082703053,nic1.port1,50,2,0,0,lvl02-0101-0827-03t0:ethernet31/1 -> lvl021082703053:nic1.port1,lvl021082703053:nic1.port1 -> lvl02-0101-0827-03t0:ethernet31/1,1
2026-09-04 06:12:00.0000000,lvl02-0101-0827-03t0,ethernet31/1,lvl021082703053,nic1.port1,50,3,0,22,lvl02-0101-0827-03t0:ethernet31/1 -> lvl021082703053:nic1.port1,lvl021082703053:nic1.port1 -> lvl02-0101-0827-03t0:ethernet31/1,1
2026-09-04 06:12:00.0000000,lvl02-0101-0827-03t0,ethernet31/1,lvl021082703053,nic1.port1,50,4,0,22,lvl02-0101-0827-03t0:ethernet31/1 -> lvl021082703053:nic1.port1,lvl021082703053:nic1.port1 -> lvl02-0101-0827-03t0:ethernet31/1,1
2026-09-04 06:12:00.0000000,lvl02-0101-0827-03t0,ethernet31/1,lvl021082703053,nic1.port1,50,6,0,0,lvl02-0101-0827-03t0:ethernet31/1 -> lvl021082703053:nic1.port1,lvl021082703053:nic1.port1 -> lvl02-0101-0827-03t0:ethernet31/1,1
2026-09-04 06:12:00.0000000,lvl02-0101-0827-03t0,ethernet4/1,lvl021082703007,nic1.port1,50,2,0,0,lvl02-0101-0827-03t0:ethernet4/1 -> lvl021082703007:nic1.port1,lvl021082703007:nic1.port1 -> lvl02-0101-0827-03t0:ethernet4/1,1
2026-09-04 06:12:00.0000000,lvl02-0101-0827-03t0,ethernet4/1,lvl021082703007,nic1.port1,50,3,0,0,lvl02-0101-0827-03t0:ethernet4/1 -> lvl021082703007:nic1.port1,lvl021082703007:nic1.port1 -> lvl02-0101-0827-03t0:ethernet4/1,1
2026-09-04 06:12:00.0000000,lvl02-0101-0827-03t0,ethernet4/1,lvl021082703007,nic1.port1,50,4,0,0,lvl02-0101-0827-03t0:ethernet4/1 -> lvl021082703007:nic1.port1,lvl021082703007:nic1.port1 -> lvl02-0101-0827-03t0:ethernet4/1,1
2026-09-04 06:12:00.0000000,lvl02-0101-0827-03t0,ethernet4/1,lvl021082703007,nic1.port1,50,6,0,0,lvl02-0101-0827-03t0:ethernet4/1 -> lvl021082703007:nic1.port1,lvl021082703007:nic1.port1 -> lvl02-0101-0827-03t0:ethernet4/1,1
2026-09-04 06:16:00.0000000,lvl02-0101-0827-03lt0,ethernet12/1,lvl021082703019,nic1.port1,50,2,0,0,lvl02-0101-0827-03lt0:ethernet12/1 -> lvl021082703019:nic1.port1,lvl021082703019:nic1.port1 -> lvl02-0101-0827-03lt0:ethernet12/1,1
2026-09-04 06:16:00.0000000,lvl02-0101-0827-03lt0,ethernet12/1,lvl021082703019,nic1.port1,50,3,0,0,lvl02-0101-0827-03lt0:ethernet12/1 -> lvl021082703019:nic1.port1,lvl021082703019:nic1.port1 -> lvl02-0101-0827-03lt0:ethernet12/1,1
2026-09-04 06:16:00.0000000,lvl02-0101-0827-03lt0,ethernet12/1,lvl021082703019,nic1.port1,50,4,0,0,lvl02-0101-0827-03lt0:ethernet12/1 -> lvl021082703019:nic1.port1,lvl021082703019:nic1.port1 -> lvl02-0101-0827-03lt0:ethernet12/1,1
2026-09-04 06:16:00.0000000,lvl02-0101-0827-03lt0,ethernet12/1,lvl021082703019,nic1.port1,50,6,0,0,lvl02-0101-0827-03lt0:ethernet12/1 -> lvl021082703019:nic1.port1,lvl021082703019:nic1.port1 -> lvl02-0101-0827-03lt0:ethernet12/1,1
2026-09-04 06:16:00.0000000,lvl02-0101-0827-03lt0,ethernet14/1,lvl021082703023,nic1.port1,50,2,0,0,lvl02-0101-0827-03lt0:ethernet14/1 -> lvl021082703023:nic1.port1,lvl021082703023:nic1.port1 -> lvl02-0101-0827-03lt0:ethernet14/1,1
2026-09-04 06:16:00.0000000,lvl02-0101-0827-03lt0,ethernet14/1,lvl021082703023,nic1.port1,50,3,0,0,lvl02-0101-0827-03lt0:ethernet14/1 -> lvl021082703023:nic1.port1,lvl021082703023:nic1.port1 -> lvl02-0101-0827-03lt0:ethernet14/1,1
2026-09-04 06:16:00.0000000,lvl02-0101-0827-03lt0,ethernet14/1,lvl021082703023,nic1.port1,50,4,0,0,lvl02-0101-0827-03lt0:ethernet14/1 -> lvl021082703023:nic1.port1,lvl021082703023:nic1.port1 -> lvl02-0101-0827-03lt0:ethernet14/1,1
2026-09-04 06:16:00.0000000,lvl02-0101-0827-03lt0,ethernet14/1,lvl021082703023,nic1.port1,50,6,0,0,lvl02-0101-0827-03lt0:ethernet14/1 -> lvl021082703023:nic1.port1,lvl021082703023:nic1.port1 -> lvl02-0101-0827-03lt0:ethernet14/1,1
2026-09-04 06:16:00.0000000,lvl02-0101-0827-03lt0,ethernet15/1,lvl021082703025,nic1.port1,50,2,0,0,lvl02-0101-0827-03lt0:ethernet15/1 -> lvl021082703025:nic1.port1,lvl021082703025:nic1.port1 -> lvl02-0101-0827-03lt0:ethernet15/1,1
2026-09-04 06:16:00.0000000,lvl02-0101-0827-03lt0,ethernet15/1,lvl021082703025,nic1.port1,50,3,0,0,lvl02-0101-0827-03lt0:ethernet15/1 -> lvl021082703025:nic1.port1,lvl021082703025:nic1.port1 -> lvl02-0101-0827-03lt0:ethernet15/1,1
2026-09-04 06:16:00.0000000,lvl02-0101-0827-03lt0,ethernet15/1,lvl021082703025,nic1.port1,50,4,0,0,lvl02-0101-0827-03lt0:ethernet15/1 -> lvl021082703025:nic1.port1,lvl021082703025:nic1.port1 -> lvl02-0101-0827-03lt0:ethernet15/1,1
2026-09-04 06:16:00.0000000,lvl02-0101-0827-03lt0,ethernet15/1,lvl021082703025,nic1.port1,50,6,0,0,lvl02-0101-0827-03lt0:ethernet15/1 -> lvl021082703025:nic1.port1,lvl021082703025:nic1.port1 -> lvl02-0101-0827-03lt0:ethernet15/1,1
2026-09-04 06:16:00.0000000,lvl02-0101-0827-03lt0,ethernet18/1,lvl021082703031,nic1.port1,50,2,0,0,lvl02-0101-0827-03lt0:ethernet18/1 -> lvl021082703031:nic1.port1,lvl021082703031:nic1.port1 -> lvl02-0101-0827-03lt0:ethernet18/1,1
2026-09-04 06:16:00.0000000,lvl02-0101-0827-03lt0,ethernet18/1,lvl021082703031,nic1.port1,50,3,0,0,lvl02-0101-0827-03lt0:ethernet18/1 -> lvl021082703031:nic1.port1,lvl021082703031:nic1.port1 -> lvl02-0101-0827-03lt0:ethernet18/1,1
2026-09-04 06:16:00.0000000,lvl02-0101-0827-03lt0,ethernet18/1,lvl021082703031,nic1.port1,50,4,0,0,lvl02-0101-0827-03lt0:ethernet18/1 -> lvl021082703031:nic1.port1,lvl021082703031:nic1.port1 -> lvl02-0101-0827-03lt0:ethernet18/1,1
2026-09-04 06:16:00.0000000,lvl02-0101-0827-03lt0,ethernet18/1,lvl021082703031,nic1.port1,50,6,0,0,lvl02-0101-0827-03lt0:ethernet18/1 -> lvl021082703031:nic1.port1,lvl021082703031:nic1.port1 -> lvl02-0101-0827-03lt0:ethernet18/1,1
2026-09-04 06:16:00.0000000,lvl02-0101-0827-03lt0,ethernet19/1,lvl021082703033,nic1.port1,50,2,0,0,lvl02-0101-0827-03lt0:ethernet19/1 -> lvl021082703033:nic1.port1,lvl021082703033:nic1.port1 -> lvl02-0101-0827-03lt0:ethernet19/1,1
2026-09-04 06:16:00.0000000,lvl02-0101-0827-03lt0,ethernet19/1,lvl021082703033,nic1.port1,50,3,0,0,lvl02-0101-0827-03lt0:ethernet19/1 -> lvl021082703033:nic1.port1,lvl021082703033:nic1.port1 -> lvl02-0101-0827-03lt0:ethernet19/1,1
2026-09-04 06:16:00.0000000,lvl02-0101-0827-03lt0,ethernet19/1,lvl021082703033,nic1.port1,50,4,0,0,lvl02-0101-0827-03lt0:ethernet19/1 -> lvl021082703033:nic1.port1,lvl021082703033:nic1.port1 -> lvl02-0101-0827-03lt0:ethernet19/1,1
2026-09-04 06:16:00.0000000,lvl02-0101-0827-03lt0,ethernet19/1,lvl021082703033,nic1.port1,50,6,0,0,lvl02-0101-0827-03lt0:ethernet19/1 -> lvl021082703033:nic1.port1,lvl021082703033:nic1.port1 -> lvl02-0101-0827-03lt0:ethernet19/1,1
2026-09-04 06:16:00.0000000,lvl02-0101-0827-03lt0,ethernet2/1,lvl021082703003,nic1.port1,50,2,0,0,lvl02-0101-0827-03lt0:ethernet2/1 -> lvl021082703003:nic1.port1,lvl021082703003:nic1.port1 -> lvl02-0101-0827-03lt0:ethernet2/1,1
2026-09-04 06:16:00.0000000,lvl02-0101-0827-03lt0,ethernet2/1,lvl021082703003,nic1.port1,50,3,0,0,lvl02-0101-0827-03lt0:ethernet2/1 -> lvl021082703003:nic1.port1,lvl021082703003:nic1.port1 -> lvl02-0101-0827-03lt0:ethernet2/1,1
2026-09-04 06:16:00.0000000,lvl02-0101-0827-03lt0,ethernet2/1,lvl021082703003,nic1.port1,50,4,0,0,lvl02-0101-0827-03lt0:ethernet2/1 -> lvl021082703003:nic1.port1,lvl021082703003:nic1.port1 -> lvl02-0101-0827-03lt0:ethernet2/1,1
2026-09-04 06:16:00.0000000,lvl02-0101-0827-03lt0,ethernet2/1,lvl021082703003,nic1.port1,50,6,0,0,lvl02-0101-0827-03lt0:ethernet2/1 -> lvl021082703003:nic1.port1,lvl021082703003:nic1.port1 -> lvl02-0101-0827-03lt0:ethernet2/1,1
2026-09-04 06:16:00.0000000,lvl02-0101-0827-03lt0,ethernet21/1,lvl021082703037,nic1.port1,50,2,0,0,lvl02-0101-0827-03lt0:ethernet21/1 -> lvl021082703037:nic1.port1,lvl021082703037:nic1.port1 -> lvl02-0101-0827-03lt0:ethernet21/1,1
2026-09-04 06:16:00.0000000,lvl02-0101-0827-03lt0,ethernet21/1,lvl021082703037,nic1.port1,50,3,0,0,lvl02-0101-0827-03lt0:ethernet21/1 -> lvl021082703037:nic1.port1,lvl021082703037:nic1.port1 -> lvl02-0101-0827-03lt0:ethernet21/1,1
2026-09-04 06:16:00.0000000,lvl02-0101-0827-03lt0,ethernet21/1,lvl021082703037,nic1.port1,50,4,0,0,lvl02-0101-0827-03lt0:ethernet21/1 -> lvl021082703037:nic1.port1,lvl021082703037:nic1.port1 -> lvl02-0101-0827-03lt0:ethernet21/1,1
2026-09-04 06:16:00.0000000,lvl02-0101-0827-03lt0,ethernet21/1,lvl021082703037,nic1.port1,50,6,0,0,lvl02-0101-0827-03lt0:ethernet21/1 -> lvl021082703037:nic1.port1,lvl021082703037:nic1.port1 -> lvl02-0101-0827-03lt0:ethernet21/1,1
2026-09-04 06:16:00.0000000,lvl02-0101-0827-03lt0,ethernet27/1,lvl021082703045,nic1.port1,50,2,0,0,lvl02-0101-0827-03lt0:ethernet27/1 -> lvl021082703045:nic1.port1,lvl021082703045:nic1.port1 -> lvl02-0101-0827-03lt0:ethernet27/1,1
2026-09-04 06:16:00.0000000,lvl02-0101-0827-03lt0,ethernet27/1,lvl021082703045,nic1.port1,50,3,0,0,lvl02-0101-0827-03lt0:ethernet27/1 -> lvl021082703045:nic1.port1,lvl021082703045:nic1.port1 -> lvl02-0101-0827-03lt0:ethernet27/1,1
2026-09-04 06:16:00.0000000,lvl02-0101-0827-03lt0,ethernet27/1,lvl021082703045,nic1.port1,50,4,0,0,lvl02-0101-0827-03lt0:ethernet27/1 -> lvl021082703045:nic1.port1,lvl021082703045:nic1.port1 -> lvl02-0101-0827-03lt0:ethernet27/1,1
2026-09-04 06:16:00.0000000,lvl02-0101-0827-03lt0,ethernet27/1,lvl021082703045,nic1.port1,50,6,0,0,lvl02-0101-0827-03lt0:ethernet27/1 -> lvl021082703045:nic1.port1,lvl021082703045:nic1.port1 -> lvl02-0101-0827-03lt0:ethernet27/1,1
2026-09-04 06:16:00.0000000,lvl02-0101-0827-03lt0,ethernet29/1,lvl021082703049,nic1.port1,50,2,0,0,lvl02-0101-0827-03lt0:ethernet29/1 -> lvl021082703049:nic1.port1,lvl021082703049:nic1.port1 -> lvl02-0101-0827-03lt0:ethernet29/1,1
2026-09-04 06:16:00.0000000,lvl02-0101-0827-03lt0,ethernet29/1,lvl021082703049,nic1.port1,50,3,0,0,lvl02-0101-0827-03lt0:ethernet29/1 -> lvl021082703049:nic1.port1,lvl021082703049:nic1.port1 -> lvl02-0101-0827-03lt0:ethernet29/1,1
2026-09-04 06:16:00.0000000,lvl02-0101-0827-03lt0,ethernet29/1,lvl021082703049,nic1.port1,50,4,0,0,lvl02-0101-0827-03lt0:ethernet29/1 -> lvl021082703049:nic1.port1,lvl021082703049:nic1.port1 -> lvl02-0101-0827-03lt0:ethernet29/1,1
2026-09-04 06:16:00.0000000,lvl02-0101-0827-03lt0,ethernet29/1,lvl021082703049,nic1.port1,50,6,0,0,lvl02-0101-0827-03lt0:ethernet29/1 -> lvl021082703049:nic1.port1,lvl021082703049:nic1.port1 -> lvl02-0101-0827-03lt0:ethernet29/1,1
2026-09-04 06:16:00.0000000,lvl02-0101-0827-03lt0,ethernet31/1,lvl021082703053,nic1.port1,50,2,0,0,lvl02-0101-0827-03lt0:ethernet31/1 -> lvl021082703053:nic1.port1,lvl021082703053:nic1.port1 -> lvl02-0101-0827-03lt0:ethernet31/1,1
2026-09-04 06:16:00.0000000,lvl02-0101-0827-03lt0,ethernet31/1,lvl021082703053,nic1.port1,50,3,0,22,lvl02-0101-0827-03lt0:ethernet31/1 -> lvl021082703053:nic1.port1,lvl021082703053:nic1.port1 -> lvl02-0101-0827-03lt0:ethernet31/1,1
2026-09-04 06:16:00.0000000,lvl02-0101-0827-03lt0,ethernet31/1,lvl021082703053,nic1.port1,50,4,0,22,lvl02-0101-0827-03lt0:ethernet31/1 -> lvl021082703053:nic1.port1,lvl021082703053:nic1.port1 -> lvl02-0101-0827-03lt0:ethernet31/1,1
2026-09-04 06:16:00.0000000,lvl02-0101-0827-03lt0,ethernet31/1,lvl021082703053,nic1.port1,50,6,0,0,lvl02-0101-0827-03lt0:ethernet31/1 -> lvl021082703053:nic1.port1,lvl021082703053:nic1.port1 -> lvl02-0101-0827-03lt0:ethernet31/1,1
2026-09-04 06:16:00.0000000,lvl02-0101-0827-03lt0,ethernet4/1,lvl021082703007,nic1.port1,50,2,0,0,lvl02-0101-0827-03lt0:ethernet4/1 -> lvl021082703007:nic1.port1,lvl021082703007:nic1.port1 -> lvl02-0101-0827-03lt0:ethernet4/1,1
2026-09-04 06:16:00.0000000,lvl02-0101-0827-03lt0,ethernet4/1,lvl021082703007,nic1.port1,50,3,0,0,lvl02-0101-0827-03lt0:ethernet4/1 -> lvl021082703007:nic1.port1,lvl021082703007:nic1.port1 -> lvl02-0101-0827-03lt0:ethernet4/1,1
2026-09-04 06:16:00.0000000,lvl02-0101-0827-03lt0,ethernet4/1,lvl021082703007,nic1.port1,50,4,0,0,lvl02-0101-0827-03lt0:ethernet4/1 -> lvl021082703007:nic1.port1,lvl021082703007:nic1.port1 -> lvl02-0101-0827-03lt0:ethernet4/1,1
2026-09-04 06:16:00.0000000,lvl02-0101-0827-03lt0,ethernet4/1,lvl021082703007,nic1.port1,50,6,0,0,lvl02-0101-0827-03lt0:ethernet4/1 -> lvl021082703007:nic1.port1,lvl021082703007:nic1.port1 -> lvl02-0101-0827-03lt0:ethernet4/1,1
2026-09-04 06:17:00.0000000,lvl02-0101-0827-03t0,ethernet12/1,lvl021082703019,nic1.port1,50,2,0,0,lvl02-0101-0827-03t0:ethernet12/1 -> lvl021082703019:nic1.port1,lvl021082703019:nic1.port1 -> lvl02-0101-0827-03t0:ethernet12/1,1
2026-09-04 06:17:00.0000000,lvl02-0101-0827-03t0,ethernet12/1,lvl021082703019,nic1.port1,50,3,0,0,lvl02-0101-0827-03t0:ethernet12/1 -> lvl021082703019:nic1.port1,lvl021082703019:nic1.port1 -> lvl02-0101-0827-03t0:ethernet12/1,1
2026-09-04 06:17:00.0000000,lvl02-0101-0827-03t0,ethernet12/1,lvl021082703019,nic1.port1,50,4,0,0,lvl02-0101-0827-03t0:ethernet12/1 -> lvl021082703019:nic1.port1,lvl021082703019:nic1.port1 -> lvl02-0101-0827-03t0:ethernet12/1,1
2026-09-04 06:17:00.0000000,lvl02-0101-0827-03t0,ethernet12/1,lvl021082703019,nic1.port1,50,6,0,0,lvl02-0101-0827-03t0:ethernet12/1 -> lvl021082703019:nic1.port1,lvl021082703019:nic1.port1 -> lvl02-0101-0827-03t0:ethernet12/1,1
2026-09-04 06:17:00.0000000,lvl02-0101-0827-03t0,ethernet14/1,lvl021082703023,nic1.port1,50,2,0,0,lvl02-0101-0827-03t0:ethernet14/1 -> lvl021082703023:nic1.port1,lvl021082703023:nic1.port1 -> lvl02-0101-0827-03t0:ethernet14/1,1
2026-09-04 06:17:00.0000000,lvl02-0101-0827-03t0,ethernet14/1,lvl021082703023,nic1.port1,50,3,0,0,lvl02-0101-0827-03t0:ethernet14/1 -> lvl021082703023:nic1.port1,lvl021082703023:nic1.port1 -> lvl02-0101-0827-03t0:ethernet14/1,1
2026-09-04 06:17:00.0000000,lvl02-0101-0827-03t0,ethernet14/1,lvl021082703023,nic1.port1,50,4,0,0,lvl02-0101-0827-03t0:ethernet14/1 -> lvl021082703023:nic1.port1,lvl021082703023:nic1.port1 -> lvl02-0101-0827-03t0:ethernet14/1,1
2026-09-04 06:17:00.0000000,lvl02-0101-0827-03t0,ethernet14/1,lvl021082703023,nic1.port1,50,6,0,0,lvl02-0101-0827-03t0:ethernet14/1 -> lvl021082703023:nic1.port1,lvl021082703023:nic1.port1 -> lvl02-0101-0827-03t0:ethernet14/1,1
2026-09-04 06:17:00.0000000,lvl02-0101-0827-03t0,ethernet15/1,lvl021082703025,nic1.port1,50,2,0,0,lvl02-0101-0827-03t0:ethernet15/1 -> lvl021082703025:nic1.port1,lvl021082703025:nic1.port1 -> lvl02-0101-0827-03t0:ethernet15/1,1
2026-09-04 06:17:00.0000000,lvl02-0101-0827-03t0,ethernet15/1,lvl021082703025,nic1.port1,50,3,0,0,lvl02-0101-0827-03t0:ethernet15/1 -> lvl021082703025:nic1.port1,lvl021082703025:nic1.port1 -> lvl02-0101-0827-03t0:ethernet15/1,1
2026-09-04 06:17:00.0000000,lvl02-0101-0827-03t0,ethernet15/1,lvl021082703025,nic1.port1,50,4,0,0,lvl02-0101-0827-03t0:ethernet15/1 -> lvl021082703025:nic1.port1,lvl021082703025:nic1.port1 -> lvl02-0101-0827-03t0:ethernet15/1,1
2026-09-04 06:17:00.0000000,lvl02-0101-0827-03t0,ethernet15/1,lvl021082703025,nic1.port1,50,6,0,0,lvl02-0101-0827-03t0:ethernet15/1 -> lvl021082703025:nic1.port1,lvl021082703025:nic1.port1 -> lvl02-0101-0827-03t0:ethernet15/1,1
2026-09-04 06:17:00.0000000,lvl02-0101-0827-03t0,ethernet18/1,lvl021082703031,nic1.port1,50,2,0,0,lvl02-0101-0827-03t0:ethernet18/1 -> lvl021082703031:nic1.port1,lvl021082703031:nic1.port1 -> lvl02-0101-0827-03t0:ethernet18/1,1
2026-09-04 06:17:00.0000000,lvl02-0101-0827-03t0,ethernet18/1,lvl021082703031,nic1.port1,50,3,0,0,lvl02-0101-0827-03t0:ethernet18/1 -> lvl021082703031:nic1.port1,lvl021082703031:nic1.port1 -> lvl02-0101-0827-03t0:ethernet18/1,1
2026-09-04 06:17:00.0000000,lvl02-0101-0827-03t0,ethernet18/1,lvl021082703031,nic1.port1,50,4,0,0,lvl02-0101-0827-03t0:ethernet18/1 -> lvl021082703031:nic1.port1,lvl021082703031:nic1.port1 -> lvl02-0101-0827-03t0:ethernet18/1,1
2026-09-04 06:17:00.0000000,lvl02-0101-0827-03t0,ethernet18/1,lvl021082703031,nic1.port1,50,6,0,0,lvl02-0101-0827-03t0:ethernet18/1 -> lvl021082703031:nic1.port1,lvl021082703031:nic1.port1 -> lvl02-0101-0827-03t0:ethernet18/1,1
2026-09-04 06:17:00.0000000,lvl02-0101-0827-03t0,ethernet19/1,lvl021082703033,nic1.port1,50,2,0,0,lvl02-0101-0827-03t0:ethernet19/1 -> lvl021082703033:nic1.port1,lvl021082703033:nic1.port1 -> lvl02-0101-0827-03t0:ethernet19/1,1
2026-09-04 06:17:00.0000000,lvl02-0101-0827-03t0,ethernet19/1,lvl021082703033,nic1.port1,50,3,0,0,lvl02-0101-0827-03t0:ethernet19/1 -> lvl021082703033:nic1.port1,lvl021082703033:nic1.port1 -> lvl02-0101-0827-03t0:ethernet19/1,1
2026-09-04 06:17:00.0000000,lvl02-0101-0827-03t0,ethernet19/1,lvl021082703033,nic1.port1,50,4,0,0,lvl02-0101-0827-03t0:ethernet19/1 -> lvl021082703033:nic1.port1,lvl021082703033:nic1.port1 -> lvl02-0101-0827-03t0:ethernet19/1,1
2026-09-04 06:17:00.0000000,lvl02-0101-0827-03t0,ethernet19/1,lvl021082703033,nic1.port1,50,6,0,0,lvl02-0101-0827-03t0:ethernet19/1 -> lvl021082703033:nic1.port1,lvl021082703033:nic1.port1 -> lvl02-0101-0827-03t0:ethernet19/1,1
2026-09-04 06:17:00.0000000,lvl02-0101-0827-03t0,ethernet2/1,lvl021082703003,nic1.port1,50,2,0,0,lvl02-0101-0827-03t0:ethernet2/1 -> lvl021082703003:nic1.port1,lvl021082703003:nic1.port1 -> lvl02-0101-0827-03t0:ethernet2/1,1
2026-09-04 06:17:00.0000000,lvl02-0101-0827-03t0,ethernet2/1,lvl021082703003,nic1.port1,50,3,0,0,lvl02-0101-0827-03t0:ethernet2/1 -> lvl021082703003:nic1.port1,lvl021082703003:nic1.port1 -> lvl02-0101-0827-03t0:ethernet2/1,1
2026-09-04 06:17:00.0000000,lvl02-0101-0827-03t0,ethernet2/1,lvl021082703003,nic1.port1,50,4,0,0,lvl02-0101-0827-03t0:ethernet2/1 -> lvl021082703003:nic1.port1,lvl021082703003:nic1.port1 -> lvl02-0101-0827-03t0:ethernet2/1,1
2026-09-04 06:17:00.0000000,lvl02-0101-0827-03t0,ethernet2/1,lvl021082703003,nic1.port1,50,6,0,0,lvl02-0101-0827-03t0:ethernet2/1 -> lvl021082703003:nic1.port1,lvl021082703003:nic1.port1 -> lvl02-0101-0827-03t0:ethernet2/1,1
2026-09-04 06:17:00.0000000,lvl02-0101-0827-03t0,ethernet21/1,lvl021082703037,nic1.port1,50,2,0,0,lvl02-0101-0827-03t0:ethernet21/1 -> lvl021082703037:nic1.port1,lvl021082703037:nic1.port1 -> lvl02-0101-0827-03t0:ethernet21/1,1
2026-09-04 06:17:00.0000000,lvl02-0101-0827-03t0,ethernet21/1,lvl021082703037,nic1.port1,50,3,0,0,lvl02-0101-0827-03t0:ethernet21/1 -> lvl021082703037:nic1.port1,lvl021082703037:nic1.port1 -> lvl02-0101-0827-03t0:ethernet21/1,1
2026-09-04 06:17:00.0000000,lvl02-0101-0827-03t0,ethernet21/1,lvl021082703037,nic1.port1,50,4,0,0,lvl02-0101-0827-03t0:ethernet21/1 -> lvl021082703037:nic1.port1,lvl021082703037:nic1.port1 -> lvl02-0101-0827-03t0:ethernet21/1,1
2026-09-04 06:17:00.0000000,lvl02-0101-0827-03t0,ethernet21/1,lvl021082703037,nic1.port1,50,6,0,0,lvl02-0101-0827-03t0:ethernet21/1 -> lvl021082703037:nic1.port1,lvl021082703037:nic1.port1 -> lvl02-0101-0827-03t0:ethernet21/1,1
2026-09-04 06:17:00.0000000,lvl02-0101-0827-03t0,ethernet27/1,lvl021082703045,nic1.port1,50,2,0,0,lvl02-0101-0827-03t0:ethernet27/1 -> lvl021082703045:nic1.port1,lvl021082703045:nic1.port1 -> lvl02-0101-0827-03t0:ethernet27/1,1
2026-09-04 06:17:00.0000000,lvl02-0101-0827-03t0,ethernet27/1,lvl021082703045,nic1.port1,50,3,0,0,lvl02-0101-0827-03t0:ethernet27/1 -> lvl021082703045:nic1.port1,lvl021082703045:nic1.port1 -> lvl02-0101-0827-03t0:ethernet27/1,1
2026-09-04 06:17:00.0000000,lvl02-0101-0827-03t0,ethernet27/1,lvl021082703045,nic1.port1,50,4,0,0,lvl02-0101-0827-03t0:ethernet27/1 -> lvl021082703045:nic1.port1,lvl021082703045:nic1.port1 -> lvl02-0101-0827-03t0:ethernet27/1,1
2026-09-04 06:17:00.0000000,lvl02-0101-0827-03t0,ethernet27/1,lvl021082703045,nic1.port1,50,6,0,0,lvl02-0101-0827-03t0:ethernet27/1 -> lvl021082703045:nic1.port1,lvl021082703045:nic1.port1 -> lvl02-0101-0827-03t0:ethernet27/1,1
2026-09-04 06:17:00.0000000,lvl02-0101-0827-03t0,ethernet29/1,lvl021082703049,nic1.port1,50,2,0,0,lvl02-0101-0827-03t0:ethernet29/1 -> lvl021082703049:nic1.port1,lvl021082703049:nic1.port1 -> lvl02-0101-0827-03t0:ethernet29/1,1
2026-09-04 06:17:00.0000000,lvl02-0101-0827-03t0,ethernet29/1,lvl021082703049,nic1.port1,50,3,0,0,lvl02-0101-0827-03t0:ethernet29/1 -> lvl021082703049:nic1.port1,lvl021082703049:nic1.port1 -> lvl02-0101-0827-03t0:ethernet29/1,1
2026-09-04 06:17:00.0000000,lvl02-0101-0827-03t0,ethernet29/1,lvl021082703049,nic1.port1,50,4,0,0,lvl02-0101-0827-03t0:ethernet29/1 -> lvl021082703049:nic1.port1,lvl021082703049:nic1.port1 -> lvl02-0101-0827-03t0:ethernet29/1,1
2026-09-04 06:17:00.0000000,lvl02-0101-0827-03t0,ethernet29/1,lvl021082703049,nic1.port1,50,6,0,0,lvl02-0101-0827-03t0:ethernet29/1 -> lvl021082703049:nic1.port1,lvl021082703049:nic1.port1 -> lvl02-0101-0827-03t0:ethernet29/1,1
2026-09-04 06:17:00.0000000,lvl02-0101-0827-03t0,ethernet31/1,lvl021082703053,nic1.port1,50,2,0,0,lvl02-0101-0827-03t0:ethernet31/1 -> lvl021082703053:nic1.port1,lvl021082703053:nic1.port1 -> lvl02-0101-0827-03t0:ethernet31/1,1
2026-09-04 06:17:00.0000000,lvl02-0101-0827-03t0,ethernet31/1,lvl021082703053,nic1.port1,50,3,0,0,lvl02-0101-0827-03t0:ethernet31/1 -> lvl021082703053:nic1.port1,lvl021082703053:nic1.port1 -> lvl02-0101-0827-03t0:ethernet31/1,1
2026-09-04 06:17:00.0000000,lvl02-0101-0827-03t0,ethernet31/1,lvl021082703053,nic1.port1,50,4,0,0,lvl02-0101-0827-03t0:ethernet31/1 -> lvl021082703053:nic1.port1,lvl021082703053:nic1.port1 -> lvl02-0101-0827-03t0:ethernet31/1,1
2026-09-04 06:17:00.0000000,lvl02-0101-0827-03t0,ethernet31/1,lvl021082703053,nic1.port1,50,6,0,0,lvl02-0101-0827-03t0:ethernet31/1 -> lvl021082703053:nic1.port1,lvl021082703053:nic1.port1 -> lvl02-0101-0827-03t0:ethernet31/1,1
2026-09-04 06:17:00.0000000,lvl02-0101-0827-03t0,ethernet4/1,lvl021082703007,nic1.port1,50,2,0,0,lvl02-0101-0827-03t0:ethernet4/1 -> lvl021082703007:nic1.port1,lvl021082703007:nic1.port1 -> lvl02-0101-0827-03t0:ethernet4/1,1
2026-09-04 06:17:00.0000000,lvl02-0101-0827-03t0,ethernet4/1,lvl021082703007,nic1.port1,50,3,0,0,lvl02-0101-0827-03t0:ethernet4/1 -> lvl021082703007:nic1.port1,lvl021082703007:nic1.port1 -> lvl02-0101-0827-03t0:ethernet4/1,1
2026-09-04 06:17:00.0000000,lvl02-0101-0827-03t0,ethernet4/1,lvl021082703007,nic1.port1,50,4,0,0,lvl02-0101-0827-03t0:ethernet4/1 -> lvl021082703007:nic1.port1,lvl021082703007:nic1.port1 -> lvl02-0101-0827-03t0:ethernet4/1,1
2026-09-04 06:17:00.0000000,lvl02-0101-0827-03t0,ethernet4/1,lvl021082703007,nic1.port1,50,6,0,0,lvl02-0101-0827-03t0:ethernet4/1 -> lvl021082703007:nic1.port1,lvl021082703007:nic1.port1 -> lvl02-0101-0827-03t0:ethernet4/1,1
