TIMESTAMP,stage,device,interface,queueIndex,pfc_tx,pfc_rx
2026-09-04 06:16:00.0000000,4. 03lt0 PFC RX from T1,lvl02-0101-0827-03lt0,ethernet8/1,2,0,0
2026-09-04 06:16:00.0000000,4. 03lt0 PFC RX from T1,lvl02-0101-0827-03lt0,ethernet26/1,6,0,0
2026-09-04 06:16:00.0000000,4. 03lt0 PFC RX from T1,lvl02-0101-0827-03lt0,ethernet26/1,2,0,0
2026-09-04 06:16:00.0000000,4. 03lt0 PFC RX from T1,lvl02-0101-0827-03lt0,ethernet25/1,6,0,0
2026-09-04 06:16:00.0000000,4. 03lt0 PFC RX from T1,lvl02-0101-0827-03lt0,ethernet25/1,2,0,0
2026-09-04 06:16:00.0000000,4. 03lt0 PFC RX from T1,lvl02-0101-0827-03lt0,ethernet24/1,6,0,0
2026-09-04 06:16:00.0000000,4. 03lt0 PFC RX from T1,lvl02-0101-0827-03lt0,ethernet24/1,2,0,0
2026-09-04 06:16:00.0000000,4. 03lt0 PFC RX from T1,lvl02-0101-0827-03lt0,ethernet23/1,6,0,0
2026-09-04 06:16:00.0000000,4. 03lt0 PFC RX from T1,lvl02-0101-0827-03lt0,ethernet23/1,2,0,0
2026-09-04 06:16:00.0000000,4. 03lt0 PFC RX from T1,lvl02-0101-0827-03lt0,ethernet10/1,6,0,0
2026-09-04 06:16:00.0000000,4. 03lt0 PFC RX from T1,lvl02-0101-0827-03lt0,ethernet10/1,2,0,0
2026-09-04 06:16:00.0000000,4. 03lt0 PFC RX from T1,lvl02-0101-0827-03lt0,ethernet9/1,6,0,0
2026-09-04 06:16:00.0000000,4. 03lt0 PFC RX from T1,lvl02-0101-0827-03lt0,ethernet9/1,2,0,0
2026-09-04 06:16:00.0000000,4. 03lt0 PFC RX from T1,lvl02-0101-0827-03lt0,ethernet8/1,6,0,0
2026-09-04 06:16:00.0000000,4. 03lt0 PFC RX from T1,lvl02-0101-0827-03lt0,ethernet7/1,6,0,0
2026-09-04 06:16:00.0000000,4. 03lt0 PFC RX from T1,lvl02-0101-0827-03lt0,ethernet7/1,2,0,0
2026-09-04 06:11:00.0000000,4. 03lt0 PFC RX from T1,lvl02-0101-0827-03lt0,ethernet24/1,6,0,0
2026-09-04 06:11:00.0000000,4. 03lt0 PFC RX from T1,lvl02-0101-0827-03lt0,ethernet26/1,6,0,0
2026-09-04 06:11:00.0000000,4. 03lt0 PFC RX from T1,lvl02-0101-0827-03lt0,ethernet26/1,2,0,0
2026-09-04 06:11:00.0000000,4. 03lt0 PFC RX from T1,lvl02-0101-0827-03lt0,ethernet25/1,6,0,0
2026-09-04 06:11:00.0000000,4. 03lt0 PFC RX from T1,lvl02-0101-0827-03lt0,ethernet25/1,2,0,0
2026-09-04 06:11:00.0000000,4. 03lt0 PFC RX from T1,lvl02-0101-0827-03lt0,ethernet9/1,6,0,0
2026-09-04 06:11:00.0000000,4. 03lt0 PFC RX from T1,lvl02-0101-0827-03lt0,ethernet24/1,2,0,0
2026-09-04 06:11:00.0000000,4. 03lt0 PFC RX from T1,lvl02-0101-0827-03lt0,ethernet23/1,6,0,0
2026-09-04 06:11:00.0000000,4. 03lt0 PFC RX from T1,lvl02-0101-0827-03lt0,ethernet10/1,6,0,0
2026-09-04 06:11:00.0000000,4. 03lt0 PFC RX from T1,lvl02-0101-0827-03lt0,ethernet10/1,2,0,0
2026-09-04 06:11:00.0000000,4. 03lt0 PFC RX from T1,lvl02-0101-0827-03lt0,ethernet7/1,6,0,0
2026-09-04 06:11:00.0000000,4. 03lt0 PFC RX from T1,lvl02-0101-0827-03lt0,ethernet9/1,2,0,0
2026-09-04 06:11:00.0000000,4. 03lt0 PFC RX from T1,lvl02-0101-0827-03lt0,ethernet8/1,6,0,0
2026-09-04 06:11:00.0000000,4. 03lt0 PFC RX from T1,lvl02-0101-0827-03lt0,ethernet8/1,2,0,0
2026-09-04 06:11:00.0000000,4. 03lt0 PFC RX from T1,lvl02-0101-0827-03lt0,ethernet7/1,2,0,0
2026-09-04 06:11:00.0000000,4. 03lt0 PFC RX from T1,lvl02-0101-0827-03lt0,ethernet23/1,2,0,0
2026-09-04 06:06:00.0000000,4. 03lt0 PFC RX from T1,lvl02-0101-0827-03lt0,ethernet9/1,6,0,0
2026-09-04 06:06:00.0000000,4. 03lt0 PFC RX from T1,lvl02-0101-0827-03lt0,ethernet9/1,2,0,0
2026-09-04 06:06:00.0000000,4. 03lt0 PFC RX from T1,lvl02-0101-0827-03lt0,ethernet26/1,6,0,0
2026-09-04 06:06:00.0000000,4. 03lt0 PFC RX from T1,lvl02-0101-0827-03lt0,ethernet26/1,2,0,0
2026-09-04 06:06:00.0000000,4. 03lt0 PFC RX from T1,lvl02-0101-0827-03lt0,ethernet8/1,6,0,0
2026-09-04 06:06:00.0000000,4. 03lt0 PFC RX from T1,lvl02-0101-0827-03lt0,ethernet8/1,2,0,0
2026-09-04 06:06:00.0000000,4. 03lt0 PFC RX from T1,lvl02-0101-0827-03lt0,ethernet23/1,2,0,0
2026-09-04 06:06:00.0000000,4. 03lt0 PFC RX from T1,lvl02-0101-0827-03lt0,ethernet10/1,2,0,0
2026-09-04 06:06:00.0000000,4. 03lt0 PFC RX from T1,lvl02-0101-0827-03lt0,ethernet24/1,6,0,0
2026-09-04 06:06:00.0000000,4. 03lt0 PFC RX from T1,lvl02-0101-0827-03lt0,ethernet25/1,6,0,0
2026-09-04 06:06:00.0000000,4. 03lt0 PFC RX from T1,lvl02-0101-0827-03lt0,ethernet7/1,6,0,0
2026-09-04 06:06:00.0000000,4. 03lt0 PFC RX from T1,lvl02-0101-0827-03lt0,ethernet7/1,2,0,0
2026-09-04 06:06:00.0000000,4. 03lt0 PFC RX from T1,lvl02-0101-0827-03lt0,ethernet25/1,2,0,0
2026-09-04 06:06:00.0000000,4. 03lt0 PFC RX from T1,lvl02-0101-0827-03lt0,ethernet10/1,6,0,0
2026-09-04 06:06:00.0000000,4. 03lt0 PFC RX from T1,lvl02-0101-0827-03lt0,ethernet23/1,6,0,0
2026-09-04 06:06:00.0000000,4. 03lt0 PFC RX from T1,lvl02-0101-0827-03lt0,ethernet24/1,2,0,0
2026-09-04 06:01:00.0000000,4. 03lt0 PFC RX from T1,lvl02-0101-0827-03lt0,ethernet7/1,2,0,0
2026-09-04 06:01:00.0000000,4. 03lt0 PFC RX from T1,lvl02-0101-0827-03lt0,ethernet24/1,6,0,0
2026-09-04 06:01:00.0000000,4. 03lt0 PFC RX from T1,lvl02-0101-0827-03lt0,ethernet25/1,2,0,0
2026-09-04 06:01:00.0000000,4. 03lt0 PFC RX from T1,lvl02-0101-0827-03lt0,ethernet23/1,6,0,0
2026-09-04 06:01:00.0000000,4. 03lt0 PFC RX from T1,lvl02-0101-0827-03lt0,ethernet23/1,2,0,0
2026-09-04 06:01:00.0000000,4. 03lt0 PFC RX from T1,lvl02-0101-0827-03lt0,ethernet9/1,6,0,0
2026-09-04 06:01:00.0000000,4. 03lt0 PFC RX from T1,lvl02-0101-0827-03lt0,ethernet10/1,6,0,0
2026-09-04 06:01:00.0000000,4. 03lt0 PFC RX from T1,lvl02-0101-0827-03lt0,ethernet10/1,2,0,0
2026-09-04 06:01:00.0000000,4. 03lt0 PFC RX from T1,lvl02-0101-0827-03lt0,ethernet9/1,2,0,0
2026-09-04 06:01:00.0000000,4. 03lt0 PFC RX from T1,lvl02-0101-0827-03lt0,ethernet8/1,6,0,0
2026-09-04 06:01:00.0000000,4. 03lt0 PFC RX from T1,lvl02-0101-0827-03lt0,ethernet24/1,2,0,0
2026-09-04 06:01:00.0000000,4. 03lt0 PFC RX from T1,lvl02-0101-0827-03lt0,ethernet8/1,2,0,0
2026-09-04 06:01:00.0000000,4. 03lt0 PFC RX from T1,lvl02-0101-0827-03lt0,ethernet7/1,6,0,0
2026-09-04 06:01:00.0000000,4. 03lt0 PFC RX from T1,lvl02-0101-0827-03lt0,ethernet26/1,6,0,0
2026-09-04 06:01:00.0000000,4. 03lt0 PFC RX from T1,lvl02-0101-0827-03lt0,ethernet26/1,2,0,0
2026-09-04 06:01:00.0000000,4. 03lt0 PFC RX from T1,lvl02-0101-0827-03lt0,ethernet25/1,6,0,0
2026-09-04 05:56:00.0000000,4. 03lt0 PFC RX from T1,lvl02-0101-0827-03lt0,ethernet24/1,6,0,0
2026-09-04 05:56:00.0000000,4. 03lt0 PFC RX from T1,lvl02-0101-0827-03lt0,ethernet25/1,2,0,0
2026-09-04 05:56:00.0000000,4. 03lt0 PFC RX from T1,lvl02-0101-0827-03lt0,ethernet25/1,6,0,0
2026-09-04 05:56:00.0000000,4. 03lt0 PFC RX from T1,lvl02-0101-0827-03lt0,ethernet26/1,2,0,0
2026-09-04 05:56:00.0000000,4. 03lt0 PFC RX from T1,lvl02-0101-0827-03lt0,ethernet26/1,6,0,0
2026-09-04 05:56:00.0000000,4. 03lt0 PFC RX from T1,lvl02-0101-0827-03lt0,ethernet9/1,2,0,0
2026-09-04 05:56:00.0000000,4. 03lt0 PFC RX from T1,lvl02-0101-0827-03lt0,ethernet7/1,2,0,0
2026-09-04 05:56:00.0000000,4. 03lt0 PFC RX from T1,lvl02-0101-0827-03lt0,ethernet7/1,6,0,0
2026-09-04 05:56:00.0000000,4. 03lt0 PFC RX from T1,lvl02-0101-0827-03lt0,ethernet8/1,2,0,0
2026-09-04 05:56:00.0000000,4. 03lt0 PFC RX from T1,lvl02-0101-0827-03lt0,ethernet8/1,6,0,0
2026-09-04 05:56:00.0000000,4. 03lt0 PFC RX from T1,lvl02-0101-0827-03lt0,ethernet9/1,6,0,0
2026-09-04 05:56:00.0000000,4. 03lt0 PFC RX from T1,lvl02-0101-0827-03lt0,ethernet10/1,2,0,0
2026-09-04 05:56:00.0000000,4. 03lt0 PFC RX from T1,lvl02-0101-0827-03lt0,ethernet10/1,6,0,0
2026-09-04 05:56:00.0000000,4. 03lt0 PFC RX from T1,lvl02-0101-0827-03lt0,ethernet23/1,2,0,0
2026-09-04 05:56:00.0000000,4. 03lt0 PFC RX from T1,lvl02-0101-0827-03lt0,ethernet23/1,6,0,0
2026-09-04 05:56:00.0000000,4. 03lt0 PFC RX from T1,lvl02-0101-0827-03lt0,ethernet24/1,2,0,0
2026-09-04 05:51:00.0000000,4. 03lt0 PFC RX from T1,lvl02-0101-0827-03lt0,ethernet23/1,6,0,0
2026-09-04 05:51:00.0000000,4. 03lt0 PFC RX from T1,lvl02-0101-0827-03lt0,ethernet26/1,6,0,0
2026-09-04 05:51:00.0000000,4. 03lt0 PFC RX from T1,lvl02-0101-0827-03lt0,ethernet26/1,2,0,0
2026-09-04 05:51:00.0000000,4. 03lt0 PFC RX from T1,lvl02-0101-0827-03lt0,ethernet7/1,2,0,0
2026-09-04 05:51:00.0000000,4. 03lt0 PFC RX from T1,lvl02-0101-0827-03lt0,ethernet7/1,6,0,0
2026-09-04 05:51:00.0000000,4. 03lt0 PFC RX from T1,lvl02-0101-0827-03lt0,ethernet8/1,2,0,0
2026-09-04 05:51:00.0000000,4. 03lt0 PFC RX from T1,lvl02-0101-0827-03lt0,ethernet8/1,6,0,0
2026-09-04 05:51:00.0000000,4. 03lt0 PFC RX from T1,lvl02-0101-0827-03lt0,ethernet9/1,2,0,0
2026-09-04 05:51:00.0000000,4. 03lt0 PFC RX from T1,lvl02-0101-0827-03lt0,ethernet23/1,2,0,0
2026-09-04 05:51:00.0000000,4. 03lt0 PFC RX from T1,lvl02-0101-0827-03lt0,ethernet24/1,2,0,0
2026-09-04 05:51:00.0000000,4. 03lt0 PFC RX from T1,lvl02-0101-0827-03lt0,ethernet24/1,6,0,0
2026-09-04 05:51:00.0000000,4. 03lt0 PFC RX from T1,lvl02-0101-0827-03lt0,ethernet25/1,6,0,0
2026-09-04 05:51:00.0000000,4. 03lt0 PFC RX from T1,lvl02-0101-0827-03lt0,ethernet25/1,2,0,0
2026-09-04 05:51:00.0000000,4. 03lt0 PFC RX from T1,lvl02-0101-0827-03lt0,ethernet10/1,2,0,0
2026-09-04 05:51:00.0000000,4. 03lt0 PFC RX from T1,lvl02-0101-0827-03lt0,ethernet9/1,6,0,0
2026-09-04 05:51:00.0000000,4. 03lt0 PFC RX from T1,lvl02-0101-0827-03lt0,ethernet10/1,6,0,0
2026-09-04 05:46:00.0000000,4. 03lt0 PFC RX from T1,lvl02-0101-0827-03lt0,ethernet23/1,6,2032,0
2026-09-04 05:46:00.0000000,4. 03lt0 PFC RX from T1,lvl02-0101-0827-03lt0,ethernet23/1,2,0,0
2026-09-04 05:46:00.0000000,4. 03lt0 PFC RX from T1,lvl02-0101-0827-03lt0,ethernet24/1,2,0,0
2026-09-04 05:46:00.0000000,4. 03lt0 PFC RX from T1,lvl02-0101-0827-03lt0,ethernet10/1,2,0,0
2026-09-04 05:46:00.0000000,4. 03lt0 PFC RX from T1,lvl02-0101-0827-03lt0,ethernet9/1,2,0,0
2026-09-04 05:46:00.0000000,4. 03lt0 PFC RX from T1,lvl02-0101-0827-03lt0,ethernet9/1,6,1862,0
2026-09-04 05:46:00.0000000,4. 03lt0 PFC RX from T1,lvl02-0101-0827-03lt0,ethernet10/1,6,2437,0
2026-09-04 05:46:00.0000000,4. 03lt0 PFC RX from T1,lvl02-0101-0827-03lt0,ethernet7/1,2,0,0
2026-09-04 05:46:00.0000000,4. 03lt0 PFC RX from T1,lvl02-0101-0827-03lt0,ethernet26/1,6,1248,0
2026-09-04 05:46:00.0000000,4. 03lt0 PFC RX from T1,lvl02-0101-0827-03lt0,ethernet26/1,2,0,0
2026-09-04 05:46:00.0000000,4. 03lt0 PFC RX from T1,lvl02-0101-0827-03lt0,ethernet25/1,6,1277,0
2026-09-04 05:46:00.0000000,4. 03lt0 PFC RX from T1,lvl02-0101-0827-03lt0,ethernet25/1,2,0,0
2026-09-04 05:46:00.0000000,4. 03lt0 PFC RX from T1,lvl02-0101-0827-03lt0,ethernet24/1,6,2116,0
2026-09-04 05:46:00.0000000,4. 03lt0 PFC RX from T1,lvl02-0101-0827-03lt0,ethernet7/1,6,1914,0
2026-09-04 05:46:00.0000000,4. 03lt0 PFC RX from T1,lvl02-0101-0827-03lt0,ethernet8/1,2,0,0
2026-09-04 05:46:00.0000000,4. 03lt0 PFC RX from T1,lvl02-0101-0827-03lt0,ethernet8/1,6,2257,0
2026-09-04 05:41:00.0000000,4. 03lt0 PFC RX from T1,lvl02-0101-0827-03lt0,ethernet24/1,2,0,0
2026-09-04 05:41:00.0000000,4. 03lt0 PFC RX from T1,lvl02-0101-0827-03lt0,ethernet25/1,6,4132,0
2026-09-04 05:41:00.0000000,4. 03lt0 PFC RX from T1,lvl02-0101-0827-03lt0,ethernet26/1,2,0,0
2026-09-04 05:41:00.0000000,4. 03lt0 PFC RX from T1,lvl02-0101-0827-03lt0,ethernet26/1,6,10605,0
2026-09-04 05:41:00.0000000,4. 03lt0 PFC RX from T1,lvl02-0101-0827-03lt0,ethernet24/1,6,6611,0
2026-09-04 05:41:00.0000000,4. 03lt0 PFC RX from T1,lvl02-0101-0827-03lt0,ethernet25/1,2,0,0
2026-09-04 05:41:00.0000000,4. 03lt0 PFC RX from T1,lvl02-0101-0827-03lt0,ethernet8/1,6,8221,0
2026-09-04 05:41:00.0000000,4. 03lt0 PFC RX from T1,lvl02-0101-0827-03lt0,ethernet23/1,2,0,0
2026-09-04 05:41:00.0000000,4. 03lt0 PFC RX from T1,lvl02-0101-0827-03lt0,ethernet9/1,6,9268,0
2026-09-04 05:41:00.0000000,4. 03lt0 PFC RX from T1,lvl02-0101-0827-03lt0,ethernet10/1,2,0,0
2026-09-04 05:41:00.0000000,4. 03lt0 PFC RX from T1,lvl02-0101-0827-03lt0,ethernet7/1,6,9494,0
2026-09-04 05:41:00.0000000,4. 03lt0 PFC RX from T1,lvl02-0101-0827-03lt0,ethernet8/1,2,0,0
2026-09-04 05:41:00.0000000,4. 03lt0 PFC RX from T1,lvl02-0101-0827-03lt0,ethernet7/1,2,0,0
2026-09-04 05:41:00.0000000,4. 03lt0 PFC RX from T1,lvl02-0101-0827-03lt0,ethernet9/1,2,0,0
2026-09-04 05:41:00.0000000,4. 03lt0 PFC RX from T1,lvl02-0101-0827-03lt0,ethernet10/1,6,6406,0
2026-09-04 05:41:00.0000000,4. 03lt0 PFC RX from T1,lvl02-0101-0827-03lt0,ethernet23/1,6,8682,0
2026-09-04 05:36:00.0000000,4. 03lt0 PFC RX from T1,lvl02-0101-0827-03lt0,ethernet24/1,2,0,0
2026-09-04 05:36:00.0000000,4. 03lt0 PFC RX from T1,lvl02-0101-0827-03lt0,ethernet10/1,2,0,0
2026-09-04 05:36:00.0000000,4. 03lt0 PFC RX from T1,lvl02-0101-0827-03lt0,ethernet9/1,6,2276,0
2026-09-04 05:36:00.0000000,4. 03lt0 PFC RX from T1,lvl02-0101-0827-03lt0,ethernet9/1,2,0,0
2026-09-04 05:36:00.0000000,4. 03lt0 PFC RX from T1,lvl02-0101-0827-03lt0,ethernet8/1,6,1878,57
2026-09-04 05:36:00.0000000,4. 03lt0 PFC RX from T1,lvl02-0101-0827-03lt0,ethernet8/1,2,0,0
2026-09-04 05:36:00.0000000,4. 03lt0 PFC RX from T1,lvl02-0101-0827-03lt0,ethernet7/1,6,2678,0
2026-09-04 05:36:00.0000000,4. 03lt0 PFC RX from T1,lvl02-0101-0827-03lt0,ethernet7/1,2,0,0
2026-09-04 05:36:00.0000000,4. 03lt0 PFC RX from T1,lvl02-0101-0827-03lt0,ethernet24/1,6,1773,0
2026-09-04 05:36:00.0000000,4. 03lt0 PFC RX from T1,lvl02-0101-0827-03lt0,ethernet25/1,2,0,0
2026-09-04 05:36:00.0000000,4. 03lt0 PFC RX from T1,lvl02-0101-0827-03lt0,ethernet25/1,6,850,0
2026-09-04 05:36:00.0000000,4. 03lt0 PFC RX from T1,lvl02-0101-0827-03lt0,ethernet26/1,6,3031,0
2026-09-04 05:36:00.0000000,4. 03lt0 PFC RX from T1,lvl02-0101-0827-03lt0,ethernet26/1,2,0,0
2026-09-04 05:36:00.0000000,4. 03lt0 PFC RX from T1,lvl02-0101-0827-03lt0,ethernet10/1,6,3605,0
2026-09-04 05:36:00.0000000,4. 03lt0 PFC RX from T1,lvl02-0101-0827-03lt0,ethernet23/1,2,0,0
2026-09-04 05:36:00.0000000,4. 03lt0 PFC RX from T1,lvl02-0101-0827-03lt0,ethernet23/1,6,2557,0
2026-09-04 05:31:00.0000000,4. 03lt0 PFC RX from T1,lvl02-0101-0827-03lt0,ethernet25/1,2,0,0
2026-09-04 05:31:00.0000000,4. 03lt0 PFC RX from T1,lvl02-0101-0827-03lt0,ethernet25/1,6,0,0
2026-09-04 05:31:00.0000000,4. 03lt0 PFC RX from T1,lvl02-0101-0827-03lt0,ethernet9/1,6,0,0
2026-09-04 05:31:00.0000000,4. 03lt0 PFC RX from T1,lvl02-0101-0827-03lt0,ethernet26/1,6,0,0
2026-09-04 05:31:00.0000000,4. 03lt0 PFC RX from T1,lvl02-0101-0827-03lt0,ethernet7/1,6,0,0
2026-09-04 05:31:00.0000000,4. 03lt0 PFC RX from T1,lvl02-0101-0827-03lt0,ethernet10/1,2,0,0
2026-09-04 05:31:00.0000000,4. 03lt0 PFC RX from T1,lvl02-0101-0827-03lt0,ethernet10/1,6,0,43
2026-09-04 05:31:00.0000000,4. 03lt0 PFC RX from T1,lvl02-0101-0827-03lt0,ethernet23/1,2,0,0
2026-09-04 05:31:00.0000000,4. 03lt0 PFC RX from T1,lvl02-0101-0827-03lt0,ethernet23/1,6,0,49
2026-09-04 05:31:00.0000000,4. 03lt0 PFC RX from T1,lvl02-0101-0827-03lt0,ethernet24/1,2,0,0
2026-09-04 05:31:00.0000000,4. 03lt0 PFC RX from T1,lvl02-0101-0827-03lt0,ethernet24/1,6,0,0
2026-09-04 05:31:00.0000000,4. 03lt0 PFC RX from T1,lvl02-0101-0827-03lt0,ethernet26/1,2,0,0
2026-09-04 05:31:00.0000000,4. 03lt0 PFC RX from T1,lvl02-0101-0827-03lt0,ethernet9/1,2,0,0
2026-09-04 05:31:00.0000000,4. 03lt0 PFC RX from T1,lvl02-0101-0827-03lt0,ethernet8/1,6,0,0
2026-09-04 05:31:00.0000000,4. 03lt0 PFC RX from T1,lvl02-0101-0827-03lt0,ethernet8/1,2,0,0
2026-09-04 05:31:00.0000000,4. 03lt0 PFC RX from T1,lvl02-0101-0827-03lt0,ethernet7/1,2,0,0
2026-09-04 05:26:00.0000000,4. 03lt0 PFC RX from T1,lvl02-0101-0827-03lt0,ethernet26/1,2,0,0
2026-09-04 05:26:00.0000000,4. 03lt0 PFC RX from T1,lvl02-0101-0827-03lt0,ethernet7/1,2,0,0
2026-09-04 05:26:00.0000000,4. 03lt0 PFC RX from T1,lvl02-0101-0827-03lt0,ethernet7/1,6,0,0
2026-09-04 05:26:00.0000000,4. 03lt0 PFC RX from T1,lvl02-0101-0827-03lt0,ethernet23/1,2,0,0
2026-09-04 05:26:00.0000000,4. 03lt0 PFC RX from T1,lvl02-0101-0827-03lt0,ethernet10/1,6,0,0
2026-09-04 05:26:00.0000000,4. 03lt0 PFC RX from T1,lvl02-0101-0827-03lt0,ethernet8/1,2,0,0
2026-09-04 05:26:00.0000000,4. 03lt0 PFC RX from T1,lvl02-0101-0827-03lt0,ethernet9/1,2,0,0
2026-09-04 05:26:00.0000000,4. 03lt0 PFC RX from T1,lvl02-0101-0827-03lt0,ethernet9/1,6,0,0
2026-09-04 05:26:00.0000000,4. 03lt0 PFC RX from T1,lvl02-0101-0827-03lt0,ethernet25/1,6,0,0
2026-09-04 05:26:00.0000000,4. 03lt0 PFC RX from T1,lvl02-0101-0827-03lt0,ethernet25/1,2,0,0
2026-09-04 05:26:00.0000000,4. 03lt0 PFC RX from T1,lvl02-0101-0827-03lt0,ethernet8/1,6,0,0
2026-09-04 05:26:00.0000000,4. 03lt0 PFC RX from T1,lvl02-0101-0827-03lt0,ethernet24/1,6,0,0
2026-09-04 05:26:00.0000000,4. 03lt0 PFC RX from T1,lvl02-0101-0827-03lt0,ethernet23/1,6,0,0
2026-09-04 05:26:00.0000000,4. 03lt0 PFC RX from T1,lvl02-0101-0827-03lt0,ethernet24/1,2,0,0
2026-09-04 05:26:00.0000000,4. 03lt0 PFC RX from T1,lvl02-0101-0827-03lt0,ethernet26/1,6,0,0
2026-09-04 05:26:00.0000000,4. 03lt0 PFC RX from T1,lvl02-0101-0827-03lt0,ethernet10/1,2,0,0
2026-09-04 05:21:00.0000000,4. 03lt0 PFC RX from T1,lvl02-0101-0827-03lt0,ethernet7/1,2,0,0
2026-09-04 05:21:00.0000000,4. 03lt0 PFC RX from T1,lvl02-0101-0827-03lt0,ethernet23/1,2,0,0
2026-09-04 05:21:00.0000000,4. 03lt0 PFC RX from T1,lvl02-0101-0827-03lt0,ethernet23/1,6,0,18
2026-09-04 05:21:00.0000000,4. 03lt0 PFC RX from T1,lvl02-0101-0827-03lt0,ethernet24/1,2,0,0
2026-09-04 05:21:00.0000000,4. 03lt0 PFC RX from T1,lvl02-0101-0827-03lt0,ethernet24/1,6,0,0
2026-09-04 05:21:00.0000000,4. 03lt0 PFC RX from T1,lvl02-0101-0827-03lt0,ethernet25/1,2,0,0
2026-09-04 05:21:00.0000000,4. 03lt0 PFC RX from T1,lvl02-0101-0827-03lt0,ethernet26/1,6,0,38
2026-09-04 05:21:00.0000000,4. 03lt0 PFC RX from T1,lvl02-0101-0827-03lt0,ethernet26/1,2,0,0
2026-09-04 05:21:00.0000000,4. 03lt0 PFC RX from T1,lvl02-0101-0827-03lt0,ethernet25/1,6,0,169
2026-09-04 05:21:00.0000000,4. 03lt0 PFC RX from T1,lvl02-0101-0827-03lt0,ethernet10/1,6,0,317
2026-09-04 05:21:00.0000000,4. 03lt0 PFC RX from T1,lvl02-0101-0827-03lt0,ethernet10/1,2,0,0
2026-09-04 05:21:00.0000000,4. 03lt0 PFC RX from T1,lvl02-0101-0827-03lt0,ethernet9/1,6,0,77
2026-09-04 05:21:00.0000000,4. 03lt0 PFC RX from T1,lvl02-0101-0827-03lt0,ethernet9/1,2,0,0
2026-09-04 05:21:00.0000000,4. 03lt0 PFC RX from T1,lvl02-0101-0827-03lt0,ethernet8/1,6,0,0
2026-09-04 05:21:00.0000000,4. 03lt0 PFC RX from T1,lvl02-0101-0827-03lt0,ethernet8/1,2,0,0
2026-09-04 05:21:00.0000000,4. 03lt0 PFC RX from T1,lvl02-0101-0827-03lt0,ethernet7/1,6,0,0
2026-09-04 05:16:00.0000000,4. 03lt0 PFC RX from T1,lvl02-0101-0827-03lt0,ethernet9/1,6,0,198031
2026-09-04 05:16:00.0000000,4. 03lt0 PFC RX from T1,lvl02-0101-0827-03lt0,ethernet10/1,6,0,893765
2026-09-04 05:16:00.0000000,4. 03lt0 PFC RX from T1,lvl02-0101-0827-03lt0,ethernet25/1,6,0,257239
2026-09-04 05:16:00.0000000,4. 03lt0 PFC RX from T1,lvl02-0101-0827-03lt0,ethernet7/1,6,0,535118
2026-09-04 05:16:00.0000000,4. 03lt0 PFC RX from T1,lvl02-0101-0827-03lt0,ethernet26/1,2,0,0
2026-09-04 05:16:00.0000000,4. 03lt0 PFC RX from T1,lvl02-0101-0827-03lt0,ethernet8/1,2,0,0
2026-09-04 05:16:00.0000000,4. 03lt0 PFC RX from T1,lvl02-0101-0827-03lt0,ethernet23/1,2,0,0
2026-09-04 05:16:00.0000000,4. 03lt0 PFC RX from T1,lvl02-0101-0827-03lt0,ethernet26/1,6,0,596890
2026-09-04 05:16:00.0000000,4. 03lt0 PFC RX from T1,lvl02-0101-0827-03lt0,ethernet10/1,2,0,0
2026-09-04 05:16:00.0000000,4. 03lt0 PFC RX from T1,lvl02-0101-0827-03lt0,ethernet23/1,6,0,473472
2026-09-04 05:16:00.0000000,4. 03lt0 PFC RX from T1,lvl02-0101-0827-03lt0,ethernet24/1,2,0,0
2026-09-04 05:16:00.0000000,4. 03lt0 PFC RX from T1,lvl02-0101-0827-03lt0,ethernet24/1,6,0,338776
2026-09-04 05:16:00.0000000,4. 03lt0 PFC RX from T1,lvl02-0101-0827-03lt0,ethernet7/1,2,0,0
2026-09-04 05:16:00.0000000,4. 03lt0 PFC RX from T1,lvl02-0101-0827-03lt0,ethernet8/1,6,0,315226
2026-09-04 05:16:00.0000000,4. 03lt0 PFC RX from T1,lvl02-0101-0827-03lt0,ethernet9/1,2,0,0
2026-09-04 05:16:00.0000000,4. 03lt0 PFC RX from T1,lvl02-0101-0827-03lt0,ethernet25/1,2,0,0
2026-09-04 05:11:00.0000000,4. 03lt0 PFC RX from T1,lvl02-0101-0827-03lt0,ethernet7/1,2,0,0
2026-09-04 05:11:00.0000000,4. 03lt0 PFC RX from T1,lvl02-0101-0827-03lt0,ethernet10/1,6,0,372494
2026-09-04 05:11:00.0000000,4. 03lt0 PFC RX from T1,lvl02-0101-0827-03lt0,ethernet23/1,2,0,0
2026-09-04 05:11:00.0000000,4. 03lt0 PFC RX from T1,lvl02-0101-0827-03lt0,ethernet23/1,6,0,620601
2026-09-04 05:11:00.0000000,4. 03lt0 PFC RX from T1,lvl02-0101-0827-03lt0,ethernet24/1,2,0,0
2026-09-04 05:11:00.0000000,4. 03lt0 PFC RX from T1,lvl02-0101-0827-03lt0,ethernet24/1,6,0,512825
2026-09-04 05:11:00.0000000,4. 03lt0 PFC RX from T1,lvl02-0101-0827-03lt0,ethernet25/1,2,0,0
2026-09-04 05:11:00.0000000,4. 03lt0 PFC RX from T1,lvl02-0101-0827-03lt0,ethernet26/1,2,0,0
2026-09-04 05:11:00.0000000,4. 03lt0 PFC RX from T1,lvl02-0101-0827-03lt0,ethernet26/1,6,0,692799
2026-09-04 05:11:00.0000000,4. 03lt0 PFC RX from T1,lvl02-0101-0827-03lt0,ethernet25/1,6,0,752874
2026-09-04 05:11:00.0000000,4. 03lt0 PFC RX from T1,lvl02-0101-0827-03lt0,ethernet9/1,2,0,0
2026-09-04 05:11:00.0000000,4. 03lt0 PFC RX from T1,lvl02-0101-0827-03lt0,ethernet8/1,6,0,762489
2026-09-04 05:11:00.0000000,4. 03lt0 PFC RX from T1,lvl02-0101-0827-03lt0,ethernet8/1,2,0,0
2026-09-04 05:11:00.0000000,4. 03lt0 PFC RX from T1,lvl02-0101-0827-03lt0,ethernet10/1,2,0,0
2026-09-04 05:11:00.0000000,4. 03lt0 PFC RX from T1,lvl02-0101-0827-03lt0,ethernet9/1,6,0,840608
2026-09-04 05:11:00.0000000,4. 03lt0 PFC RX from T1,lvl02-0101-0827-03lt0,ethernet7/1,6,0,700847
2026-09-04 05:06:00.0000000,4. 03lt0 PFC RX from T1,lvl02-0101-0827-03lt0,ethernet26/1,2,0,0
2026-09-04 05:06:00.0000000,4. 03lt0 PFC RX from T1,lvl02-0101-0827-03lt0,ethernet25/1,2,0,0
2026-09-04 05:06:00.0000000,4. 03lt0 PFC RX from T1,lvl02-0101-0827-03lt0,ethernet24/1,6,0,535961
2026-09-04 05:06:00.0000000,4. 03lt0 PFC RX from T1,lvl02-0101-0827-03lt0,ethernet24/1,2,0,0
2026-09-04 05:06:00.0000000,4. 03lt0 PFC RX from T1,lvl02-0101-0827-03lt0,ethernet23/1,6,0,738443
2026-09-04 05:06:00.0000000,4. 03lt0 PFC RX from T1,lvl02-0101-0827-03lt0,ethernet23/1,2,0,0
2026-09-04 05:06:00.0000000,4. 03lt0 PFC RX from T1,lvl02-0101-0827-03lt0,ethernet25/1,6,0,540606
2026-09-04 05:06:00.0000000,4. 03lt0 PFC RX from T1,lvl02-0101-0827-03lt0,ethernet10/1,6,0,277056
2026-09-04 05:06:00.0000000,4. 03lt0 PFC RX from T1,lvl02-0101-0827-03lt0,ethernet10/1,2,0,0
2026-09-04 05:06:00.0000000,4. 03lt0 PFC RX from T1,lvl02-0101-0827-03lt0,ethernet9/1,2,0,0
2026-09-04 05:06:00.0000000,4. 03lt0 PFC RX from T1,lvl02-0101-0827-03lt0,ethernet8/1,6,0,312109
2026-09-04 05:06:00.0000000,4. 03lt0 PFC RX from T1,lvl02-0101-0827-03lt0,ethernet8/1,2,0,0
2026-09-04 05:06:00.0000000,4. 03lt0 PFC RX from T1,lvl02-0101-0827-03lt0,ethernet7/1,6,0,265129
2026-09-04 05:06:00.0000000,4. 03lt0 PFC RX from T1,lvl02-0101-0827-03lt0,ethernet7/1,2,0,0
2026-09-04 05:06:00.0000000,4. 03lt0 PFC RX from T1,lvl02-0101-0827-03lt0,ethernet26/1,6,0,639875
2026-09-04 05:06:00.0000000,4. 03lt0 PFC RX from T1,lvl02-0101-0827-03lt0,ethernet9/1,6,0,451413
2026-09-04 05:01:00.0000000,4. 03lt0 PFC RX from T1,lvl02-0101-0827-03lt0,ethernet8/1,6,0,831197
2026-09-04 05:01:00.0000000,4. 03lt0 PFC RX from T1,lvl02-0101-0827-03lt0,ethernet23/1,6,0,665009
2026-09-04 05:01:00.0000000,4. 03lt0 PFC RX from T1,lvl02-0101-0827-03lt0,ethernet23/1,2,0,0
2026-09-04 05:01:00.0000000,4. 03lt0 PFC RX from T1,lvl02-0101-0827-03lt0,ethernet10/1,6,0,1009895
2026-09-04 05:01:00.0000000,4. 03lt0 PFC RX from T1,lvl02-0101-0827-03lt0,ethernet10/1,2,0,0
2026-09-04 05:01:00.0000000,4. 03lt0 PFC RX from T1,lvl02-0101-0827-03lt0,ethernet9/1,2,0,0
2026-09-04 05:01:00.0000000,4. 03lt0 PFC RX from T1,lvl02-0101-0827-03lt0,ethernet7/1,2,0,0
2026-09-04 05:01:00.0000000,4. 03lt0 PFC RX from T1,lvl02-0101-0827-03lt0,ethernet9/1,6,0,1047186
2026-09-04 05:01:00.0000000,4. 03lt0 PFC RX from T1,lvl02-0101-0827-03lt0,ethernet8/1,2,0,0
2026-09-04 05:01:00.0000000,4. 03lt0 PFC RX from T1,lvl02-0101-0827-03lt0,ethernet7/1,6,0,330190
2026-09-04 05:01:00.0000000,4. 03lt0 PFC RX from T1,lvl02-0101-0827-03lt0,ethernet26/1,6,0,461357
2026-09-04 05:01:00.0000000,4. 03lt0 PFC RX from T1,lvl02-0101-0827-03lt0,ethernet26/1,2,0,0
2026-09-04 05:01:00.0000000,4. 03lt0 PFC RX from T1,lvl02-0101-0827-03lt0,ethernet25/1,6,0,913043
2026-09-04 05:01:00.0000000,4. 03lt0 PFC RX from T1,lvl02-0101-0827-03lt0,ethernet25/1,2,0,0
2026-09-04 05:01:00.0000000,4. 03lt0 PFC RX from T1,lvl02-0101-0827-03lt0,ethernet24/1,6,0,439772
2026-09-04 05:01:00.0000000,4. 03lt0 PFC RX from T1,lvl02-0101-0827-03lt0,ethernet24/1,2,0,0
2026-09-04 04:56:00.0000000,4. 03lt0 PFC RX from T1,lvl02-0101-0827-03lt0,ethernet7/1,2,0,0
2026-09-04 04:56:00.0000000,4. 03lt0 PFC RX from T1,lvl02-0101-0827-03lt0,ethernet25/1,6,0,934837
2026-09-04 04:56:00.0000000,4. 03lt0 PFC RX from T1,lvl02-0101-0827-03lt0,ethernet25/1,2,0,0
2026-09-04 04:56:00.0000000,4. 03lt0 PFC RX from T1,lvl02-0101-0827-03lt0,ethernet24/1,6,0,1194799
2026-09-04 04:56:00.0000000,4. 03lt0 PFC RX from T1,lvl02-0101-0827-03lt0,ethernet24/1,2,0,0
2026-09-04 04:56:00.0000000,4. 03lt0 PFC RX from T1,lvl02-0101-0827-03lt0,ethernet23/1,6,0,1232712
2026-09-04 04:56:00.0000000,4. 03lt0 PFC RX from T1,lvl02-0101-0827-03lt0,ethernet23/1,2,0,0
2026-09-04 04:56:00.0000000,4. 03lt0 PFC RX from T1,lvl02-0101-0827-03lt0,ethernet10/1,6,0,1026946
2026-09-04 04:56:00.0000000,4. 03lt0 PFC RX from T1,lvl02-0101-0827-03lt0,ethernet10/1,2,0,0
2026-09-04 04:56:00.0000000,4. 03lt0 PFC RX from T1,lvl02-0101-0827-03lt0,ethernet9/1,6,0,868255
2026-09-04 04:56:00.0000000,4. 03lt0 PFC RX from T1,lvl02-0101-0827-03lt0,ethernet26/1,6,0,961514
2026-09-04 04:56:00.0000000,4. 03lt0 PFC RX from T1,lvl02-0101-0827-03lt0,ethernet9/1,2,0,0
2026-09-04 04:56:00.0000000,4. 03lt0 PFC RX from T1,lvl02-0101-0827-03lt0,ethernet26/1,2,0,0
2026-09-04 04:56:00.0000000,4. 03lt0 PFC RX from T1,lvl02-0101-0827-03lt0,ethernet8/1,6,0,825114
2026-09-04 04:56:00.0000000,4. 03lt0 PFC RX from T1,lvl02-0101-0827-03lt0,ethernet8/1,2,0,0
2026-09-04 04:56:00.0000000,4. 03lt0 PFC RX from T1,lvl02-0101-0827-03lt0,ethernet7/1,6,0,1052236
2026-09-04 04:51:00.0000000,4. 03lt0 PFC RX from T1,lvl02-0101-0827-03lt0,ethernet23/1,2,0,0
2026-09-04 04:51:00.0000000,4. 03lt0 PFC RX from T1,lvl02-0101-0827-03lt0,ethernet10/1,6,0,592588
2026-09-04 04:51:00.0000000,4. 03lt0 PFC RX from T1,lvl02-0101-0827-03lt0,ethernet10/1,2,0,0
2026-09-04 04:51:00.0000000,4. 03lt0 PFC RX from T1,lvl02-0101-0827-03lt0,ethernet9/1,6,0,1128188
2026-09-04 04:51:00.0000000,4. 03lt0 PFC RX from T1,lvl02-0101-0827-03lt0,ethernet9/1,2,0,0
2026-09-04 04:51:00.0000000,4. 03lt0 PFC RX from T1,lvl02-0101-0827-03lt0,ethernet8/1,6,0,782786
2026-09-04 04:51:00.0000000,4. 03lt0 PFC RX from T1,lvl02-0101-0827-03lt0,ethernet8/1,2,0,0
2026-09-04 04:51:00.0000000,4. 03lt0 PFC RX from T1,lvl02-0101-0827-03lt0,ethernet7/1,6,0,801368
2026-09-04 04:51:00.0000000,4. 03lt0 PFC RX from T1,lvl02-0101-0827-03lt0,ethernet7/1,2,0,0
2026-09-04 04:51:00.0000000,4. 03lt0 PFC RX from T1,lvl02-0101-0827-03lt0,ethernet26/1,2,0,0
2026-09-04 04:51:00.0000000,4. 03lt0 PFC RX from T1,lvl02-0101-0827-03lt0,ethernet26/1,6,0,393160
2026-09-04 04:51:00.0000000,4. 03lt0 PFC RX from T1,lvl02-0101-0827-03lt0,ethernet23/1,6,0,914109
2026-09-04 04:51:00.0000000,4. 03lt0 PFC RX from T1,lvl02-0101-0827-03lt0,ethernet24/1,6,0,573384
2026-09-04 04:51:00.0000000,4. 03lt0 PFC RX from T1,lvl02-0101-0827-03lt0,ethernet25/1,6,0,799159
2026-09-04 04:51:00.0000000,4. 03lt0 PFC RX from T1,lvl02-0101-0827-03lt0,ethernet24/1,2,0,0
2026-09-04 04:51:00.0000000,4. 03lt0 PFC RX from T1,lvl02-0101-0827-03lt0,ethernet25/1,2,0,0
2026-09-04 04:46:00.0000000,4. 03lt0 PFC RX from T1,lvl02-0101-0827-03lt0,ethernet8/1,2,0,0
2026-09-04 04:46:00.0000000,4. 03lt0 PFC RX from T1,lvl02-0101-0827-03lt0,ethernet8/1,6,0,1011346
2026-09-04 04:46:00.0000000,4. 03lt0 PFC RX from T1,lvl02-0101-0827-03lt0,ethernet9/1,2,0,0
2026-09-04 04:46:00.0000000,4. 03lt0 PFC RX from T1,lvl02-0101-0827-03lt0,ethernet9/1,6,0,582055
2026-09-04 04:46:00.0000000,4. 03lt0 PFC RX from T1,lvl02-0101-0827-03lt0,ethernet10/1,2,0,0
2026-09-04 04:46:00.0000000,4. 03lt0 PFC RX from T1,lvl02-0101-0827-03lt0,ethernet10/1,6,0,559099
2026-09-04 04:46:00.0000000,4. 03lt0 PFC RX from T1,lvl02-0101-0827-03lt0,ethernet23/1,2,0,0
2026-09-04 04:46:00.0000000,4. 03lt0 PFC RX from T1,lvl02-0101-0827-03lt0,ethernet23/1,6,0,317857
2026-09-04 04:46:00.0000000,4. 03lt0 PFC RX from T1,lvl02-0101-0827-03lt0,ethernet24/1,6,0,935268
2026-09-04 04:46:00.0000000,4. 03lt0 PFC RX from T1,lvl02-0101-0827-03lt0,ethernet25/1,2,0,0
2026-09-04 04:46:00.0000000,4. 03lt0 PFC RX from T1,lvl02-0101-0827-03lt0,ethernet25/1,6,0,696855
2026-09-04 04:46:00.0000000,4. 03lt0 PFC RX from T1,lvl02-0101-0827-03lt0,ethernet26/1,2,0,0
2026-09-04 04:46:00.0000000,4. 03lt0 PFC RX from T1,lvl02-0101-0827-03lt0,ethernet26/1,6,0,766969
2026-09-04 04:46:00.0000000,4. 03lt0 PFC RX from T1,lvl02-0101-0827-03lt0,ethernet24/1,2,0,0
2026-09-04 04:46:00.0000000,4. 03lt0 PFC RX from T1,lvl02-0101-0827-03lt0,ethernet7/1,2,0,0
2026-09-04 04:46:00.0000000,4. 03lt0 PFC RX from T1,lvl02-0101-0827-03lt0,ethernet7/1,6,0,645985
2026-09-04 04:41:00.0000000,4. 03lt0 PFC RX from T1,lvl02-0101-0827-03lt0,ethernet10/1,6,2,796548
2026-09-04 04:41:00.0000000,4. 03lt0 PFC RX from T1,lvl02-0101-0827-03lt0,ethernet23/1,2,0,0
2026-09-04 04:41:00.0000000,4. 03lt0 PFC RX from T1,lvl02-0101-0827-03lt0,ethernet7/1,6,0,651904
2026-09-04 04:41:00.0000000,4. 03lt0 PFC RX from T1,lvl02-0101-0827-03lt0,ethernet7/1,2,0,0
2026-09-04 04:41:00.0000000,4. 03lt0 PFC RX from T1,lvl02-0101-0827-03lt0,ethernet24/1,2,0,0
2026-09-04 04:41:00.0000000,4. 03lt0 PFC RX from T1,lvl02-0101-0827-03lt0,ethernet24/1,6,0,555098
2026-09-04 04:41:00.0000000,4. 03lt0 PFC RX from T1,lvl02-0101-0827-03lt0,ethernet25/1,2,0,0
2026-09-04 04:41:00.0000000,4. 03lt0 PFC RX from T1,lvl02-0101-0827-03lt0,ethernet25/1,6,0,814053
2026-09-04 04:41:00.0000000,4. 03lt0 PFC RX from T1,lvl02-0101-0827-03lt0,ethernet23/1,6,0,465127
2026-09-04 04:41:00.0000000,4. 03lt0 PFC RX from T1,lvl02-0101-0827-03lt0,ethernet8/1,2,0,0
2026-09-04 04:41:00.0000000,4. 03lt0 PFC RX from T1,lvl02-0101-0827-03lt0,ethernet8/1,6,0,241676
2026-09-04 04:41:00.0000000,4. 03lt0 PFC RX from T1,lvl02-0101-0827-03lt0,ethernet9/1,2,0,0
2026-09-04 04:41:00.0000000,4. 03lt0 PFC RX from T1,lvl02-0101-0827-03lt0,ethernet9/1,6,0,615340
2026-09-04 04:41:00.0000000,4. 03lt0 PFC RX from T1,lvl02-0101-0827-03lt0,ethernet26/1,2,0,0
2026-09-04 04:41:00.0000000,4. 03lt0 PFC RX from T1,lvl02-0101-0827-03lt0,ethernet26/1,6,0,286411
2026-09-04 04:41:00.0000000,4. 03lt0 PFC RX from T1,lvl02-0101-0827-03lt0,ethernet10/1,2,0,0
2026-09-04 04:36:00.0000000,4. 03lt0 PFC RX from T1,lvl02-0101-0827-03lt0,ethernet9/1,6,10,582229
2026-09-04 04:36:00.0000000,4. 03lt0 PFC RX from T1,lvl02-0101-0827-03lt0,ethernet7/1,2,0,0
2026-09-04 04:36:00.0000000,4. 03lt0 PFC RX from T1,lvl02-0101-0827-03lt0,ethernet25/1,6,0,771586
2026-09-04 04:36:00.0000000,4. 03lt0 PFC RX from T1,lvl02-0101-0827-03lt0,ethernet26/1,2,0,0
2026-09-04 04:36:00.0000000,4. 03lt0 PFC RX from T1,lvl02-0101-0827-03lt0,ethernet9/1,2,0,0
2026-09-04 04:36:00.0000000,4. 03lt0 PFC RX from T1,lvl02-0101-0827-03lt0,ethernet26/1,6,0,395342
2026-09-04 04:36:00.0000000,4. 03lt0 PFC RX from T1,lvl02-0101-0827-03lt0,ethernet10/1,2,0,0
2026-09-04 04:36:00.0000000,4. 03lt0 PFC RX from T1,lvl02-0101-0827-03lt0,ethernet10/1,6,0,328011
2026-09-04 04:36:00.0000000,4. 03lt0 PFC RX from T1,lvl02-0101-0827-03lt0,ethernet23/1,2,0,0
2026-09-04 04:36:00.0000000,4. 03lt0 PFC RX from T1,lvl02-0101-0827-03lt0,ethernet23/1,6,0,512534
2026-09-04 04:36:00.0000000,4. 03lt0 PFC RX from T1,lvl02-0101-0827-03lt0,ethernet24/1,2,0,0
2026-09-04 04:36:00.0000000,4. 03lt0 PFC RX from T1,lvl02-0101-0827-03lt0,ethernet24/1,6,0,766923
2026-09-04 04:36:00.0000000,4. 03lt0 PFC RX from T1,lvl02-0101-0827-03lt0,ethernet8/1,6,0,566135
2026-09-04 04:36:00.0000000,4. 03lt0 PFC RX from T1,lvl02-0101-0827-03lt0,ethernet8/1,2,0,0
2026-09-04 04:36:00.0000000,4. 03lt0 PFC RX from T1,lvl02-0101-0827-03lt0,ethernet7/1,6,0,740024
2026-09-04 04:36:00.0000000,4. 03lt0 PFC RX from T1,lvl02-0101-0827-03lt0,ethernet25/1,2,0,0
2026-09-04 04:31:00.0000000,4. 03lt0 PFC RX from T1,lvl02-0101-0827-03lt0,ethernet25/1,2,0,0
2026-09-04 04:31:00.0000000,4. 03lt0 PFC RX from T1,lvl02-0101-0827-03lt0,ethernet24/1,6,4,1119120
2026-09-04 04:31:00.0000000,4. 03lt0 PFC RX from T1,lvl02-0101-0827-03lt0,ethernet26/1,6,22,548071
2026-09-04 04:31:00.0000000,4. 03lt0 PFC RX from T1,lvl02-0101-0827-03lt0,ethernet10/1,6,14,915531
2026-09-04 04:31:00.0000000,4. 03lt0 PFC RX from T1,lvl02-0101-0827-03lt0,ethernet24/1,2,0,0
2026-09-04 04:31:00.0000000,4. 03lt0 PFC RX from T1,lvl02-0101-0827-03lt0,ethernet23/1,6,14,632936
2026-09-04 04:31:00.0000000,4. 03lt0 PFC RX from T1,lvl02-0101-0827-03lt0,ethernet23/1,2,0,0
2026-09-04 04:31:00.0000000,4. 03lt0 PFC RX from T1,lvl02-0101-0827-03lt0,ethernet8/1,6,0,790377
2026-09-04 04:31:00.0000000,4. 03lt0 PFC RX from T1,lvl02-0101-0827-03lt0,ethernet25/1,6,0,963068
2026-09-04 04:31:00.0000000,4. 03lt0 PFC RX from T1,lvl02-0101-0827-03lt0,ethernet8/1,2,0,0
2026-09-04 04:31:00.0000000,4. 03lt0 PFC RX from T1,lvl02-0101-0827-03lt0,ethernet26/1,2,0,0
2026-09-04 04:31:00.0000000,4. 03lt0 PFC RX from T1,lvl02-0101-0827-03lt0,ethernet7/1,6,0,912662
2026-09-04 04:31:00.0000000,4. 03lt0 PFC RX from T1,lvl02-0101-0827-03lt0,ethernet10/1,2,0,0
2026-09-04 04:31:00.0000000,4. 03lt0 PFC RX from T1,lvl02-0101-0827-03lt0,ethernet7/1,2,0,0
2026-09-04 04:31:00.0000000,4. 03lt0 PFC RX from T1,lvl02-0101-0827-03lt0,ethernet9/1,6,0,791651
2026-09-04 04:31:00.0000000,4. 03lt0 PFC RX from T1,lvl02-0101-0827-03lt0,ethernet9/1,2,0,0
2026-09-04 04:26:00.0000000,4. 03lt0 PFC RX from T1,lvl02-0101-0827-03lt0,ethernet7/1,2,0,0
2026-09-04 04:26:00.0000000,4. 03lt0 PFC RX from T1,lvl02-0101-0827-03lt0,ethernet8/1,2,0,0
2026-09-04 04:26:00.0000000,4. 03lt0 PFC RX from T1,lvl02-0101-0827-03lt0,ethernet24/1,2,0,0
2026-09-04 04:26:00.0000000,4. 03lt0 PFC RX from T1,lvl02-0101-0827-03lt0,ethernet24/1,6,0,694759
2026-09-04 04:26:00.0000000,4. 03lt0 PFC RX from T1,lvl02-0101-0827-03lt0,ethernet25/1,2,0,0
2026-09-04 04:26:00.0000000,4. 03lt0 PFC RX from T1,lvl02-0101-0827-03lt0,ethernet25/1,6,0,482829
2026-09-04 04:26:00.0000000,4. 03lt0 PFC RX from T1,lvl02-0101-0827-03lt0,ethernet26/1,2,0,0
2026-09-04 04:26:00.0000000,4. 03lt0 PFC RX from T1,lvl02-0101-0827-03lt0,ethernet26/1,6,0,1008214
2026-09-04 04:26:00.0000000,4. 03lt0 PFC RX from T1,lvl02-0101-0827-03lt0,ethernet7/1,6,0,643254
2026-09-04 04:26:00.0000000,4. 03lt0 PFC RX from T1,lvl02-0101-0827-03lt0,ethernet23/1,6,0,786780
2026-09-04 04:26:00.0000000,4. 03lt0 PFC RX from T1,lvl02-0101-0827-03lt0,ethernet23/1,2,0,0
2026-09-04 04:26:00.0000000,4. 03lt0 PFC RX from T1,lvl02-0101-0827-03lt0,ethernet10/1,6,0,954503
2026-09-04 04:26:00.0000000,4. 03lt0 PFC RX from T1,lvl02-0101-0827-03lt0,ethernet10/1,2,0,0
2026-09-04 04:26:00.0000000,4. 03lt0 PFC RX from T1,lvl02-0101-0827-03lt0,ethernet9/1,6,0,841333
2026-09-04 04:26:00.0000000,4. 03lt0 PFC RX from T1,lvl02-0101-0827-03lt0,ethernet9/1,2,0,0
2026-09-04 04:26:00.0000000,4. 03lt0 PFC RX from T1,lvl02-0101-0827-03lt0,ethernet8/1,6,0,783961
2026-09-04 04:21:00.0000000,4. 03lt0 PFC RX from T1,lvl02-0101-0827-03lt0,ethernet10/1,2,0,0
2026-09-04 04:21:00.0000000,4. 03lt0 PFC RX from T1,lvl02-0101-0827-03lt0,ethernet10/1,6,0,0
2026-09-04 04:21:00.0000000,4. 03lt0 PFC RX from T1,lvl02-0101-0827-03lt0,ethernet23/1,2,0,0
2026-09-04 04:21:00.0000000,4. 03lt0 PFC RX from T1,lvl02-0101-0827-03lt0,ethernet23/1,6,0,0
2026-09-04 04:21:00.0000000,4. 03lt0 PFC RX from T1,lvl02-0101-0827-03lt0,ethernet24/1,2,0,0
2026-09-04 04:21:00.0000000,4. 03lt0 PFC RX from T1,lvl02-0101-0827-03lt0,ethernet24/1,6,0,0
2026-09-04 04:21:00.0000000,4. 03lt0 PFC RX from T1,lvl02-0101-0827-03lt0,ethernet25/1,2,0,0
2026-09-04 04:21:00.0000000,4. 03lt0 PFC RX from T1,lvl02-0101-0827-03lt0,ethernet8/1,6,0,0
2026-09-04 04:21:00.0000000,4. 03lt0 PFC RX from T1,lvl02-0101-0827-03lt0,ethernet8/1,2,0,0
2026-09-04 04:21:00.0000000,4. 03lt0 PFC RX from T1,lvl02-0101-0827-03lt0,ethernet7/1,6,0,0
2026-09-04 04:21:00.0000000,4. 03lt0 PFC RX from T1,lvl02-0101-0827-03lt0,ethernet7/1,2,0,0
2026-09-04 04:21:00.0000000,4. 03lt0 PFC RX from T1,lvl02-0101-0827-03lt0,ethernet9/1,2,0,0
2026-09-04 04:21:00.0000000,4. 03lt0 PFC RX from T1,lvl02-0101-0827-03lt0,ethernet25/1,6,0,0
2026-09-04 04:21:00.0000000,4. 03lt0 PFC RX from T1,lvl02-0101-0827-03lt0,ethernet26/1,6,0,0
2026-09-04 04:21:00.0000000,4. 03lt0 PFC RX from T1,lvl02-0101-0827-03lt0,ethernet26/1,2,0,0
2026-09-04 04:21:00.0000000,4. 03lt0 PFC RX from T1,lvl02-0101-0827-03lt0,ethernet9/1,6,0,0
2026-09-04 04:16:00.0000000,4. 03lt0 PFC RX from T1,lvl02-0101-0827-03lt0,ethernet8/1,2,0,0
2026-09-04 04:16:00.0000000,4. 03lt0 PFC RX from T1,lvl02-0101-0827-03lt0,ethernet7/1,6,0,0
2026-09-04 04:16:00.0000000,4. 03lt0 PFC RX from T1,lvl02-0101-0827-03lt0,ethernet7/1,2,0,0
2026-09-04 04:16:00.0000000,4. 03lt0 PFC RX from T1,lvl02-0101-0827-03lt0,ethernet25/1,2,0,0
2026-09-04 04:16:00.0000000,4. 03lt0 PFC RX from T1,lvl02-0101-0827-03lt0,ethernet26/1,6,0,0
2026-09-04 04:16:00.0000000,4. 03lt0 PFC RX from T1,lvl02-0101-0827-03lt0,ethernet26/1,2,0,0
2026-09-04 04:16:00.0000000,4. 03lt0 PFC RX from T1,lvl02-0101-0827-03lt0,ethernet25/1,6,0,0
2026-09-04 04:16:00.0000000,4. 03lt0 PFC RX from T1,lvl02-0101-0827-03lt0,ethernet24/1,6,0,0
2026-09-04 04:16:00.0000000,4. 03lt0 PFC RX from T1,lvl02-0101-0827-03lt0,ethernet24/1,2,0,0
2026-09-04 04:16:00.0000000,4. 03lt0 PFC RX from T1,lvl02-0101-0827-03lt0,ethernet23/1,6,0,0
2026-09-04 04:16:00.0000000,4. 03lt0 PFC RX from T1,lvl02-0101-0827-03lt0,ethernet23/1,2,0,0
2026-09-04 04:16:00.0000000,4. 03lt0 PFC RX from T1,lvl02-0101-0827-03lt0,ethernet10/1,6,0,13
2026-09-04 04:16:00.0000000,4. 03lt0 PFC RX from T1,lvl02-0101-0827-03lt0,ethernet10/1,2,0,0
2026-09-04 04:16:00.0000000,4. 03lt0 PFC RX from T1,lvl02-0101-0827-03lt0,ethernet9/1,6,0,0
2026-09-04 04:16:00.0000000,4. 03lt0 PFC RX from T1,lvl02-0101-0827-03lt0,ethernet9/1,2,0,0
2026-09-04 04:16:00.0000000,4. 03lt0 PFC RX from T1,lvl02-0101-0827-03lt0,ethernet8/1,6,0,0
2026-09-04 04:11:00.0000000,4. 03lt0 PFC RX from T1,lvl02-0101-0827-03lt0,ethernet24/1,2,0,0
2026-09-04 04:11:00.0000000,4. 03lt0 PFC RX from T1,lvl02-0101-0827-03lt0,ethernet8/1,6,0,0
2026-09-04 04:11:00.0000000,4. 03lt0 PFC RX from T1,lvl02-0101-0827-03lt0,ethernet8/1,2,0,0
2026-09-04 04:11:00.0000000,4. 03lt0 PFC RX from T1,lvl02-0101-0827-03lt0,ethernet7/1,6,0,0
2026-09-04 04:11:00.0000000,4. 03lt0 PFC RX from T1,lvl02-0101-0827-03lt0,ethernet7/1,2,0,0
2026-09-04 04:11:00.0000000,4. 03lt0 PFC RX from T1,lvl02-0101-0827-03lt0,ethernet23/1,6,0,0
2026-09-04 04:11:00.0000000,4. 03lt0 PFC RX from T1,lvl02-0101-0827-03lt0,ethernet23/1,2,0,0
2026-09-04 04:11:00.0000000,4. 03lt0 PFC RX from T1,lvl02-0101-0827-03lt0,ethernet10/1,6,0,0
2026-09-04 04:11:00.0000000,4. 03lt0 PFC RX from T1,lvl02-0101-0827-03lt0,ethernet9/1,6,0,0
2026-09-04 04:11:00.0000000,4. 03lt0 PFC RX from T1,lvl02-0101-0827-03lt0,ethernet26/1,6,0,0
2026-09-04 04:11:00.0000000,4. 03lt0 PFC RX from T1,lvl02-0101-0827-03lt0,ethernet10/1,2,0,0
2026-09-04 04:11:00.0000000,4. 03lt0 PFC RX from T1,lvl02-0101-0827-03lt0,ethernet26/1,2,0,0
2026-09-04 04:11:00.0000000,4. 03lt0 PFC RX from T1,lvl02-0101-0827-03lt0,ethernet9/1,2,0,0
2026-09-04 04:11:00.0000000,4. 03lt0 PFC RX from T1,lvl02-0101-0827-03lt0,ethernet25/1,6,0,0
2026-09-04 04:11:00.0000000,4. 03lt0 PFC RX from T1,lvl02-0101-0827-03lt0,ethernet25/1,2,0,0
2026-09-04 04:11:00.0000000,4. 03lt0 PFC RX from T1,lvl02-0101-0827-03lt0,ethernet24/1,6,0,0
2026-09-04 04:06:00.0000000,4. 03lt0 PFC RX from T1,lvl02-0101-0827-03lt0,ethernet23/1,2,0,0
2026-09-04 04:06:00.0000000,4. 03lt0 PFC RX from T1,lvl02-0101-0827-03lt0,ethernet10/1,6,0,6
2026-09-04 04:06:00.0000000,4. 03lt0 PFC RX from T1,lvl02-0101-0827-03lt0,ethernet10/1,2,0,0
2026-09-04 04:06:00.0000000,4. 03lt0 PFC RX from T1,lvl02-0101-0827-03lt0,ethernet9/1,6,0,0
2026-09-04 04:06:00.0000000,4. 03lt0 PFC RX from T1,lvl02-0101-0827-03lt0,ethernet9/1,2,0,0
2026-09-04 04:06:00.0000000,4. 03lt0 PFC RX from T1,lvl02-0101-0827-03lt0,ethernet24/1,6,0,0
2026-09-04 04:06:00.0000000,4. 03lt0 PFC RX from T1,lvl02-0101-0827-03lt0,ethernet8/1,6,0,0
2026-09-04 04:06:00.0000000,4. 03lt0 PFC RX from T1,lvl02-0101-0827-03lt0,ethernet26/1,6,0,26
2026-09-04 04:06:00.0000000,4. 03lt0 PFC RX from T1,lvl02-0101-0827-03lt0,ethernet24/1,2,0,0
2026-09-04 04:06:00.0000000,4. 03lt0 PFC RX from T1,lvl02-0101-0827-03lt0,ethernet8/1,2,0,0
2026-09-04 04:06:00.0000000,4. 03lt0 PFC RX from T1,lvl02-0101-0827-03lt0,ethernet26/1,2,0,0
2026-09-04 04:06:00.0000000,4. 03lt0 PFC RX from T1,lvl02-0101-0827-03lt0,ethernet7/1,6,0,0
2026-09-04 04:06:00.0000000,4. 03lt0 PFC RX from T1,lvl02-0101-0827-03lt0,ethernet7/1,2,0,0
2026-09-04 04:06:00.0000000,4. 03lt0 PFC RX from T1,lvl02-0101-0827-03lt0,ethernet23/1,6,0,0
2026-09-04 04:06:00.0000000,4. 03lt0 PFC RX from T1,lvl02-0101-0827-03lt0,ethernet25/1,6,0,0
2026-09-04 04:06:00.0000000,4. 03lt0 PFC RX from T1,lvl02-0101-0827-03lt0,ethernet25/1,2,0,0
2026-09-04 04:01:00.0000000,4. 03lt0 PFC RX from T1,lvl02-0101-0827-03lt0,ethernet26/1,6,0,103864
2026-09-04 04:01:00.0000000,4. 03lt0 PFC RX from T1,lvl02-0101-0827-03lt0,ethernet26/1,2,0,0
2026-09-04 04:01:00.0000000,4. 03lt0 PFC RX from T1,lvl02-0101-0827-03lt0,ethernet7/1,2,0,0
2026-09-04 04:01:00.0000000,4. 03lt0 PFC RX from T1,lvl02-0101-0827-03lt0,ethernet7/1,6,0,29500
2026-09-04 04:01:00.0000000,4. 03lt0 PFC RX from T1,lvl02-0101-0827-03lt0,ethernet8/1,2,0,0
2026-09-04 04:01:00.0000000,4. 03lt0 PFC RX from T1,lvl02-0101-0827-03lt0,ethernet8/1,6,0,63743
2026-09-04 04:01:00.0000000,4. 03lt0 PFC RX from T1,lvl02-0101-0827-03lt0,ethernet9/1,2,0,0
2026-09-04 04:01:00.0000000,4. 03lt0 PFC RX from T1,lvl02-0101-0827-03lt0,ethernet10/1,2,0,0
2026-09-04 04:01:00.0000000,4. 03lt0 PFC RX from T1,lvl02-0101-0827-03lt0,ethernet9/1,6,0,20299
2026-09-04 04:01:00.0000000,4. 03lt0 PFC RX from T1,lvl02-0101-0827-03lt0,ethernet24/1,2,0,0
2026-09-04 04:01:00.0000000,4. 03lt0 PFC RX from T1,lvl02-0101-0827-03lt0,ethernet23/1,6,0,31245
2026-09-04 04:01:00.0000000,4. 03lt0 PFC RX from T1,lvl02-0101-0827-03lt0,ethernet23/1,2,0,0
2026-09-04 04:01:00.0000000,4. 03lt0 PFC RX from T1,lvl02-0101-0827-03lt0,ethernet10/1,6,0,119376
2026-09-04 04:01:00.0000000,4. 03lt0 PFC RX from T1,lvl02-0101-0827-03lt0,ethernet25/1,6,0,81454
2026-09-04 04:01:00.0000000,4. 03lt0 PFC RX from T1,lvl02-0101-0827-03lt0,ethernet25/1,2,0,0
2026-09-04 04:01:00.0000000,4. 03lt0 PFC RX from T1,lvl02-0101-0827-03lt0,ethernet24/1,6,0,48027
2026-09-04 03:56:00.0000000,4. 03lt0 PFC RX from T1,lvl02-0101-0827-03lt0,ethernet26/1,2,0,0
2026-09-04 03:56:00.0000000,4. 03lt0 PFC RX from T1,lvl02-0101-0827-03lt0,ethernet25/1,6,0,0
2026-09-04 03:56:00.0000000,4. 03lt0 PFC RX from T1,lvl02-0101-0827-03lt0,ethernet25/1,2,0,0
2026-09-04 03:56:00.0000000,4. 03lt0 PFC RX from T1,lvl02-0101-0827-03lt0,ethernet24/1,6,0,0
2026-09-04 03:56:00.0000000,4. 03lt0 PFC RX from T1,lvl02-0101-0827-03lt0,ethernet24/1,2,0,0
2026-09-04 03:56:00.0000000,4. 03lt0 PFC RX from T1,lvl02-0101-0827-03lt0,ethernet23/1,6,0,0
2026-09-04 03:56:00.0000000,4. 03lt0 PFC RX from T1,lvl02-0101-0827-03lt0,ethernet23/1,2,0,0
2026-09-04 03:56:00.0000000,4. 03lt0 PFC RX from T1,lvl02-0101-0827-03lt0,ethernet10/1,6,0,0
2026-09-04 03:56:00.0000000,4. 03lt0 PFC RX from T1,lvl02-0101-0827-03lt0,ethernet10/1,2,0,0
2026-09-04 03:56:00.0000000,4. 03lt0 PFC RX from T1,lvl02-0101-0827-03lt0,ethernet9/1,6,0,0
2026-09-04 03:56:00.0000000,4. 03lt0 PFC RX from T1,lvl02-0101-0827-03lt0,ethernet7/1,6,0,0
2026-09-04 03:56:00.0000000,4. 03lt0 PFC RX from T1,lvl02-0101-0827-03lt0,ethernet7/1,2,0,0
2026-09-04 03:56:00.0000000,4. 03lt0 PFC RX from T1,lvl02-0101-0827-03lt0,ethernet26/1,6,0,0
2026-09-04 03:56:00.0000000,4. 03lt0 PFC RX from T1,lvl02-0101-0827-03lt0,ethernet8/1,2,0,0
2026-09-04 03:56:00.0000000,4. 03lt0 PFC RX from T1,lvl02-0101-0827-03lt0,ethernet8/1,6,0,0
2026-09-04 03:56:00.0000000,4. 03lt0 PFC RX from T1,lvl02-0101-0827-03lt0,ethernet9/1,2,0,0
2026-09-04 03:51:00.0000000,4. 03lt0 PFC RX from T1,lvl02-0101-0827-03lt0,ethernet23/1,6,0,0
2026-09-04 03:51:00.0000000,4. 03lt0 PFC RX from T1,lvl02-0101-0827-03lt0,ethernet24/1,2,0,0
2026-09-04 03:51:00.0000000,4. 03lt0 PFC RX from T1,lvl02-0101-0827-03lt0,ethernet24/1,6,0,0
2026-09-04 03:51:00.0000000,4. 03lt0 PFC RX from T1,lvl02-0101-0827-03lt0,ethernet8/1,6,0,0
2026-09-04 03:51:00.0000000,4. 03lt0 PFC RX from T1,lvl02-0101-0827-03lt0,ethernet25/1,6,0,0
2026-09-04 03:51:00.0000000,4. 03lt0 PFC RX from T1,lvl02-0101-0827-03lt0,ethernet26/1,2,0,0
2026-09-04 03:51:00.0000000,4. 03lt0 PFC RX from T1,lvl02-0101-0827-03lt0,ethernet8/1,2,0,0
2026-09-04 03:51:00.0000000,4. 03lt0 PFC RX from T1,lvl02-0101-0827-03lt0,ethernet26/1,6,0,0
2026-09-04 03:51:00.0000000,4. 03lt0 PFC RX from T1,lvl02-0101-0827-03lt0,ethernet23/1,2,0,0
2026-09-04 03:51:00.0000000,4. 03lt0 PFC RX from T1,lvl02-0101-0827-03lt0,ethernet25/1,2,0,0
2026-09-04 03:51:00.0000000,4. 03lt0 PFC RX from T1,lvl02-0101-0827-03lt0,ethernet7/1,2,0,0
2026-09-04 03:51:00.0000000,4. 03lt0 PFC RX from T1,lvl02-0101-0827-03lt0,ethernet9/1,2,0,0
2026-09-04 03:51:00.0000000,4. 03lt0 PFC RX from T1,lvl02-0101-0827-03lt0,ethernet9/1,6,0,0
2026-09-04 03:51:00.0000000,4. 03lt0 PFC RX from T1,lvl02-0101-0827-03lt0,ethernet10/1,2,0,0
2026-09-04 03:51:00.0000000,4. 03lt0 PFC RX from T1,lvl02-0101-0827-03lt0,ethernet10/1,6,0,0
2026-09-04 03:51:00.0000000,4. 03lt0 PFC RX from T1,lvl02-0101-0827-03lt0,ethernet7/1,6,0,0
2026-09-04 03:46:00.0000000,4. 03lt0 PFC RX from T1,lvl02-0101-0827-03lt0,ethernet10/1,6,0,0
2026-09-04 03:46:00.0000000,4. 03lt0 PFC RX from T1,lvl02-0101-0827-03lt0,ethernet23/1,2,0,0
2026-09-04 03:46:00.0000000,4. 03lt0 PFC RX from T1,lvl02-0101-0827-03lt0,ethernet23/1,6,0,0
2026-09-04 03:46:00.0000000,4. 03lt0 PFC RX from T1,lvl02-0101-0827-03lt0,ethernet24/1,2,0,0
2026-09-04 03:46:00.0000000,4. 03lt0 PFC RX from T1,lvl02-0101-0827-03lt0,ethernet24/1,6,0,0
2026-09-04 03:46:00.0000000,4. 03lt0 PFC RX from T1,lvl02-0101-0827-03lt0,ethernet25/1,2,0,0
2026-09-04 03:46:00.0000000,4. 03lt0 PFC RX from T1,lvl02-0101-0827-03lt0,ethernet26/1,2,0,0
2026-09-04 03:46:00.0000000,4. 03lt0 PFC RX from T1,lvl02-0101-0827-03lt0,ethernet26/1,6,0,0
2026-09-04 03:46:00.0000000,4. 03lt0 PFC RX from T1,lvl02-0101-0827-03lt0,ethernet25/1,6,0,0
2026-09-04 03:46:00.0000000,4. 03lt0 PFC RX from T1,lvl02-0101-0827-03lt0,ethernet7/1,2,0,0
2026-09-04 03:46:00.0000000,4. 03lt0 PFC RX from T1,lvl02-0101-0827-03lt0,ethernet7/1,6,0,0
2026-09-04 03:46:00.0000000,4. 03lt0 PFC RX from T1,lvl02-0101-0827-03lt0,ethernet8/1,2,0,0
2026-09-04 03:46:00.0000000,4. 03lt0 PFC RX from T1,lvl02-0101-0827-03lt0,ethernet8/1,6,0,0
2026-09-04 03:46:00.0000000,4. 03lt0 PFC RX from T1,lvl02-0101-0827-03lt0,ethernet9/1,2,0,0
2026-09-04 03:46:00.0000000,4. 03lt0 PFC RX from T1,lvl02-0101-0827-03lt0,ethernet9/1,6,0,0
2026-09-04 03:46:00.0000000,4. 03lt0 PFC RX from T1,lvl02-0101-0827-03lt0,ethernet10/1,2,0,0
2026-09-04 03:41:00.0000000,4. 03lt0 PFC RX from T1,lvl02-0101-0827-03lt0,ethernet7/1,6,0,0
2026-09-04 03:41:00.0000000,4. 03lt0 PFC RX from T1,lvl02-0101-0827-03lt0,ethernet7/1,2,0,0
2026-09-04 03:41:00.0000000,4. 03lt0 PFC RX from T1,lvl02-0101-0827-03lt0,ethernet26/1,2,0,0
2026-09-04 03:41:00.0000000,4. 03lt0 PFC RX from T1,lvl02-0101-0827-03lt0,ethernet26/1,6,0,0
2026-09-04 03:41:00.0000000,4. 03lt0 PFC RX from T1,lvl02-0101-0827-03lt0,ethernet9/1,6,0,0
2026-09-04 03:41:00.0000000,4. 03lt0 PFC RX from T1,lvl02-0101-0827-03lt0,ethernet23/1,6,0,0
2026-09-04 03:41:00.0000000,4. 03lt0 PFC RX from T1,lvl02-0101-0827-03lt0,ethernet23/1,2,0,0
2026-09-04 03:41:00.0000000,4. 03lt0 PFC RX from T1,lvl02-0101-0827-03lt0,ethernet10/1,6,0,0
2026-09-04 03:41:00.0000000,4. 03lt0 PFC RX from T1,lvl02-0101-0827-03lt0,ethernet10/1,2,0,0
2026-09-04 03:41:00.0000000,4. 03lt0 PFC RX from T1,lvl02-0101-0827-03lt0,ethernet25/1,6,0,0
2026-09-04 03:41:00.0000000,4. 03lt0 PFC RX from T1,lvl02-0101-0827-03lt0,ethernet25/1,2,0,0
2026-09-04 03:41:00.0000000,4. 03lt0 PFC RX from T1,lvl02-0101-0827-03lt0,ethernet24/1,6,0,0
2026-09-04 03:41:00.0000000,4. 03lt0 PFC RX from T1,lvl02-0101-0827-03lt0,ethernet24/1,2,0,0
2026-09-04 03:41:00.0000000,4. 03lt0 PFC RX from T1,lvl02-0101-0827-03lt0,ethernet9/1,2,0,0
2026-09-04 03:41:00.0000000,4. 03lt0 PFC RX from T1,lvl02-0101-0827-03lt0,ethernet8/1,6,0,0
2026-09-04 03:41:00.0000000,4. 03lt0 PFC RX from T1,lvl02-0101-0827-03lt0,ethernet8/1,2,0,0
2026-09-04 03:36:00.0000000,4. 03lt0 PFC RX from T1,lvl02-0101-0827-03lt0,ethernet26/1,2,0,0
2026-09-04 03:36:00.0000000,4. 03lt0 PFC RX from T1,lvl02-0101-0827-03lt0,ethernet7/1,2,0,0
2026-09-04 03:36:00.0000000,4. 03lt0 PFC RX from T1,lvl02-0101-0827-03lt0,ethernet9/1,6,0,0
2026-09-04 03:36:00.0000000,4. 03lt0 PFC RX from T1,lvl02-0101-0827-03lt0,ethernet10/1,2,0,0
2026-09-04 03:36:00.0000000,4. 03lt0 PFC RX from T1,lvl02-0101-0827-03lt0,ethernet10/1,6,0,7
2026-09-04 03:36:00.0000000,4. 03lt0 PFC RX from T1,lvl02-0101-0827-03lt0,ethernet23/1,2,0,0
2026-09-04 03:36:00.0000000,4. 03lt0 PFC RX from T1,lvl02-0101-0827-03lt0,ethernet23/1,6,0,0
2026-09-04 03:36:00.0000000,4. 03lt0 PFC RX from T1,lvl02-0101-0827-03lt0,ethernet24/1,2,0,0
2026-09-04 03:36:00.0000000,4. 03lt0 PFC RX from T1,lvl02-0101-0827-03lt0,ethernet24/1,6,0,0
2026-09-04 03:36:00.0000000,4. 03lt0 PFC RX from T1,lvl02-0101-0827-03lt0,ethernet25/1,6,0,0
2026-09-04 03:36:00.0000000,4. 03lt0 PFC RX from T1,lvl02-0101-0827-03lt0,ethernet25/1,2,0,0
2026-09-04 03:36:00.0000000,4. 03lt0 PFC RX from T1,lvl02-0101-0827-03lt0,ethernet9/1,2,0,0
2026-09-04 03:36:00.0000000,4. 03lt0 PFC RX from T1,lvl02-0101-0827-03lt0,ethernet8/1,6,0,0
2026-09-04 03:36:00.0000000,4. 03lt0 PFC RX from T1,lvl02-0101-0827-03lt0,ethernet7/1,6,0,0
2026-09-04 03:36:00.0000000,4. 03lt0 PFC RX from T1,lvl02-0101-0827-03lt0,ethernet26/1,6,0,0
2026-09-04 03:36:00.0000000,4. 03lt0 PFC RX from T1,lvl02-0101-0827-03lt0,ethernet8/1,2,0,0
2026-09-04 03:31:00.0000000,4. 03lt0 PFC RX from T1,lvl02-0101-0827-03lt0,ethernet9/1,2,0,0
2026-09-04 03:31:00.0000000,4. 03lt0 PFC RX from T1,lvl02-0101-0827-03lt0,ethernet8/1,2,0,0
2026-09-04 03:31:00.0000000,4. 03lt0 PFC RX from T1,lvl02-0101-0827-03lt0,ethernet7/1,6,0,0
2026-09-04 03:31:00.0000000,4. 03lt0 PFC RX from T1,lvl02-0101-0827-03lt0,ethernet7/1,2,0,0
2026-09-04 03:31:00.0000000,4. 03lt0 PFC RX from T1,lvl02-0101-0827-03lt0,ethernet24/1,2,0,0
2026-09-04 03:31:00.0000000,4. 03lt0 PFC RX from T1,lvl02-0101-0827-03lt0,ethernet23/1,2,0,0
2026-09-04 03:31:00.0000000,4. 03lt0 PFC RX from T1,lvl02-0101-0827-03lt0,ethernet10/1,6,0,0
2026-09-04 03:31:00.0000000,4. 03lt0 PFC RX from T1,lvl02-0101-0827-03lt0,ethernet9/1,6,0,0
2026-09-04 03:31:00.0000000,4. 03lt0 PFC RX from T1,lvl02-0101-0827-03lt0,ethernet23/1,6,0,0
2026-09-04 03:31:00.0000000,4. 03lt0 PFC RX from T1,lvl02-0101-0827-03lt0,ethernet10/1,2,0,0
2026-09-04 03:31:00.0000000,4. 03lt0 PFC RX from T1,lvl02-0101-0827-03lt0,ethernet26/1,6,0,0
2026-09-04 03:31:00.0000000,4. 03lt0 PFC RX from T1,lvl02-0101-0827-03lt0,ethernet8/1,6,0,0
2026-09-04 03:31:00.0000000,4. 03lt0 PFC RX from T1,lvl02-0101-0827-03lt0,ethernet26/1,2,0,0
2026-09-04 03:31:00.0000000,4. 03lt0 PFC RX from T1,lvl02-0101-0827-03lt0,ethernet25/1,6,0,0
2026-09-04 03:31:00.0000000,4. 03lt0 PFC RX from T1,lvl02-0101-0827-03lt0,ethernet25/1,2,0,0
2026-09-04 03:31:00.0000000,4. 03lt0 PFC RX from T1,lvl02-0101-0827-03lt0,ethernet24/1,6,0,0
2026-09-04 03:26:00.0000000,4. 03lt0 PFC RX from T1,lvl02-0101-0827-03lt0,ethernet8/1,2,0,0
2026-09-04 03:26:00.0000000,4. 03lt0 PFC RX from T1,lvl02-0101-0827-03lt0,ethernet7/1,6,0,0
2026-09-04 03:26:00.0000000,4. 03lt0 PFC RX from T1,lvl02-0101-0827-03lt0,ethernet24/1,2,0,0
2026-09-04 03:26:00.0000000,4. 03lt0 PFC RX from T1,lvl02-0101-0827-03lt0,ethernet26/1,6,0,4
2026-09-04 03:26:00.0000000,4. 03lt0 PFC RX from T1,lvl02-0101-0827-03lt0,ethernet23/1,6,0,0
2026-09-04 03:26:00.0000000,4. 03lt0 PFC RX from T1,lvl02-0101-0827-03lt0,ethernet26/1,2,0,0
2026-09-04 03:26:00.0000000,4. 03lt0 PFC RX from T1,lvl02-0101-0827-03lt0,ethernet25/1,6,0,0
2026-09-04 03:26:00.0000000,4. 03lt0 PFC RX from T1,lvl02-0101-0827-03lt0,ethernet25/1,2,0,0
2026-09-04 03:26:00.0000000,4. 03lt0 PFC RX from T1,lvl02-0101-0827-03lt0,ethernet23/1,2,0,0
2026-09-04 03:26:00.0000000,4. 03lt0 PFC RX from T1,lvl02-0101-0827-03lt0,ethernet24/1,6,0,0
2026-09-04 03:26:00.0000000,4. 03lt0 PFC RX from T1,lvl02-0101-0827-03lt0,ethernet10/1,6,0,0
2026-09-04 03:26:00.0000000,4. 03lt0 PFC RX from T1,lvl02-0101-0827-03lt0,ethernet7/1,2,0,0
2026-09-04 03:26:00.0000000,4. 03lt0 PFC RX from T1,lvl02-0101-0827-03lt0,ethernet10/1,2,0,0
2026-09-04 03:26:00.0000000,4. 03lt0 PFC RX from T1,lvl02-0101-0827-03lt0,ethernet9/1,6,0,0
2026-09-04 03:26:00.0000000,4. 03lt0 PFC RX from T1,lvl02-0101-0827-03lt0,ethernet9/1,2,0,0
2026-09-04 03:26:00.0000000,4. 03lt0 PFC RX from T1,lvl02-0101-0827-03lt0,ethernet8/1,6,0,0
2026-09-04 03:21:00.0000000,4. 03lt0 PFC RX from T1,lvl02-0101-0827-03lt0,ethernet9/1,2,0,0
2026-09-04 03:21:00.0000000,4. 03lt0 PFC RX from T1,lvl02-0101-0827-03lt0,ethernet9/1,6,0,0
2026-09-04 03:21:00.0000000,4. 03lt0 PFC RX from T1,lvl02-0101-0827-03lt0,ethernet10/1,2,0,0
2026-09-04 03:21:00.0000000,4. 03lt0 PFC RX from T1,lvl02-0101-0827-03lt0,ethernet10/1,6,0,0
2026-09-04 03:21:00.0000000,4. 03lt0 PFC RX from T1,lvl02-0101-0827-03lt0,ethernet23/1,2,0,0
2026-09-04 03:21:00.0000000,4. 03lt0 PFC RX from T1,lvl02-0101-0827-03lt0,ethernet23/1,6,0,0
2026-09-04 03:21:00.0000000,4. 03lt0 PFC RX from T1,lvl02-0101-0827-03lt0,ethernet24/1,2,0,0
2026-09-04 03:21:00.0000000,4. 03lt0 PFC RX from T1,lvl02-0101-0827-03lt0,ethernet25/1,2,0,0
2026-09-04 03:21:00.0000000,4. 03lt0 PFC RX from T1,lvl02-0101-0827-03lt0,ethernet24/1,6,0,0
2026-09-04 03:21:00.0000000,4. 03lt0 PFC RX from T1,lvl02-0101-0827-03lt0,ethernet8/1,2,0,0
2026-09-04 03:21:00.0000000,4. 03lt0 PFC RX from T1,lvl02-0101-0827-03lt0,ethernet7/1,6,0,0
2026-09-04 03:21:00.0000000,4. 03lt0 PFC RX from T1,lvl02-0101-0827-03lt0,ethernet7/1,2,0,0
2026-09-04 03:21:00.0000000,4. 03lt0 PFC RX from T1,lvl02-0101-0827-03lt0,ethernet8/1,6,0,0
2026-09-04 03:21:00.0000000,4. 03lt0 PFC RX from T1,lvl02-0101-0827-03lt0,ethernet25/1,6,0,0
2026-09-04 03:21:00.0000000,4. 03lt0 PFC RX from T1,lvl02-0101-0827-03lt0,ethernet26/1,2,0,0
2026-09-04 03:21:00.0000000,4. 03lt0 PFC RX from T1,lvl02-0101-0827-03lt0,ethernet26/1,6,0,0
2026-09-04 06:19:00.0000000,3. T1 PFC TX toward 03lt0,lvl02-0101-0827-12t1,ethernet5/1,2,0,0
2026-09-04 06:19:00.0000000,3. T1 PFC TX toward 03lt0,lvl02-0101-0827-12t1,ethernet5/1,6,0,0
2026-09-04 06:18:00.0000000,3. T1 PFC TX toward 03lt0,lvl02-0101-0827-17t1,ethernet5/1,2,0,0
2026-09-04 06:18:00.0000000,3. T1 PFC TX toward 03lt0,lvl02-0101-0827-17t1,ethernet5/1,6,0,0
2026-09-04 06:18:00.0000000,3. T1 PFC TX toward 03lt0,lvl02-0101-0827-14t1,ethernet5/1,2,0,0
2026-09-04 06:18:00.0000000,3. T1 PFC TX toward 03lt0,lvl02-0101-0827-14t1,ethernet5/1,6,0,0
2026-09-04 06:17:00.0000000,3. T1 PFC TX toward 03lt0,lvl02-0101-0827-16t1,ethernet5/1,2,0,0
2026-09-04 06:17:00.0000000,3. T1 PFC TX toward 03lt0,lvl02-0101-0827-16t1,ethernet5/1,6,0,0
2026-09-04 06:17:00.0000000,3. T1 PFC TX toward 03lt0,lvl02-0101-0827-18t1,ethernet5/1,2,0,0
2026-09-04 06:17:00.0000000,3. T1 PFC TX toward 03lt0,lvl02-0101-0827-18t1,ethernet5/1,6,0,0
2026-09-04 06:16:00.0000000,3. T1 PFC TX toward 03lt0,lvl02-0101-0827-11t1,ethernet5/1,6,0,0
2026-09-04 06:16:00.0000000,3. T1 PFC TX toward 03lt0,lvl02-0101-0827-11t1,ethernet5/1,2,0,0
2026-09-04 06:16:00.0000000,3. T1 PFC TX toward 03lt0,lvl02-0101-0827-15t1,ethernet5/1,6,0,0
2026-09-04 06:16:00.0000000,3. T1 PFC TX toward 03lt0,lvl02-0101-0827-15t1,ethernet5/1,2,0,0
2026-09-04 06:15:00.0000000,3. T1 PFC TX toward 03lt0,lvl02-0101-0827-13t1,ethernet5/1,6,0,0
2026-09-04 06:15:00.0000000,3. T1 PFC TX toward 03lt0,lvl02-0101-0827-13t1,ethernet5/1,2,0,0
2026-09-04 06:14:00.0000000,3. T1 PFC TX toward 03lt0,lvl02-0101-0827-12t1,ethernet5/1,2,0,0
2026-09-04 06:14:00.0000000,3. T1 PFC TX toward 03lt0,lvl02-0101-0827-12t1,ethernet5/1,6,0,0
2026-09-04 06:13:00.0000000,3. T1 PFC TX toward 03lt0,lvl02-0101-0827-17t1,ethernet5/1,2,0,0
2026-09-04 06:13:00.0000000,3. T1 PFC TX toward 03lt0,lvl02-0101-0827-17t1,ethernet5/1,6,0,0
2026-09-04 06:13:00.0000000,3. T1 PFC TX toward 03lt0,lvl02-0101-0827-14t1,ethernet5/1,6,0,0
2026-09-04 06:13:00.0000000,3. T1 PFC TX toward 03lt0,lvl02-0101-0827-14t1,ethernet5/1,2,0,0
2026-09-04 06:12:00.0000000,3. T1 PFC TX toward 03lt0,lvl02-0101-0827-16t1,ethernet5/1,6,0,0
2026-09-04 06:12:00.0000000,3. T1 PFC TX toward 03lt0,lvl02-0101-0827-16t1,ethernet5/1,2,0,0
2026-09-04 06:11:00.0000000,3. T1 PFC TX toward 03lt0,lvl02-0101-0827-11t1,ethernet5/1,2,0,0
2026-09-04 06:11:00.0000000,3. T1 PFC TX toward 03lt0,lvl02-0101-0827-15t1,ethernet5/1,2,0,0
2026-09-04 06:11:00.0000000,3. T1 PFC TX toward 03lt0,lvl02-0101-0827-15t1,ethernet5/1,6,0,0
2026-09-04 06:11:00.0000000,3. T1 PFC TX toward 03lt0,lvl02-0101-0827-18t1,ethernet5/1,6,0,0
2026-09-04 06:11:00.0000000,3. T1 PFC TX toward 03lt0,lvl02-0101-0827-18t1,ethernet5/1,2,0,0
2026-09-04 06:11:00.0000000,3. T1 PFC TX toward 03lt0,lvl02-0101-0827-11t1,ethernet5/1,6,0,0
2026-09-04 06:10:00.0000000,3. T1 PFC TX toward 03lt0,lvl02-0101-0827-13t1,ethernet5/1,2,0,0
2026-09-04 06:10:00.0000000,3. T1 PFC TX toward 03lt0,lvl02-0101-0827-13t1,ethernet5/1,6,0,0
2026-09-04 06:09:00.0000000,3. T1 PFC TX toward 03lt0,lvl02-0101-0827-12t1,ethernet5/1,2,0,0
2026-09-04 06:09:00.0000000,3. T1 PFC TX toward 03lt0,lvl02-0101-0827-12t1,ethernet5/1,6,0,0
2026-09-04 06:08:00.0000000,3. T1 PFC TX toward 03lt0,lvl02-0101-0827-17t1,ethernet5/1,6,0,0
2026-09-04 06:08:00.0000000,3. T1 PFC TX toward 03lt0,lvl02-0101-0827-14t1,ethernet5/1,2,0,0
2026-09-04 06:08:00.0000000,3. T1 PFC TX toward 03lt0,lvl02-0101-0827-17t1,ethernet5/1,2,0,0
2026-09-04 06:08:00.0000000,3. T1 PFC TX toward 03lt0,lvl02-0101-0827-14t1,ethernet5/1,6,0,0
2026-09-04 06:07:00.0000000,3. T1 PFC TX toward 03lt0,lvl02-0101-0827-15t1,ethernet5/1,2,0,0
2026-09-04 06:07:00.0000000,3. T1 PFC TX toward 03lt0,lvl02-0101-0827-15t1,ethernet5/1,6,0,0
2026-09-04 06:07:00.0000000,3. T1 PFC TX toward 03lt0,lvl02-0101-0827-16t1,ethernet5/1,6,0,0
2026-09-04 06:07:00.0000000,3. T1 PFC TX toward 03lt0,lvl02-0101-0827-16t1,ethernet5/1,2,0,0
2026-09-04 06:06:00.0000000,3. T1 PFC TX toward 03lt0,lvl02-0101-0827-11t1,ethernet5/1,6,0,0
2026-09-04 06:06:00.0000000,3. T1 PFC TX toward 03lt0,lvl02-0101-0827-11t1,ethernet5/1,2,0,0
2026-09-04 06:06:00.0000000,3. T1 PFC TX toward 03lt0,lvl02-0101-0827-18t1,ethernet5/1,6,0,0
2026-09-04 06:06:00.0000000,3. T1 PFC TX toward 03lt0,lvl02-0101-0827-18t1,ethernet5/1,2,0,0
2026-09-04 06:05:00.0000000,3. T1 PFC TX toward 03lt0,lvl02-0101-0827-13t1,ethernet5/1,6,0,0
2026-09-04 06:05:00.0000000,3. T1 PFC TX toward 03lt0,lvl02-0101-0827-13t1,ethernet5/1,2,0,0
2026-09-04 06:04:00.0000000,3. T1 PFC TX toward 03lt0,lvl02-0101-0827-12t1,ethernet5/1,6,0,0
2026-09-04 06:04:00.0000000,3. T1 PFC TX toward 03lt0,lvl02-0101-0827-12t1,ethernet5/1,2,0,0
2026-09-04 06:03:00.0000000,3. T1 PFC TX toward 03lt0,lvl02-0101-0827-17t1,ethernet5/1,2,0,0
2026-09-04 06:03:00.0000000,3. T1 PFC TX toward 03lt0,lvl02-0101-0827-14t1,ethernet5/1,2,0,0
2026-09-04 06:03:00.0000000,3. T1 PFC TX toward 03lt0,lvl02-0101-0827-14t1,ethernet5/1,6,0,0
2026-09-04 06:03:00.0000000,3. T1 PFC TX toward 03lt0,lvl02-0101-0827-17t1,ethernet5/1,6,0,0
2026-09-04 06:02:00.0000000,3. T1 PFC TX toward 03lt0,lvl02-0101-0827-16t1,ethernet5/1,6,0,0
2026-09-04 06:02:00.0000000,3. T1 PFC TX toward 03lt0,lvl02-0101-0827-16t1,ethernet5/1,2,0,0
2026-09-04 06:02:00.0000000,3. T1 PFC TX toward 03lt0,lvl02-0101-0827-15t1,ethernet5/1,6,0,0
2026-09-04 06:02:00.0000000,3. T1 PFC TX toward 03lt0,lvl02-0101-0827-15t1,ethernet5/1,2,0,0
2026-09-04 06:01:00.0000000,3. T1 PFC TX toward 03lt0,lvl02-0101-0827-18t1,ethernet5/1,2,0,0
2026-09-04 06:01:00.0000000,3. T1 PFC TX toward 03lt0,lvl02-0101-0827-11t1,ethernet5/1,6,0,0
2026-09-04 06:01:00.0000000,3. T1 PFC TX toward 03lt0,lvl02-0101-0827-11t1,ethernet5/1,2,0,0
2026-09-04 06:01:00.0000000,3. T1 PFC TX toward 03lt0,lvl02-0101-0827-18t1,ethernet5/1,6,0,0
2026-09-04 06:00:00.0000000,3. T1 PFC TX toward 03lt0,lvl02-0101-0827-13t1,ethernet5/1,2,0,0
2026-09-04 06:00:00.0000000,3. T1 PFC TX toward 03lt0,lvl02-0101-0827-13t1,ethernet5/1,6,0,0
2026-09-04 05:59:00.0000000,3. T1 PFC TX toward 03lt0,lvl02-0101-0827-12t1,ethernet5/1,6,0,0
2026-09-04 05:59:00.0000000,3. T1 PFC TX toward 03lt0,lvl02-0101-0827-12t1,ethernet5/1,2,0,0
2026-09-04 05:58:00.0000000,3. T1 PFC TX toward 03lt0,lvl02-0101-0827-14t1,ethernet5/1,2,0,0
2026-09-04 05:58:00.0000000,3. T1 PFC TX toward 03lt0,lvl02-0101-0827-14t1,ethernet5/1,6,0,0
2026-09-04 05:58:00.0000000,3. T1 PFC TX toward 03lt0,lvl02-0101-0827-17t1,ethernet5/1,6,0,0
2026-09-04 05:58:00.0000000,3. T1 PFC TX toward 03lt0,lvl02-0101-0827-17t1,ethernet5/1,2,0,0
2026-09-04 05:57:00.0000000,3. T1 PFC TX toward 03lt0,lvl02-0101-0827-15t1,ethernet5/1,2,0,0
2026-09-04 05:57:00.0000000,3. T1 PFC TX toward 03lt0,lvl02-0101-0827-16t1,ethernet5/1,2,0,0
2026-09-04 05:57:00.0000000,3. T1 PFC TX toward 03lt0,lvl02-0101-0827-16t1,ethernet5/1,6,0,0
2026-09-04 05:57:00.0000000,3. T1 PFC TX toward 03lt0,lvl02-0101-0827-15t1,ethernet5/1,6,0,0
2026-09-04 05:56:00.0000000,3. T1 PFC TX toward 03lt0,lvl02-0101-0827-18t1,ethernet5/1,2,0,0
2026-09-04 05:56:00.0000000,3. T1 PFC TX toward 03lt0,lvl02-0101-0827-18t1,ethernet5/1,6,0,0
2026-09-04 05:56:00.0000000,3. T1 PFC TX toward 03lt0,lvl02-0101-0827-11t1,ethernet5/1,6,0,0
2026-09-04 05:56:00.0000000,3. T1 PFC TX toward 03lt0,lvl02-0101-0827-11t1,ethernet5/1,2,0,0
2026-09-04 05:55:00.0000000,3. T1 PFC TX toward 03lt0,lvl02-0101-0827-13t1,ethernet5/1,2,0,0
2026-09-04 05:55:00.0000000,3. T1 PFC TX toward 03lt0,lvl02-0101-0827-13t1,ethernet5/1,6,0,0
2026-09-04 05:54:00.0000000,3. T1 PFC TX toward 03lt0,lvl02-0101-0827-12t1,ethernet5/1,2,0,0
2026-09-04 05:54:00.0000000,3. T1 PFC TX toward 03lt0,lvl02-0101-0827-12t1,ethernet5/1,6,0,0
2026-09-04 05:53:00.0000000,3. T1 PFC TX toward 03lt0,lvl02-0101-0827-14t1,ethernet5/1,2,0,0
2026-09-04 05:53:00.0000000,3. T1 PFC TX toward 03lt0,lvl02-0101-0827-17t1,ethernet5/1,6,0,0
2026-09-04 05:53:00.0000000,3. T1 PFC TX toward 03lt0,lvl02-0101-0827-17t1,ethernet5/1,2,0,0
2026-09-04 05:53:00.0000000,3. T1 PFC TX toward 03lt0,lvl02-0101-0827-14t1,ethernet5/1,6,0,0
2026-09-04 05:52:00.0000000,3. T1 PFC TX toward 03lt0,lvl02-0101-0827-15t1,ethernet5/1,6,0,0
2026-09-04 05:52:00.0000000,3. T1 PFC TX toward 03lt0,lvl02-0101-0827-16t1,ethernet5/1,2,0,0
2026-09-04 05:52:00.0000000,3. T1 PFC TX toward 03lt0,lvl02-0101-0827-16t1,ethernet5/1,6,0,0
2026-09-04 05:52:00.0000000,3. T1 PFC TX toward 03lt0,lvl02-0101-0827-15t1,ethernet5/1,2,0,0
2026-09-04 05:51:00.0000000,3. T1 PFC TX toward 03lt0,lvl02-0101-0827-18t1,ethernet5/1,2,0,0
2026-09-04 05:51:00.0000000,3. T1 PFC TX toward 03lt0,lvl02-0101-0827-18t1,ethernet5/1,6,0,0
2026-09-04 05:51:00.0000000,3. T1 PFC TX toward 03lt0,lvl02-0101-0827-11t1,ethernet5/1,2,0,0
2026-09-04 05:51:00.0000000,3. T1 PFC TX toward 03lt0,lvl02-0101-0827-11t1,ethernet5/1,6,0,0
2026-09-04 05:50:00.0000000,3. T1 PFC TX toward 03lt0,lvl02-0101-0827-13t1,ethernet5/1,2,0,0
2026-09-04 05:50:00.0000000,3. T1 PFC TX toward 03lt0,lvl02-0101-0827-13t1,ethernet5/1,6,0,0
2026-09-04 05:49:00.0000000,3. T1 PFC TX toward 03lt0,lvl02-0101-0827-12t1,ethernet5/1,2,0,0
2026-09-04 05:49:00.0000000,3. T1 PFC TX toward 03lt0,lvl02-0101-0827-12t1,ethernet5/1,6,0,0
2026-09-04 05:48:00.0000000,3. T1 PFC TX toward 03lt0,lvl02-0101-0827-17t1,ethernet5/1,2,0,0
2026-09-04 05:48:00.0000000,3. T1 PFC TX toward 03lt0,lvl02-0101-0827-17t1,ethernet5/1,6,0,594
2026-09-04 05:48:00.0000000,3. T1 PFC TX toward 03lt0,lvl02-0101-0827-14t1,ethernet5/1,6,0,768
2026-09-04 05:48:00.0000000,3. T1 PFC TX toward 03lt0,lvl02-0101-0827-14t1,ethernet5/1,2,0,0
2026-09-04 05:47:00.0000000,3. T1 PFC TX toward 03lt0,lvl02-0101-0827-15t1,ethernet5/1,2,0,0
2026-09-04 05:47:00.0000000,3. T1 PFC TX toward 03lt0,lvl02-0101-0827-15t1,ethernet5/1,6,0,1573
2026-09-04 05:47:00.0000000,3. T1 PFC TX toward 03lt0,lvl02-0101-0827-16t1,ethernet5/1,2,0,0
2026-09-04 05:47:00.0000000,3. T1 PFC TX toward 03lt0,lvl02-0101-0827-16t1,ethernet5/1,6,0,1828
2026-09-04 05:46:00.0000000,3. T1 PFC TX toward 03lt0,lvl02-0101-0827-11t1,ethernet5/1,6,0,1914
2026-09-04 05:46:00.0000000,3. T1 PFC TX toward 03lt0,lvl02-0101-0827-11t1,ethernet5/1,2,0,0
2026-09-04 05:46:00.0000000,3. T1 PFC TX toward 03lt0,lvl02-0101-0827-18t1,ethernet5/1,2,0,0
2026-09-04 05:46:00.0000000,3. T1 PFC TX toward 03lt0,lvl02-0101-0827-18t1,ethernet5/1,6,0,1248
2026-09-04 05:45:00.0000000,3. T1 PFC TX toward 03lt0,lvl02-0101-0827-13t1,ethernet5/1,2,0,0
2026-09-04 05:45:00.0000000,3. T1 PFC TX toward 03lt0,lvl02-0101-0827-13t1,ethernet5/1,6,0,2450
2026-09-04 05:44:00.0000000,3. T1 PFC TX toward 03lt0,lvl02-0101-0827-12t1,ethernet5/1,2,0,0
2026-09-04 05:44:00.0000000,3. T1 PFC TX toward 03lt0,lvl02-0101-0827-12t1,ethernet5/1,6,0,6571
2026-09-04 05:43:00.0000000,3. T1 PFC TX toward 03lt0,lvl02-0101-0827-17t1,ethernet5/1,2,0,0
2026-09-04 05:43:00.0000000,3. T1 PFC TX toward 03lt0,lvl02-0101-0827-17t1,ethernet5/1,6,0,3829
2026-09-04 05:43:00.0000000,3. T1 PFC TX toward 03lt0,lvl02-0101-0827-14t1,ethernet5/1,2,0,0
2026-09-04 05:43:00.0000000,3. T1 PFC TX toward 03lt0,lvl02-0101-0827-14t1,ethernet5/1,6,0,6784
2026-09-04 05:42:00.0000000,3. T1 PFC TX toward 03lt0,lvl02-0101-0827-16t1,ethernet5/1,2,0,0
2026-09-04 05:42:00.0000000,3. T1 PFC TX toward 03lt0,lvl02-0101-0827-16t1,ethernet5/1,6,0,6016
2026-09-04 05:42:00.0000000,3. T1 PFC TX toward 03lt0,lvl02-0101-0827-18t1,ethernet5/1,6,0,10605
2026-09-04 05:42:00.0000000,3. T1 PFC TX toward 03lt0,lvl02-0101-0827-18t1,ethernet5/1,2,0,0
2026-09-04 05:42:00.0000000,3. T1 PFC TX toward 03lt0,lvl02-0101-0827-15t1,ethernet5/1,6,0,8285
2026-09-04 05:42:00.0000000,3. T1 PFC TX toward 03lt0,lvl02-0101-0827-15t1,ethernet5/1,2,0,0
2026-09-04 05:41:00.0000000,3. T1 PFC TX toward 03lt0,lvl02-0101-0827-11t1,ethernet5/1,2,0,0
2026-09-04 05:41:00.0000000,3. T1 PFC TX toward 03lt0,lvl02-0101-0827-11t1,ethernet5/1,6,0,9494
2026-09-04 05:40:00.0000000,3. T1 PFC TX toward 03lt0,lvl02-0101-0827-13t1,ethernet5/1,6,0,9256
2026-09-04 05:40:00.0000000,3. T1 PFC TX toward 03lt0,lvl02-0101-0827-13t1,ethernet5/1,2,0,0
2026-09-04 05:39:00.0000000,3. T1 PFC TX toward 03lt0,lvl02-0101-0827-12t1,ethernet5/1,6,0,4659
2026-09-04 05:39:00.0000000,3. T1 PFC TX toward 03lt0,lvl02-0101-0827-12t1,ethernet5/1,2,0,0
2026-09-04 05:38:00.0000000,3. T1 PFC TX toward 03lt0,lvl02-0101-0827-17t1,ethernet5/1,2,0,0
2026-09-04 05:38:00.0000000,3. T1 PFC TX toward 03lt0,lvl02-0101-0827-17t1,ethernet5/1,6,0,1742
2026-09-04 05:38:00.0000000,3. T1 PFC TX toward 03lt0,lvl02-0101-0827-14t1,ethernet5/1,6,0,4896
2026-09-04 05:38:00.0000000,3. T1 PFC TX toward 03lt0,lvl02-0101-0827-14t1,ethernet5/1,2,0,0
2026-09-04 05:37:00.0000000,3. T1 PFC TX toward 03lt0,lvl02-0101-0827-16t1,ethernet5/1,2,0,0
2026-09-04 05:37:00.0000000,3. T1 PFC TX toward 03lt0,lvl02-0101-0827-16t1,ethernet5/1,6,0,2656
2026-09-04 05:37:00.0000000,3. T1 PFC TX toward 03lt0,lvl02-0101-0827-18t1,ethernet5/1,6,0,3031
2026-09-04 05:37:00.0000000,3. T1 PFC TX toward 03lt0,lvl02-0101-0827-18t1,ethernet5/1,2,0,0
2026-09-04 05:37:00.0000000,3. T1 PFC TX toward 03lt0,lvl02-0101-0827-15t1,ethernet5/1,6,0,3413
2026-09-04 05:37:00.0000000,3. T1 PFC TX toward 03lt0,lvl02-0101-0827-15t1,ethernet5/1,2,0,0
2026-09-04 05:36:00.0000000,3. T1 PFC TX toward 03lt0,lvl02-0101-0827-11t1,ethernet5/1,6,0,2678
2026-09-04 05:36:00.0000000,3. T1 PFC TX toward 03lt0,lvl02-0101-0827-11t1,ethernet5/1,2,0,0
2026-09-04 05:35:00.0000000,3. T1 PFC TX toward 03lt0,lvl02-0101-0827-13t1,ethernet5/1,2,0,0
2026-09-04 05:35:00.0000000,3. T1 PFC TX toward 03lt0,lvl02-0101-0827-13t1,ethernet5/1,6,0,1700
2026-09-04 05:34:00.0000000,3. T1 PFC TX toward 03lt0,lvl02-0101-0827-12t1,ethernet5/1,2,0,0
2026-09-04 05:34:00.0000000,3. T1 PFC TX toward 03lt0,lvl02-0101-0827-12t1,ethernet5/1,6,57,1126
2026-09-04 05:33:00.0000000,3. T1 PFC TX toward 03lt0,lvl02-0101-0827-14t1,ethernet5/1,6,5,0
2026-09-04 05:33:00.0000000,3. T1 PFC TX toward 03lt0,lvl02-0101-0827-17t1,ethernet5/1,6,0,94
2026-09-04 05:33:00.0000000,3. T1 PFC TX toward 03lt0,lvl02-0101-0827-17t1,ethernet5/1,2,0,0
2026-09-04 05:33:00.0000000,3. T1 PFC TX toward 03lt0,lvl02-0101-0827-14t1,ethernet5/1,2,0,0
2026-09-04 05:32:00.0000000,3. T1 PFC TX toward 03lt0,lvl02-0101-0827-18t1,ethernet5/1,6,0,0
2026-09-04 05:32:00.0000000,3. T1 PFC TX toward 03lt0,lvl02-0101-0827-16t1,ethernet5/1,2,0,0
2026-09-04 05:32:00.0000000,3. T1 PFC TX toward 03lt0,lvl02-0101-0827-16t1,ethernet5/1,6,0,0
2026-09-04 05:32:00.0000000,3. T1 PFC TX toward 03lt0,lvl02-0101-0827-18t1,ethernet5/1,2,0,0
2026-09-04 05:32:00.0000000,3. T1 PFC TX toward 03lt0,lvl02-0101-0827-15t1,ethernet5/1,6,49,0
2026-09-04 05:32:00.0000000,3. T1 PFC TX toward 03lt0,lvl02-0101-0827-15t1,ethernet5/1,2,0,0
2026-09-04 05:31:00.0000000,3. T1 PFC TX toward 03lt0,lvl02-0101-0827-11t1,ethernet5/1,2,0,0
2026-09-04 05:31:00.0000000,3. T1 PFC TX toward 03lt0,lvl02-0101-0827-11t1,ethernet5/1,6,0,0
2026-09-04 05:30:00.0000000,3. T1 PFC TX toward 03lt0,lvl02-0101-0827-13t1,ethernet5/1,2,0,0
2026-09-04 05:30:00.0000000,3. T1 PFC TX toward 03lt0,lvl02-0101-0827-13t1,ethernet5/1,6,0,0
2026-09-04 05:29:00.0000000,3. T1 PFC TX toward 03lt0,lvl02-0101-0827-12t1,ethernet5/1,6,0,0
2026-09-04 05:29:00.0000000,3. T1 PFC TX toward 03lt0,lvl02-0101-0827-12t1,ethernet5/1,2,0,0
2026-09-04 05:28:00.0000000,3. T1 PFC TX toward 03lt0,lvl02-0101-0827-14t1,ethernet5/1,6,38,0
2026-09-04 05:28:00.0000000,3. T1 PFC TX toward 03lt0,lvl02-0101-0827-17t1,ethernet5/1,2,0,0
2026-09-04 05:28:00.0000000,3. T1 PFC TX toward 03lt0,lvl02-0101-0827-17t1,ethernet5/1,6,0,0
2026-09-04 05:28:00.0000000,3. T1 PFC TX toward 03lt0,lvl02-0101-0827-14t1,ethernet5/1,2,0,0
2026-09-04 05:27:00.0000000,3. T1 PFC TX toward 03lt0,lvl02-0101-0827-18t1,ethernet5/1,2,0,0
2026-09-04 05:27:00.0000000,3. T1 PFC TX toward 03lt0,lvl02-0101-0827-18t1,ethernet5/1,6,0,0
2026-09-04 05:27:00.0000000,3. T1 PFC TX toward 03lt0,lvl02-0101-0827-16t1,ethernet5/1,2,0,0
2026-09-04 05:27:00.0000000,3. T1 PFC TX toward 03lt0,lvl02-0101-0827-16t1,ethernet5/1,6,0,0
2026-09-04 05:27:00.0000000,3. T1 PFC TX toward 03lt0,lvl02-0101-0827-15t1,ethernet5/1,2,0,0
2026-09-04 05:27:00.0000000,3. T1 PFC TX toward 03lt0,lvl02-0101-0827-15t1,ethernet5/1,6,0,0
2026-09-04 05:26:00.0000000,3. T1 PFC TX toward 03lt0,lvl02-0101-0827-11t1,ethernet5/1,6,0,0
2026-09-04 05:26:00.0000000,3. T1 PFC TX toward 03lt0,lvl02-0101-0827-11t1,ethernet5/1,2,0,0
2026-09-04 05:25:00.0000000,3. T1 PFC TX toward 03lt0,lvl02-0101-0827-13t1,ethernet5/1,2,0,0
2026-09-04 05:25:00.0000000,3. T1 PFC TX toward 03lt0,lvl02-0101-0827-13t1,ethernet5/1,6,0,0
2026-09-04 05:24:00.0000000,3. T1 PFC TX toward 03lt0,lvl02-0101-0827-12t1,ethernet5/1,2,0,0
2026-09-04 05:24:00.0000000,3. T1 PFC TX toward 03lt0,lvl02-0101-0827-12t1,ethernet5/1,6,0,0
2026-09-04 05:23:00.0000000,3. T1 PFC TX toward 03lt0,lvl02-0101-0827-14t1,ethernet5/1,6,77,0
2026-09-04 05:23:00.0000000,3. T1 PFC TX toward 03lt0,lvl02-0101-0827-14t1,ethernet5/1,2,0,0
2026-09-04 05:23:00.0000000,3. T1 PFC TX toward 03lt0,lvl02-0101-0827-17t1,ethernet5/1,6,0,0
2026-09-04 05:23:00.0000000,3. T1 PFC TX toward 03lt0,lvl02-0101-0827-17t1,ethernet5/1,2,0,0
2026-09-04 05:22:00.0000000,3. T1 PFC TX toward 03lt0,lvl02-0101-0827-18t1,ethernet5/1,2,0,0
2026-09-04 05:22:00.0000000,3. T1 PFC TX toward 03lt0,lvl02-0101-0827-16t1,ethernet5/1,2,0,0
2026-09-04 05:22:00.0000000,3. T1 PFC TX toward 03lt0,lvl02-0101-0827-16t1,ethernet5/1,6,0,0
2026-09-04 05:22:00.0000000,3. T1 PFC TX toward 03lt0,lvl02-0101-0827-15t1,ethernet5/1,6,0,0
2026-09-04 05:22:00.0000000,3. T1 PFC TX toward 03lt0,lvl02-0101-0827-15t1,ethernet5/1,2,0,0
2026-09-04 05:22:00.0000000,3. T1 PFC TX toward 03lt0,lvl02-0101-0827-18t1,ethernet5/1,6,0,0
2026-09-04 05:21:00.0000000,3. T1 PFC TX toward 03lt0,lvl02-0101-0827-11t1,ethernet5/1,2,0,0
2026-09-04 05:21:00.0000000,3. T1 PFC TX toward 03lt0,lvl02-0101-0827-11t1,ethernet5/1,6,0,0
2026-09-04 05:20:00.0000000,3. T1 PFC TX toward 03lt0,lvl02-0101-0827-13t1,ethernet5/1,2,0,0
2026-09-04 05:20:00.0000000,3. T1 PFC TX toward 03lt0,lvl02-0101-0827-13t1,ethernet5/1,6,20406,0
2026-09-04 05:19:00.0000000,3. T1 PFC TX toward 03lt0,lvl02-0101-0827-12t1,ethernet5/1,6,100033,0
2026-09-04 05:19:00.0000000,3. T1 PFC TX toward 03lt0,lvl02-0101-0827-12t1,ethernet5/1,2,0,0
2026-09-04 05:18:00.0000000,3. T1 PFC TX toward 03lt0,lvl02-0101-0827-14t1,ethernet5/1,6,666803,0
2026-09-04 05:18:00.0000000,3. T1 PFC TX toward 03lt0,lvl02-0101-0827-14t1,ethernet5/1,2,0,0
2026-09-04 05:18:00.0000000,3. T1 PFC TX toward 03lt0,lvl02-0101-0827-17t1,ethernet5/1,2,0,0
2026-09-04 05:18:00.0000000,3. T1 PFC TX toward 03lt0,lvl02-0101-0827-17t1,ethernet5/1,6,135382,0
2026-09-04 05:17:00.0000000,3. T1 PFC TX toward 03lt0,lvl02-0101-0827-18t1,ethernet5/1,6,582136,0
2026-09-04 05:17:00.0000000,3. T1 PFC TX toward 03lt0,lvl02-0101-0827-16t1,ethernet5/1,2,0,0
2026-09-04 05:17:00.0000000,3. T1 PFC TX toward 03lt0,lvl02-0101-0827-16t1,ethernet5/1,6,234753,0
2026-09-04 05:17:00.0000000,3. T1 PFC TX toward 03lt0,lvl02-0101-0827-18t1,ethernet5/1,2,0,0
2026-09-04 05:17:00.0000000,3. T1 PFC TX toward 03lt0,lvl02-0101-0827-15t1,ethernet5/1,2,0,0
2026-09-04 05:17:00.0000000,3. T1 PFC TX toward 03lt0,lvl02-0101-0827-15t1,ethernet5/1,6,393864,0
2026-09-04 05:16:00.0000000,3. T1 PFC TX toward 03lt0,lvl02-0101-0827-11t1,ethernet5/1,6,561872,0
2026-09-04 05:16:00.0000000,3. T1 PFC TX toward 03lt0,lvl02-0101-0827-11t1,ethernet5/1,2,0,0
2026-09-04 05:15:00.0000000,3. T1 PFC TX toward 03lt0,lvl02-0101-0827-13t1,ethernet5/1,2,0,0
2026-09-04 05:15:00.0000000,3. T1 PFC TX toward 03lt0,lvl02-0101-0827-13t1,ethernet5/1,6,304508,0
2026-09-04 05:14:00.0000000,3. T1 PFC TX toward 03lt0,lvl02-0101-0827-12t1,ethernet5/1,2,0,0
2026-09-04 05:14:00.0000000,3. T1 PFC TX toward 03lt0,lvl02-0101-0827-12t1,ethernet5/1,6,311329,0
2026-09-04 05:13:00.0000000,3. T1 PFC TX toward 03lt0,lvl02-0101-0827-14t1,ethernet5/1,2,0,0
2026-09-04 05:13:00.0000000,3. T1 PFC TX toward 03lt0,lvl02-0101-0827-14t1,ethernet5/1,6,491985,0
2026-09-04 05:13:00.0000000,3. T1 PFC TX toward 03lt0,lvl02-0101-0827-17t1,ethernet5/1,6,429091,0
2026-09-04 05:13:00.0000000,3. T1 PFC TX toward 03lt0,lvl02-0101-0827-17t1,ethernet5/1,2,0,0
2026-09-04 05:12:00.0000000,3. T1 PFC TX toward 03lt0,lvl02-0101-0827-18t1,ethernet5/1,2,0,0
2026-09-04 05:12:00.0000000,3. T1 PFC TX toward 03lt0,lvl02-0101-0827-15t1,ethernet5/1,2,0,0
2026-09-04 05:12:00.0000000,3. T1 PFC TX toward 03lt0,lvl02-0101-0827-15t1,ethernet5/1,6,587293,0
2026-09-04 05:12:00.0000000,3. T1 PFC TX toward 03lt0,lvl02-0101-0827-16t1,ethernet5/1,2,0,0
2026-09-04 05:12:00.0000000,3. T1 PFC TX toward 03lt0,lvl02-0101-0827-16t1,ethernet5/1,6,558284,0
2026-09-04 05:12:00.0000000,3. T1 PFC TX toward 03lt0,lvl02-0101-0827-18t1,ethernet5/1,6,641087,0
2026-09-04 05:11:00.0000000,3. T1 PFC TX toward 03lt0,lvl02-0101-0827-11t1,ethernet5/1,6,674093,0
2026-09-04 05:11:00.0000000,3. T1 PFC TX toward 03lt0,lvl02-0101-0827-11t1,ethernet5/1,2,0,0
2026-09-04 05:10:00.0000000,3. T1 PFC TX toward 03lt0,lvl02-0101-0827-13t1,ethernet5/1,2,0,0
2026-09-04 05:10:00.0000000,3. T1 PFC TX toward 03lt0,lvl02-0101-0827-13t1,ethernet5/1,6,785251,0
2026-09-04 05:09:00.0000000,3. T1 PFC TX toward 03lt0,lvl02-0101-0827-12t1,ethernet5/1,6,801560,0
2026-09-04 05:09:00.0000000,3. T1 PFC TX toward 03lt0,lvl02-0101-0827-12t1,ethernet5/1,2,0,0
2026-09-04 05:08:00.0000000,3. T1 PFC TX toward 03lt0,lvl02-0101-0827-17t1,ethernet5/1,2,0,0
2026-09-04 05:08:00.0000000,3. T1 PFC TX toward 03lt0,lvl02-0101-0827-14t1,ethernet5/1,6,298544,0
2026-09-04 05:08:00.0000000,3. T1 PFC TX toward 03lt0,lvl02-0101-0827-14t1,ethernet5/1,2,0,0
2026-09-04 05:08:00.0000000,3. T1 PFC TX toward 03lt0,lvl02-0101-0827-17t1,ethernet5/1,6,772802,0
2026-09-04 05:07:00.0000000,3. T1 PFC TX toward 03lt0,lvl02-0101-0827-18t1,ethernet5/1,6,695017,0
2026-09-04 05:07:00.0000000,3. T1 PFC TX toward 03lt0,lvl02-0101-0827-16t1,ethernet5/1,2,0,0
2026-09-04 05:07:00.0000000,3. T1 PFC TX toward 03lt0,lvl02-0101-0827-16t1,ethernet5/1,6,423037,0
2026-09-04 05:07:00.0000000,3. T1 PFC TX toward 03lt0,lvl02-0101-0827-15t1,ethernet5/1,6,789321,0
2026-09-04 05:07:00.0000000,3. T1 PFC TX toward 03lt0,lvl02-0101-0827-15t1,ethernet5/1,2,0,0
2026-09-04 05:07:00.0000000,3. T1 PFC TX toward 03lt0,lvl02-0101-0827-18t1,ethernet5/1,2,0,0
2026-09-04 05:06:00.0000000,3. T1 PFC TX toward 03lt0,lvl02-0101-0827-11t1,ethernet5/1,6,265129,0
2026-09-04 05:06:00.0000000,3. T1 PFC TX toward 03lt0,lvl02-0101-0827-11t1,ethernet5/1,2,0,0
2026-09-04 05:05:00.0000000,3. T1 PFC TX toward 03lt0,lvl02-0101-0827-13t1,ethernet5/1,2,0,0
2026-09-04 05:05:00.0000000,3. T1 PFC TX toward 03lt0,lvl02-0101-0827-13t1,ethernet5/1,6,729659,0
2026-09-04 05:04:00.0000000,3. T1 PFC TX toward 03lt0,lvl02-0101-0827-12t1,ethernet5/1,6,596991,0
2026-09-04 05:04:00.0000000,3. T1 PFC TX toward 03lt0,lvl02-0101-0827-12t1,ethernet5/1,2,0,0
2026-09-04 05:03:00.0000000,3. T1 PFC TX toward 03lt0,lvl02-0101-0827-17t1,ethernet5/1,2,0,0
2026-09-04 05:03:00.0000000,3. T1 PFC TX toward 03lt0,lvl02-0101-0827-17t1,ethernet5/1,6,586603,0
2026-09-04 05:03:00.0000000,3. T1 PFC TX toward 03lt0,lvl02-0101-0827-14t1,ethernet5/1,6,842470,0
2026-09-04 05:03:00.0000000,3. T1 PFC TX toward 03lt0,lvl02-0101-0827-14t1,ethernet5/1,2,0,0
2026-09-04 05:02:00.0000000,3. T1 PFC TX toward 03lt0,lvl02-0101-0827-15t1,ethernet5/1,6,707659,0
2026-09-04 05:02:00.0000000,3. T1 PFC TX toward 03lt0,lvl02-0101-0827-15t1,ethernet5/1,2,0,0
2026-09-04 05:02:00.0000000,3. T1 PFC TX toward 03lt0,lvl02-0101-0827-16t1,ethernet5/1,6,514647,0
2026-09-04 05:02:00.0000000,3. T1 PFC TX toward 03lt0,lvl02-0101-0827-16t1,ethernet5/1,2,0,0
2026-09-04 05:02:00.0000000,3. T1 PFC TX toward 03lt0,lvl02-0101-0827-18t1,ethernet5/1,6,470915,0
2026-09-04 05:02:00.0000000,3. T1 PFC TX toward 03lt0,lvl02-0101-0827-18t1,ethernet5/1,2,0,0
2026-09-04 05:01:00.0000000,3. T1 PFC TX toward 03lt0,lvl02-0101-0827-11t1,ethernet5/1,6,330481,0
2026-09-04 05:01:00.0000000,3. T1 PFC TX toward 03lt0,lvl02-0101-0827-11t1,ethernet5/1,2,0,0
2026-09-04 05:00:00.0000000,3. T1 PFC TX toward 03lt0,lvl02-0101-0827-13t1,ethernet5/1,2,0,0
2026-09-04 05:00:00.0000000,3. T1 PFC TX toward 03lt0,lvl02-0101-0827-13t1,ethernet5/1,6,830175,0
2026-09-04 04:59:00.0000000,3. T1 PFC TX toward 03lt0,lvl02-0101-0827-12t1,ethernet5/1,2,0,0
2026-09-04 04:59:00.0000000,3. T1 PFC TX toward 03lt0,lvl02-0101-0827-12t1,ethernet5/1,6,648541,0
2026-09-04 04:58:00.0000000,3. T1 PFC TX toward 03lt0,lvl02-0101-0827-17t1,ethernet5/1,6,1064840,0
2026-09-04 04:58:00.0000000,3. T1 PFC TX toward 03lt0,lvl02-0101-0827-17t1,ethernet5/1,2,0,0
2026-09-04 04:58:00.0000000,3. T1 PFC TX toward 03lt0,lvl02-0101-0827-14t1,ethernet5/1,6,1053388,0
2026-09-04 04:58:00.0000000,3. T1 PFC TX toward 03lt0,lvl02-0101-0827-14t1,ethernet5/1,2,0,0
2026-09-04 04:57:00.0000000,3. T1 PFC TX toward 03lt0,lvl02-0101-0827-15t1,ethernet5/1,6,1247469,0
2026-09-04 04:57:00.0000000,3. T1 PFC TX toward 03lt0,lvl02-0101-0827-16t1,ethernet5/1,6,1151834,0
2026-09-04 04:57:00.0000000,3. T1 PFC TX toward 03lt0,lvl02-0101-0827-16t1,ethernet5/1,2,0,0
2026-09-04 04:57:00.0000000,3. T1 PFC TX toward 03lt0,lvl02-0101-0827-18t1,ethernet5/1,6,948744,0
2026-09-04 04:57:00.0000000,3. T1 PFC TX toward 03lt0,lvl02-0101-0827-18t1,ethernet5/1,2,0,0
2026-09-04 04:57:00.0000000,3. T1 PFC TX toward 03lt0,lvl02-0101-0827-15t1,ethernet5/1,2,0,0
2026-09-04 04:56:00.0000000,3. T1 PFC TX toward 03lt0,lvl02-0101-0827-11t1,ethernet5/1,2,0,0
2026-09-04 04:56:00.0000000,3. T1 PFC TX toward 03lt0,lvl02-0101-0827-11t1,ethernet5/1,6,1051989,0
2026-09-04 04:55:00.0000000,3. T1 PFC TX toward 03lt0,lvl02-0101-0827-13t1,ethernet5/1,6,1071859,0
2026-09-04 04:55:00.0000000,3. T1 PFC TX toward 03lt0,lvl02-0101-0827-13t1,ethernet5/1,2,0,0
2026-09-04 04:54:00.0000000,3. T1 PFC TX toward 03lt0,lvl02-0101-0827-12t1,ethernet5/1,6,858141,0
2026-09-04 04:54:00.0000000,3. T1 PFC TX toward 03lt0,lvl02-0101-0827-12t1,ethernet5/1,2,0,0
2026-09-04 04:53:00.0000000,3. T1 PFC TX toward 03lt0,lvl02-0101-0827-14t1,ethernet5/1,2,0,0
2026-09-04 04:53:00.0000000,3. T1 PFC TX toward 03lt0,lvl02-0101-0827-17t1,ethernet5/1,2,0,0
2026-09-04 04:53:00.0000000,3. T1 PFC TX toward 03lt0,lvl02-0101-0827-17t1,ethernet5/1,6,945187,0
2026-09-04 04:53:00.0000000,3. T1 PFC TX toward 03lt0,lvl02-0101-0827-14t1,ethernet5/1,6,709342,0
2026-09-04 04:52:00.0000000,3. T1 PFC TX toward 03lt0,lvl02-0101-0827-18t1,ethernet5/1,6,378264,0
2026-09-04 04:52:00.0000000,3. T1 PFC TX toward 03lt0,lvl02-0101-0827-18t1,ethernet5/1,2,0,0
2026-09-04 04:52:00.0000000,3. T1 PFC TX toward 03lt0,lvl02-0101-0827-15t1,ethernet5/1,2,0,0
2026-09-04 04:52:00.0000000,3. T1 PFC TX toward 03lt0,lvl02-0101-0827-16t1,ethernet5/1,2,0,0
2026-09-04 04:52:00.0000000,3. T1 PFC TX toward 03lt0,lvl02-0101-0827-16t1,ethernet5/1,6,562405,0
2026-09-04 04:52:00.0000000,3. T1 PFC TX toward 03lt0,lvl02-0101-0827-15t1,ethernet5/1,6,877420,0
2026-09-04 04:51:00.0000000,3. T1 PFC TX toward 03lt0,lvl02-0101-0827-11t1,ethernet5/1,2,0,0
2026-09-04 04:51:00.0000000,3. T1 PFC TX toward 03lt0,lvl02-0101-0827-11t1,ethernet5/1,6,862279,0
2026-09-04 04:50:00.0000000,3. T1 PFC TX toward 03lt0,lvl02-0101-0827-13t1,ethernet5/1,6,882641,0
2026-09-04 04:50:00.0000000,3. T1 PFC TX toward 03lt0,lvl02-0101-0827-13t1,ethernet5/1,2,0,0
2026-09-04 04:49:00.0000000,3. T1 PFC TX toward 03lt0,lvl02-0101-0827-12t1,ethernet5/1,6,785371,0
2026-09-04 04:49:00.0000000,3. T1 PFC TX toward 03lt0,lvl02-0101-0827-12t1,ethernet5/1,2,0,0
2026-09-04 04:48:00.0000000,3. T1 PFC TX toward 03lt0,lvl02-0101-0827-17t1,ethernet5/1,2,0,0
2026-09-04 04:48:00.0000000,3. T1 PFC TX toward 03lt0,lvl02-0101-0827-17t1,ethernet5/1,6,649699,0
2026-09-04 04:48:00.0000000,3. T1 PFC TX toward 03lt0,lvl02-0101-0827-14t1,ethernet5/1,2,0,0
2026-09-04 04:48:00.0000000,3. T1 PFC TX toward 03lt0,lvl02-0101-0827-14t1,ethernet5/1,6,418959,0
2026-09-04 04:47:00.0000000,3. T1 PFC TX toward 03lt0,lvl02-0101-0827-16t1,ethernet5/1,6,980880,0
2026-09-04 04:47:00.0000000,3. T1 PFC TX toward 03lt0,lvl02-0101-0827-18t1,ethernet5/1,6,718072,0
2026-09-04 04:47:00.0000000,3. T1 PFC TX toward 03lt0,lvl02-0101-0827-15t1,ethernet5/1,2,0,0
2026-09-04 04:47:00.0000000,3. T1 PFC TX toward 03lt0,lvl02-0101-0827-15t1,ethernet5/1,6,341378,0
2026-09-04 04:47:00.0000000,3. T1 PFC TX toward 03lt0,lvl02-0101-0827-18t1,ethernet5/1,2,0,0
2026-09-04 04:47:00.0000000,3. T1 PFC TX toward 03lt0,lvl02-0101-0827-16t1,ethernet5/1,2,0,0
2026-09-04 04:46:00.0000000,3. T1 PFC TX toward 03lt0,lvl02-0101-0827-11t1,ethernet5/1,6,587095,0
2026-09-04 04:46:00.0000000,3. T1 PFC TX toward 03lt0,lvl02-0101-0827-11t1,ethernet5/1,2,0,0
2026-09-04 04:45:00.0000000,3. T1 PFC TX toward 03lt0,lvl02-0101-0827-13t1,ethernet5/1,6,691615,0
2026-09-04 04:45:00.0000000,3. T1 PFC TX toward 03lt0,lvl02-0101-0827-13t1,ethernet5/1,2,0,0
2026-09-04 04:44:00.0000000,3. T1 PFC TX toward 03lt0,lvl02-0101-0827-12t1,ethernet5/1,2,0,0
2026-09-04 04:44:00.0000000,3. T1 PFC TX toward 03lt0,lvl02-0101-0827-12t1,ethernet5/1,6,869204,0
2026-09-04 04:43:00.0000000,3. T1 PFC TX toward 03lt0,lvl02-0101-0827-14t1,ethernet5/1,2,0,0
2026-09-04 04:43:00.0000000,3. T1 PFC TX toward 03lt0,lvl02-0101-0827-14t1,ethernet5/1,6,852323,2
2026-09-04 04:43:00.0000000,3. T1 PFC TX toward 03lt0,lvl02-0101-0827-17t1,ethernet5/1,6,681871,0
2026-09-04 04:43:00.0000000,3. T1 PFC TX toward 03lt0,lvl02-0101-0827-17t1,ethernet5/1,2,0,0
2026-09-04 04:42:00.0000000,3. T1 PFC TX toward 03lt0,lvl02-0101-0827-15t1,ethernet5/1,6,475271,0
2026-09-04 04:42:00.0000000,3. T1 PFC TX toward 03lt0,lvl02-0101-0827-15t1,ethernet5/1,2,0,0
2026-09-04 04:42:00.0000000,3. T1 PFC TX toward 03lt0,lvl02-0101-0827-18t1,ethernet5/1,6,361433,0
2026-09-04 04:42:00.0000000,3. T1 PFC TX toward 03lt0,lvl02-0101-0827-18t1,ethernet5/1,2,0,0
2026-09-04 04:42:00.0000000,3. T1 PFC TX toward 03lt0,lvl02-0101-0827-16t1,ethernet5/1,6,544097,0
2026-09-04 04:42:00.0000000,3. T1 PFC TX toward 03lt0,lvl02-0101-0827-16t1,ethernet5/1,2,0,0
2026-09-04 04:41:00.0000000,3. T1 PFC TX toward 03lt0,lvl02-0101-0827-11t1,ethernet5/1,6,690066,0
2026-09-04 04:41:00.0000000,3. T1 PFC TX toward 03lt0,lvl02-0101-0827-11t1,ethernet5/1,2,0,0
2026-09-04 04:40:00.0000000,3. T1 PFC TX toward 03lt0,lvl02-0101-0827-13t1,ethernet5/1,6,580459,0
2026-09-04 04:40:00.0000000,3. T1 PFC TX toward 03lt0,lvl02-0101-0827-13t1,ethernet5/1,2,0,0
2026-09-04 04:39:00.0000000,3. T1 PFC TX toward 03lt0,lvl02-0101-0827-12t1,ethernet5/1,2,0,0
2026-09-04 04:39:00.0000000,3. T1 PFC TX toward 03lt0,lvl02-0101-0827-12t1,ethernet5/1,6,316241,0
2026-09-04 04:38:00.0000000,3. T1 PFC TX toward 03lt0,lvl02-0101-0827-14t1,ethernet5/1,2,0,0
2026-09-04 04:38:00.0000000,3. T1 PFC TX toward 03lt0,lvl02-0101-0827-14t1,ethernet5/1,6,397769,0
2026-09-04 04:38:00.0000000,3. T1 PFC TX toward 03lt0,lvl02-0101-0827-17t1,ethernet5/1,2,0,0
2026-09-04 04:38:00.0000000,3. T1 PFC TX toward 03lt0,lvl02-0101-0827-17t1,ethernet5/1,6,693669,0
2026-09-04 04:37:00.0000000,3. T1 PFC TX toward 03lt0,lvl02-0101-0827-15t1,ethernet5/1,2,0,0
2026-09-04 04:37:00.0000000,3. T1 PFC TX toward 03lt0,lvl02-0101-0827-18t1,ethernet5/1,2,0,0
2026-09-04 04:37:00.0000000,3. T1 PFC TX toward 03lt0,lvl02-0101-0827-18t1,ethernet5/1,6,349497,0
2026-09-04 04:37:00.0000000,3. T1 PFC TX toward 03lt0,lvl02-0101-0827-15t1,ethernet5/1,6,504356,0
2026-09-04 04:37:00.0000000,3. T1 PFC TX toward 03lt0,lvl02-0101-0827-16t1,ethernet5/1,2,0,0
2026-09-04 04:37:00.0000000,3. T1 PFC TX toward 03lt0,lvl02-0101-0827-16t1,ethernet5/1,6,713244,0
2026-09-04 04:36:00.0000000,3. T1 PFC TX toward 03lt0,lvl02-0101-0827-11t1,ethernet5/1,2,0,0
2026-09-04 04:36:00.0000000,3. T1 PFC TX toward 03lt0,lvl02-0101-0827-11t1,ethernet5/1,6,703208,0
2026-09-04 04:35:00.0000000,3. T1 PFC TX toward 03lt0,lvl02-0101-0827-13t1,ethernet5/1,6,452978,10
2026-09-04 04:35:00.0000000,3. T1 PFC TX toward 03lt0,lvl02-0101-0827-13t1,ethernet5/1,2,0,0
2026-09-04 04:34:00.0000000,3. T1 PFC TX toward 03lt0,lvl02-0101-0827-12t1,ethernet5/1,6,546085,0
2026-09-04 04:34:00.0000000,3. T1 PFC TX toward 03lt0,lvl02-0101-0827-12t1,ethernet5/1,2,0,0
2026-09-04 04:33:00.0000000,3. T1 PFC TX toward 03lt0,lvl02-0101-0827-17t1,ethernet5/1,6,912026,0
2026-09-04 04:33:00.0000000,3. T1 PFC TX toward 03lt0,lvl02-0101-0827-14t1,ethernet5/1,2,0,0
2026-09-04 04:33:00.0000000,3. T1 PFC TX toward 03lt0,lvl02-0101-0827-14t1,ethernet5/1,6,815585,14
2026-09-04 04:33:00.0000000,3. T1 PFC TX toward 03lt0,lvl02-0101-0827-17t1,ethernet5/1,2,0,0
2026-09-04 04:32:00.0000000,3. T1 PFC TX toward 03lt0,lvl02-0101-0827-16t1,ethernet5/1,6,904425,4
2026-09-04 04:32:00.0000000,3. T1 PFC TX toward 03lt0,lvl02-0101-0827-15t1,ethernet5/1,2,0,0
2026-09-04 04:32:00.0000000,3. T1 PFC TX toward 03lt0,lvl02-0101-0827-15t1,ethernet5/1,6,633183,14
2026-09-04 04:32:00.0000000,3. T1 PFC TX toward 03lt0,lvl02-0101-0827-18t1,ethernet5/1,2,0,0
2026-09-04 04:32:00.0000000,3. T1 PFC TX toward 03lt0,lvl02-0101-0827-18t1,ethernet5/1,6,588941,22
2026-09-04 04:32:00.0000000,3. T1 PFC TX toward 03lt0,lvl02-0101-0827-16t1,ethernet5/1,2,0,0
2026-09-04 04:31:00.0000000,3. T1 PFC TX toward 03lt0,lvl02-0101-0827-11t1,ethernet5/1,6,1020599,0
2026-09-04 04:31:00.0000000,3. T1 PFC TX toward 03lt0,lvl02-0101-0827-11t1,ethernet5/1,2,0,0
2026-09-04 04:30:00.0000000,3. T1 PFC TX toward 03lt0,lvl02-0101-0827-13t1,ethernet5/1,6,1028871,0
2026-09-04 04:30:00.0000000,3. T1 PFC TX toward 03lt0,lvl02-0101-0827-13t1,ethernet5/1,2,0,0
2026-09-04 04:29:00.0000000,3. T1 PFC TX toward 03lt0,lvl02-0101-0827-12t1,ethernet5/1,6,975928,0
2026-09-04 04:29:00.0000000,3. T1 PFC TX toward 03lt0,lvl02-0101-0827-12t1,ethernet5/1,2,0,0
2026-09-04 04:28:00.0000000,3. T1 PFC TX toward 03lt0,lvl02-0101-0827-17t1,ethernet5/1,6,921608,0
2026-09-04 04:28:00.0000000,3. T1 PFC TX toward 03lt0,lvl02-0101-0827-17t1,ethernet5/1,2,0,0
2026-09-04 04:28:00.0000000,3. T1 PFC TX toward 03lt0,lvl02-0101-0827-14t1,ethernet5/1,2,0,0
2026-09-04 04:28:00.0000000,3. T1 PFC TX toward 03lt0,lvl02-0101-0827-14t1,ethernet5/1,6,1176843,0
2026-09-04 04:27:00.0000000,3. T1 PFC TX toward 03lt0,lvl02-0101-0827-15t1,ethernet5/1,2,0,0
2026-09-04 04:27:00.0000000,3. T1 PFC TX toward 03lt0,lvl02-0101-0827-15t1,ethernet5/1,6,802384,0
2026-09-04 04:27:00.0000000,3. T1 PFC TX toward 03lt0,lvl02-0101-0827-16t1,ethernet5/1,6,1079079,0
2026-09-04 04:27:00.0000000,3. T1 PFC TX toward 03lt0,lvl02-0101-0827-16t1,ethernet5/1,2,0,0
2026-09-04 04:27:00.0000000,3. T1 PFC TX toward 03lt0,lvl02-0101-0827-18t1,ethernet5/1,2,0,0
2026-09-04 04:27:00.0000000,3. T1 PFC TX toward 03lt0,lvl02-0101-0827-18t1,ethernet5/1,6,1016534,0
2026-09-04 04:26:00.0000000,3. T1 PFC TX toward 03lt0,lvl02-0101-0827-11t1,ethernet5/1,6,531906,0
2026-09-04 04:26:00.0000000,3. T1 PFC TX toward 03lt0,lvl02-0101-0827-11t1,ethernet5/1,2,0,0
2026-09-04 04:25:00.0000000,3. T1 PFC TX toward 03lt0,lvl02-0101-0827-13t1,ethernet5/1,2,0,0
2026-09-04 04:25:00.0000000,3. T1 PFC TX toward 03lt0,lvl02-0101-0827-13t1,ethernet5/1,6,567944,0
2026-09-04 04:24:00.0000000,3. T1 PFC TX toward 03lt0,lvl02-0101-0827-12t1,ethernet5/1,2,0,0
2026-09-04 04:24:00.0000000,3. T1 PFC TX toward 03lt0,lvl02-0101-0827-12t1,ethernet5/1,6,412992,0
2026-09-04 04:23:00.0000000,3. T1 PFC TX toward 03lt0,lvl02-0101-0827-17t1,ethernet5/1,6,133540,0
2026-09-04 04:23:00.0000000,3. T1 PFC TX toward 03lt0,lvl02-0101-0827-14t1,ethernet5/1,2,0,0
2026-09-04 04:23:00.0000000,3. T1 PFC TX toward 03lt0,lvl02-0101-0827-14t1,ethernet5/1,6,2665,0
2026-09-04 04:23:00.0000000,3. T1 PFC TX toward 03lt0,lvl02-0101-0827-17t1,ethernet5/1,2,0,0
2026-09-04 04:22:00.0000000,3. T1 PFC TX toward 03lt0,lvl02-0101-0827-15t1,ethernet5/1,6,0,0
2026-09-04 04:22:00.0000000,3. T1 PFC TX toward 03lt0,lvl02-0101-0827-16t1,ethernet5/1,6,0,0
2026-09-04 04:22:00.0000000,3. T1 PFC TX toward 03lt0,lvl02-0101-0827-16t1,ethernet5/1,2,0,0
2026-09-04 04:22:00.0000000,3. T1 PFC TX toward 03lt0,lvl02-0101-0827-18t1,ethernet5/1,2,0,0
2026-09-04 04:22:00.0000000,3. T1 PFC TX toward 03lt0,lvl02-0101-0827-15t1,ethernet5/1,2,0,0
2026-09-04 04:22:00.0000000,3. T1 PFC TX toward 03lt0,lvl02-0101-0827-18t1,ethernet5/1,6,0,0
2026-09-04 04:21:00.0000000,3. T1 PFC TX toward 03lt0,lvl02-0101-0827-11t1,ethernet5/1,2,0,0
2026-09-04 04:21:00.0000000,3. T1 PFC TX toward 03lt0,lvl02-0101-0827-11t1,ethernet5/1,6,0,0
2026-09-04 04:20:00.0000000,3. T1 PFC TX toward 03lt0,lvl02-0101-0827-13t1,ethernet5/1,2,0,0
2026-09-04 04:20:00.0000000,3. T1 PFC TX toward 03lt0,lvl02-0101-0827-13t1,ethernet5/1,6,0,0
2026-09-04 04:19:00.0000000,3. T1 PFC TX toward 03lt0,lvl02-0101-0827-12t1,ethernet5/1,2,0,0
2026-09-04 04:19:00.0000000,3. T1 PFC TX toward 03lt0,lvl02-0101-0827-12t1,ethernet5/1,6,0,0
2026-09-04 04:18:00.0000000,3. T1 PFC TX toward 03lt0,lvl02-0101-0827-17t1,ethernet5/1,2,0,0
2026-09-04 04:18:00.0000000,3. T1 PFC TX toward 03lt0,lvl02-0101-0827-17t1,ethernet5/1,6,0,0
2026-09-04 04:18:00.0000000,3. T1 PFC TX toward 03lt0,lvl02-0101-0827-14t1,ethernet5/1,6,13,0
2026-09-04 04:18:00.0000000,3. T1 PFC TX toward 03lt0,lvl02-0101-0827-14t1,ethernet5/1,2,0,0
2026-09-04 04:17:00.0000000,3. T1 PFC TX toward 03lt0,lvl02-0101-0827-16t1,ethernet5/1,2,0,0
2026-09-04 04:17:00.0000000,3. T1 PFC TX toward 03lt0,lvl02-0101-0827-18t1,ethernet5/1,2,0,0
2026-09-04 04:17:00.0000000,3. T1 PFC TX toward 03lt0,lvl02-0101-0827-15t1,ethernet5/1,2,0,0
2026-09-04 04:17:00.0000000,3. T1 PFC TX toward 03lt0,lvl02-0101-0827-16t1,ethernet5/1,6,0,0
2026-09-04 04:17:00.0000000,3. T1 PFC TX toward 03lt0,lvl02-0101-0827-18t1,ethernet5/1,6,0,0
2026-09-04 04:17:00.0000000,3. T1 PFC TX toward 03lt0,lvl02-0101-0827-15t1,ethernet5/1,6,0,0
2026-09-04 04:16:00.0000000,3. T1 PFC TX toward 03lt0,lvl02-0101-0827-11t1,ethernet5/1,2,0,0
2026-09-04 04:16:00.0000000,3. T1 PFC TX toward 03lt0,lvl02-0101-0827-11t1,ethernet5/1,6,0,0
2026-09-04 04:15:00.0000000,3. T1 PFC TX toward 03lt0,lvl02-0101-0827-13t1,ethernet5/1,2,0,0
2026-09-04 04:15:00.0000000,3. T1 PFC TX toward 03lt0,lvl02-0101-0827-13t1,ethernet5/1,6,0,0
2026-09-04 04:14:00.0000000,3. T1 PFC TX toward 03lt0,lvl02-0101-0827-12t1,ethernet5/1,6,0,0
2026-09-04 04:14:00.0000000,3. T1 PFC TX toward 03lt0,lvl02-0101-0827-12t1,ethernet5/1,2,0,0
2026-09-04 04:13:00.0000000,3. T1 PFC TX toward 03lt0,lvl02-0101-0827-14t1,ethernet5/1,6,0,0
2026-09-04 04:13:00.0000000,3. T1 PFC TX toward 03lt0,lvl02-0101-0827-16t1,ethernet5/1,6,0,0
2026-09-04 04:13:00.0000000,3. T1 PFC TX toward 03lt0,lvl02-0101-0827-17t1,ethernet5/1,6,0,0
2026-09-04 04:13:00.0000000,3. T1 PFC TX toward 03lt0,lvl02-0101-0827-17t1,ethernet5/1,2,0,0
2026-09-04 04:13:00.0000000,3. T1 PFC TX toward 03lt0,lvl02-0101-0827-14t1,ethernet5/1,2,0,0
2026-09-04 04:13:00.0000000,3. T1 PFC TX toward 03lt0,lvl02-0101-0827-16t1,ethernet5/1,2,0,0
2026-09-04 04:12:00.0000000,3. T1 PFC TX toward 03lt0,lvl02-0101-0827-15t1,ethernet5/1,6,0,0
2026-09-04 04:12:00.0000000,3. T1 PFC TX toward 03lt0,lvl02-0101-0827-15t1,ethernet5/1,2,0,0
2026-09-04 04:12:00.0000000,3. T1 PFC TX toward 03lt0,lvl02-0101-0827-18t1,ethernet5/1,2,0,0
2026-09-04 04:12:00.0000000,3. T1 PFC TX toward 03lt0,lvl02-0101-0827-18t1,ethernet5/1,6,0,0
2026-09-04 04:11:00.0000000,3. T1 PFC TX toward 03lt0,lvl02-0101-0827-11t1,ethernet5/1,6,0,0
2026-09-04 04:11:00.0000000,3. T1 PFC TX toward 03lt0,lvl02-0101-0827-11t1,ethernet5/1,2,0,0
2026-09-04 04:10:00.0000000,3. T1 PFC TX toward 03lt0,lvl02-0101-0827-13t1,ethernet5/1,6,0,0
2026-09-04 04:10:00.0000000,3. T1 PFC TX toward 03lt0,lvl02-0101-0827-13t1,ethernet5/1,2,0,0
2026-09-04 04:09:00.0000000,3. T1 PFC TX toward 03lt0,lvl02-0101-0827-12t1,ethernet5/1,2,0,0
2026-09-04 04:09:00.0000000,3. T1 PFC TX toward 03lt0,lvl02-0101-0827-12t1,ethernet5/1,6,0,0
2026-09-04 04:08:00.0000000,3. T1 PFC TX toward 03lt0,lvl02-0101-0827-16t1,ethernet5/1,2,0,0
2026-09-04 04:08:00.0000000,3. T1 PFC TX toward 03lt0,lvl02-0101-0827-16t1,ethernet5/1,6,0,0
2026-09-04 04:08:00.0000000,3. T1 PFC TX toward 03lt0,lvl02-0101-0827-14t1,ethernet5/1,6,6,0
2026-09-04 04:08:00.0000000,3. T1 PFC TX toward 03lt0,lvl02-0101-0827-14t1,ethernet5/1,2,0,0
2026-09-04 04:08:00.0000000,3. T1 PFC TX toward 03lt0,lvl02-0101-0827-17t1,ethernet5/1,6,0,0
2026-09-04 04:08:00.0000000,3. T1 PFC TX toward 03lt0,lvl02-0101-0827-17t1,ethernet5/1,2,0,0
2026-09-04 04:07:00.0000000,3. T1 PFC TX toward 03lt0,lvl02-0101-0827-18t1,ethernet5/1,6,26,0
2026-09-04 04:07:00.0000000,3. T1 PFC TX toward 03lt0,lvl02-0101-0827-15t1,ethernet5/1,2,0,0
2026-09-04 04:07:00.0000000,3. T1 PFC TX toward 03lt0,lvl02-0101-0827-18t1,ethernet5/1,2,0,0
2026-09-04 04:07:00.0000000,3. T1 PFC TX toward 03lt0,lvl02-0101-0827-15t1,ethernet5/1,6,0,0
2026-09-04 04:06:00.0000000,3. T1 PFC TX toward 03lt0,lvl02-0101-0827-11t1,ethernet5/1,2,0,0
2026-09-04 04:06:00.0000000,3. T1 PFC TX toward 03lt0,lvl02-0101-0827-11t1,ethernet5/1,6,0,0
2026-09-04 04:05:00.0000000,3. T1 PFC TX toward 03lt0,lvl02-0101-0827-13t1,ethernet5/1,6,0,0
2026-09-04 04:05:00.0000000,3. T1 PFC TX toward 03lt0,lvl02-0101-0827-13t1,ethernet5/1,2,0,0
2026-09-04 04:04:00.0000000,3. T1 PFC TX toward 03lt0,lvl02-0101-0827-12t1,ethernet5/1,6,0,0
2026-09-04 04:04:00.0000000,3. T1 PFC TX toward 03lt0,lvl02-0101-0827-12t1,ethernet5/1,2,0,0
2026-09-04 04:03:00.0000000,3. T1 PFC TX toward 03lt0,lvl02-0101-0827-14t1,ethernet5/1,6,19133,0
2026-09-04 04:03:00.0000000,3. T1 PFC TX toward 03lt0,lvl02-0101-0827-16t1,ethernet5/1,2,0,0
2026-09-04 04:03:00.0000000,3. T1 PFC TX toward 03lt0,lvl02-0101-0827-16t1,ethernet5/1,6,36150,0
2026-09-04 04:03:00.0000000,3. T1 PFC TX toward 03lt0,lvl02-0101-0827-14t1,ethernet5/1,2,0,0
2026-09-04 04:03:00.0000000,3. T1 PFC TX toward 03lt0,lvl02-0101-0827-17t1,ethernet5/1,2,0,0
2026-09-04 04:03:00.0000000,3. T1 PFC TX toward 03lt0,lvl02-0101-0827-17t1,ethernet5/1,6,0,0
2026-09-04 04:02:00.0000000,3. T1 PFC TX toward 03lt0,lvl02-0101-0827-18t1,ethernet5/1,2,0,0
2026-09-04 04:02:00.0000000,3. T1 PFC TX toward 03lt0,lvl02-0101-0827-15t1,ethernet5/1,6,31245,0
2026-09-04 04:02:00.0000000,3. T1 PFC TX toward 03lt0,lvl02-0101-0827-15t1,ethernet5/1,2,0,0
2026-09-04 04:02:00.0000000,3. T1 PFC TX toward 03lt0,lvl02-0101-0827-18t1,ethernet5/1,6,103864,0
2026-09-04 04:01:00.0000000,3. T1 PFC TX toward 03lt0,lvl02-0101-0827-11t1,ethernet5/1,2,0,0
2026-09-04 04:01:00.0000000,3. T1 PFC TX toward 03lt0,lvl02-0101-0827-11t1,ethernet5/1,6,29500,0
2026-09-04 04:00:00.0000000,3. T1 PFC TX toward 03lt0,lvl02-0101-0827-13t1,ethernet5/1,6,20299,0
2026-09-04 04:00:00.0000000,3. T1 PFC TX toward 03lt0,lvl02-0101-0827-13t1,ethernet5/1,2,0,0
2026-09-04 03:59:00.0000000,3. T1 PFC TX toward 03lt0,lvl02-0101-0827-12t1,ethernet5/1,6,63743,0
2026-09-04 03:59:00.0000000,3. T1 PFC TX toward 03lt0,lvl02-0101-0827-12t1,ethernet5/1,2,0,0
2026-09-04 03:58:00.0000000,3. T1 PFC TX toward 03lt0,lvl02-0101-0827-17t1,ethernet5/1,6,81454,0
2026-09-04 03:58:00.0000000,3. T1 PFC TX toward 03lt0,lvl02-0101-0827-17t1,ethernet5/1,2,0,0
2026-09-04 03:58:00.0000000,3. T1 PFC TX toward 03lt0,lvl02-0101-0827-16t1,ethernet5/1,2,0,0
2026-09-04 03:58:00.0000000,3. T1 PFC TX toward 03lt0,lvl02-0101-0827-16t1,ethernet5/1,6,11877,0
2026-09-04 03:58:00.0000000,3. T1 PFC TX toward 03lt0,lvl02-0101-0827-14t1,ethernet5/1,2,0,0
2026-09-04 03:58:00.0000000,3. T1 PFC TX toward 03lt0,lvl02-0101-0827-14t1,ethernet5/1,6,100243,0
2026-09-04 03:57:00.0000000,3. T1 PFC TX toward 03lt0,lvl02-0101-0827-18t1,ethernet5/1,2,0,0
2026-09-04 03:57:00.0000000,3. T1 PFC TX toward 03lt0,lvl02-0101-0827-18t1,ethernet5/1,6,0,0
2026-09-04 03:57:00.0000000,3. T1 PFC TX toward 03lt0,lvl02-0101-0827-15t1,ethernet5/1,2,0,0
2026-09-04 03:57:00.0000000,3. T1 PFC TX toward 03lt0,lvl02-0101-0827-15t1,ethernet5/1,6,0,0
2026-09-04 03:56:00.0000000,3. T1 PFC TX toward 03lt0,lvl02-0101-0827-11t1,ethernet5/1,6,0,0
2026-09-04 03:56:00.0000000,3. T1 PFC TX toward 03lt0,lvl02-0101-0827-11t1,ethernet5/1,2,0,0
2026-09-04 03:55:00.0000000,3. T1 PFC TX toward 03lt0,lvl02-0101-0827-13t1,ethernet5/1,6,0,0
2026-09-04 03:55:00.0000000,3. T1 PFC TX toward 03lt0,lvl02-0101-0827-13t1,ethernet5/1,2,0,0
2026-09-04 03:54:00.0000000,3. T1 PFC TX toward 03lt0,lvl02-0101-0827-12t1,ethernet5/1,6,0,0
2026-09-04 03:54:00.0000000,3. T1 PFC TX toward 03lt0,lvl02-0101-0827-12t1,ethernet5/1,2,0,0
2026-09-04 03:53:00.0000000,3. T1 PFC TX toward 03lt0,lvl02-0101-0827-17t1,ethernet5/1,6,0,0
2026-09-04 03:53:00.0000000,3. T1 PFC TX toward 03lt0,lvl02-0101-0827-17t1,ethernet5/1,2,0,0
2026-09-04 03:53:00.0000000,3. T1 PFC TX toward 03lt0,lvl02-0101-0827-14t1,ethernet5/1,2,0,0
2026-09-04 03:53:00.0000000,3. T1 PFC TX toward 03lt0,lvl02-0101-0827-14t1,ethernet5/1,6,0,0
2026-09-04 03:53:00.0000000,3. T1 PFC TX toward 03lt0,lvl02-0101-0827-16t1,ethernet5/1,2,0,0
2026-09-04 03:53:00.0000000,3. T1 PFC TX toward 03lt0,lvl02-0101-0827-16t1,ethernet5/1,6,0,0
2026-09-04 03:52:00.0000000,3. T1 PFC TX toward 03lt0,lvl02-0101-0827-18t1,ethernet5/1,6,0,0
2026-09-04 03:52:00.0000000,3. T1 PFC TX toward 03lt0,lvl02-0101-0827-15t1,ethernet5/1,2,0,0
2026-09-04 03:52:00.0000000,3. T1 PFC TX toward 03lt0,lvl02-0101-0827-18t1,ethernet5/1,2,0,0
2026-09-04 03:52:00.0000000,3. T1 PFC TX toward 03lt0,lvl02-0101-0827-15t1,ethernet5/1,6,0,0
2026-09-04 03:51:00.0000000,3. T1 PFC TX toward 03lt0,lvl02-0101-0827-11t1,ethernet5/1,6,0,0
2026-09-04 03:51:00.0000000,3. T1 PFC TX toward 03lt0,lvl02-0101-0827-11t1,ethernet5/1,2,0,0
2026-09-04 03:50:00.0000000,3. T1 PFC TX toward 03lt0,lvl02-0101-0827-13t1,ethernet5/1,2,0,0
2026-09-04 03:50:00.0000000,3. T1 PFC TX toward 03lt0,lvl02-0101-0827-13t1,ethernet5/1,6,0,0
2026-09-04 03:49:00.0000000,3. T1 PFC TX toward 03lt0,lvl02-0101-0827-12t1,ethernet5/1,2,0,0
2026-09-04 03:49:00.0000000,3. T1 PFC TX toward 03lt0,lvl02-0101-0827-12t1,ethernet5/1,6,0,0
2026-09-04 03:48:00.0000000,3. T1 PFC TX toward 03lt0,lvl02-0101-0827-14t1,ethernet5/1,2,0,0
2026-09-04 03:48:00.0000000,3. T1 PFC TX toward 03lt0,lvl02-0101-0827-17t1,ethernet5/1,2,0,0
2026-09-04 03:48:00.0000000,3. T1 PFC TX toward 03lt0,lvl02-0101-0827-17t1,ethernet5/1,6,0,0
2026-09-04 03:48:00.0000000,3. T1 PFC TX toward 03lt0,lvl02-0101-0827-16t1,ethernet5/1,2,0,0
2026-09-04 03:48:00.0000000,3. T1 PFC TX toward 03lt0,lvl02-0101-0827-16t1,ethernet5/1,6,0,0
2026-09-04 03:48:00.0000000,3. T1 PFC TX toward 03lt0,lvl02-0101-0827-14t1,ethernet5/1,6,0,0
2026-09-04 03:47:00.0000000,3. T1 PFC TX toward 03lt0,lvl02-0101-0827-15t1,ethernet5/1,2,0,0
2026-09-04 03:47:00.0000000,3. T1 PFC TX toward 03lt0,lvl02-0101-0827-18t1,ethernet5/1,6,0,0
2026-09-04 03:47:00.0000000,3. T1 PFC TX toward 03lt0,lvl02-0101-0827-15t1,ethernet5/1,6,0,0
2026-09-04 03:47:00.0000000,3. T1 PFC TX toward 03lt0,lvl02-0101-0827-18t1,ethernet5/1,2,0,0
2026-09-04 03:46:00.0000000,3. T1 PFC TX toward 03lt0,lvl02-0101-0827-11t1,ethernet5/1,6,0,0
2026-09-04 03:46:00.0000000,3. T1 PFC TX toward 03lt0,lvl02-0101-0827-11t1,ethernet5/1,2,0,0
2026-09-04 03:45:00.0000000,3. T1 PFC TX toward 03lt0,lvl02-0101-0827-13t1,ethernet5/1,2,0,0
2026-09-04 03:45:00.0000000,3. T1 PFC TX toward 03lt0,lvl02-0101-0827-13t1,ethernet5/1,6,0,0
2026-09-04 03:44:00.0000000,3. T1 PFC TX toward 03lt0,lvl02-0101-0827-12t1,ethernet5/1,2,0,0
2026-09-04 03:44:00.0000000,3. T1 PFC TX toward 03lt0,lvl02-0101-0827-12t1,ethernet5/1,6,0,0
2026-09-04 03:43:00.0000000,3. T1 PFC TX toward 03lt0,lvl02-0101-0827-17t1,ethernet5/1,2,0,0
2026-09-04 03:43:00.0000000,3. T1 PFC TX toward 03lt0,lvl02-0101-0827-17t1,ethernet5/1,6,0,0
2026-09-04 03:43:00.0000000,3. T1 PFC TX toward 03lt0,lvl02-0101-0827-14t1,ethernet5/1,6,0,0
2026-09-04 03:43:00.0000000,3. T1 PFC TX toward 03lt0,lvl02-0101-0827-14t1,ethernet5/1,2,0,0
2026-09-04 03:43:00.0000000,3. T1 PFC TX toward 03lt0,lvl02-0101-0827-16t1,ethernet5/1,6,0,0
2026-09-04 03:43:00.0000000,3. T1 PFC TX toward 03lt0,lvl02-0101-0827-16t1,ethernet5/1,2,0,0
2026-09-04 03:42:00.0000000,3. T1 PFC TX toward 03lt0,lvl02-0101-0827-15t1,ethernet5/1,2,0,0
2026-09-04 03:42:00.0000000,3. T1 PFC TX toward 03lt0,lvl02-0101-0827-18t1,ethernet5/1,2,0,0
2026-09-04 03:42:00.0000000,3. T1 PFC TX toward 03lt0,lvl02-0101-0827-15t1,ethernet5/1,6,0,0
2026-09-04 03:42:00.0000000,3. T1 PFC TX toward 03lt0,lvl02-0101-0827-18t1,ethernet5/1,6,0,0
2026-09-04 03:41:00.0000000,3. T1 PFC TX toward 03lt0,lvl02-0101-0827-11t1,ethernet5/1,6,0,0
2026-09-04 03:41:00.0000000,3. T1 PFC TX toward 03lt0,lvl02-0101-0827-11t1,ethernet5/1,2,0,0
2026-09-04 03:40:00.0000000,3. T1 PFC TX toward 03lt0,lvl02-0101-0827-13t1,ethernet5/1,2,0,0
2026-09-04 03:40:00.0000000,3. T1 PFC TX toward 03lt0,lvl02-0101-0827-13t1,ethernet5/1,6,0,0
2026-09-04 03:39:00.0000000,3. T1 PFC TX toward 03lt0,lvl02-0101-0827-12t1,ethernet5/1,6,0,0
2026-09-04 03:39:00.0000000,3. T1 PFC TX toward 03lt0,lvl02-0101-0827-12t1,ethernet5/1,2,0,0
2026-09-04 03:38:00.0000000,3. T1 PFC TX toward 03lt0,lvl02-0101-0827-14t1,ethernet5/1,6,7,0
2026-09-04 03:38:00.0000000,3. T1 PFC TX toward 03lt0,lvl02-0101-0827-14t1,ethernet5/1,2,0,0
2026-09-04 03:38:00.0000000,3. T1 PFC TX toward 03lt0,lvl02-0101-0827-17t1,ethernet5/1,6,0,0
2026-09-04 03:38:00.0000000,3. T1 PFC TX toward 03lt0,lvl02-0101-0827-17t1,ethernet5/1,2,0,0
2026-09-04 03:38:00.0000000,3. T1 PFC TX toward 03lt0,lvl02-0101-0827-16t1,ethernet5/1,2,0,0
2026-09-04 03:38:00.0000000,3. T1 PFC TX toward 03lt0,lvl02-0101-0827-16t1,ethernet5/1,6,0,0
2026-09-04 03:37:00.0000000,3. T1 PFC TX toward 03lt0,lvl02-0101-0827-15t1,ethernet5/1,6,0,0
2026-09-04 03:37:00.0000000,3. T1 PFC TX toward 03lt0,lvl02-0101-0827-18t1,ethernet5/1,2,0,0
2026-09-04 03:37:00.0000000,3. T1 PFC TX toward 03lt0,lvl02-0101-0827-15t1,ethernet5/1,2,0,0
2026-09-04 03:37:00.0000000,3. T1 PFC TX toward 03lt0,lvl02-0101-0827-18t1,ethernet5/1,6,0,0
2026-09-04 03:36:00.0000000,3. T1 PFC TX toward 03lt0,lvl02-0101-0827-11t1,ethernet5/1,2,0,0
2026-09-04 03:36:00.0000000,3. T1 PFC TX toward 03lt0,lvl02-0101-0827-11t1,ethernet5/1,6,0,0
2026-09-04 03:35:00.0000000,3. T1 PFC TX toward 03lt0,lvl02-0101-0827-13t1,ethernet5/1,6,0,0
2026-09-04 03:35:00.0000000,3. T1 PFC TX toward 03lt0,lvl02-0101-0827-13t1,ethernet5/1,2,0,0
2026-09-04 03:34:00.0000000,3. T1 PFC TX toward 03lt0,lvl02-0101-0827-12t1,ethernet5/1,6,0,0
2026-09-04 03:34:00.0000000,3. T1 PFC TX toward 03lt0,lvl02-0101-0827-12t1,ethernet5/1,2,0,0
2026-09-04 03:33:00.0000000,3. T1 PFC TX toward 03lt0,lvl02-0101-0827-16t1,ethernet5/1,6,0,0
2026-09-04 03:33:00.0000000,3. T1 PFC TX toward 03lt0,lvl02-0101-0827-16t1,ethernet5/1,2,0,0
2026-09-04 03:33:00.0000000,3. T1 PFC TX toward 03lt0,lvl02-0101-0827-14t1,ethernet5/1,6,0,0
2026-09-04 03:33:00.0000000,3. T1 PFC TX toward 03lt0,lvl02-0101-0827-14t1,ethernet5/1,2,0,0
2026-09-04 03:33:00.0000000,3. T1 PFC TX toward 03lt0,lvl02-0101-0827-17t1,ethernet5/1,6,0,0
2026-09-04 03:33:00.0000000,3. T1 PFC TX toward 03lt0,lvl02-0101-0827-17t1,ethernet5/1,2,0,0
2026-09-04 03:32:00.0000000,3. T1 PFC TX toward 03lt0,lvl02-0101-0827-18t1,ethernet5/1,6,0,0
2026-09-04 03:32:00.0000000,3. T1 PFC TX toward 03lt0,lvl02-0101-0827-18t1,ethernet5/1,2,0,0
2026-09-04 03:32:00.0000000,3. T1 PFC TX toward 03lt0,lvl02-0101-0827-15t1,ethernet5/1,2,0,0
2026-09-04 03:32:00.0000000,3. T1 PFC TX toward 03lt0,lvl02-0101-0827-15t1,ethernet5/1,6,0,0
2026-09-04 03:31:00.0000000,3. T1 PFC TX toward 03lt0,lvl02-0101-0827-11t1,ethernet5/1,2,0,0
2026-09-04 03:31:00.0000000,3. T1 PFC TX toward 03lt0,lvl02-0101-0827-11t1,ethernet5/1,6,0,0
2026-09-04 03:30:00.0000000,3. T1 PFC TX toward 03lt0,lvl02-0101-0827-13t1,ethernet5/1,6,0,0
2026-09-04 03:30:00.0000000,3. T1 PFC TX toward 03lt0,lvl02-0101-0827-13t1,ethernet5/1,2,0,0
2026-09-04 03:29:00.0000000,3. T1 PFC TX toward 03lt0,lvl02-0101-0827-12t1,ethernet5/1,2,0,0
2026-09-04 03:29:00.0000000,3. T1 PFC TX toward 03lt0,lvl02-0101-0827-12t1,ethernet5/1,6,0,0
2026-09-04 03:28:00.0000000,3. T1 PFC TX toward 03lt0,lvl02-0101-0827-17t1,ethernet5/1,2,0,0
2026-09-04 03:28:00.0000000,3. T1 PFC TX toward 03lt0,lvl02-0101-0827-16t1,ethernet5/1,6,0,0
2026-09-04 03:28:00.0000000,3. T1 PFC TX toward 03lt0,lvl02-0101-0827-16t1,ethernet5/1,2,0,0
2026-09-04 03:28:00.0000000,3. T1 PFC TX toward 03lt0,lvl02-0101-0827-17t1,ethernet5/1,6,0,0
2026-09-04 03:28:00.0000000,3. T1 PFC TX toward 03lt0,lvl02-0101-0827-14t1,ethernet5/1,2,0,0
2026-09-04 03:28:00.0000000,3. T1 PFC TX toward 03lt0,lvl02-0101-0827-14t1,ethernet5/1,6,0,0
2026-09-04 03:27:00.0000000,3. T1 PFC TX toward 03lt0,lvl02-0101-0827-18t1,ethernet5/1,6,0,0
2026-09-04 03:27:00.0000000,3. T1 PFC TX toward 03lt0,lvl02-0101-0827-15t1,ethernet5/1,6,0,0
2026-09-04 03:27:00.0000000,3. T1 PFC TX toward 03lt0,lvl02-0101-0827-18t1,ethernet5/1,2,0,0
2026-09-04 03:27:00.0000000,3. T1 PFC TX toward 03lt0,lvl02-0101-0827-15t1,ethernet5/1,2,0,0
2026-09-04 03:26:00.0000000,3. T1 PFC TX toward 03lt0,lvl02-0101-0827-11t1,ethernet5/1,2,0,0
2026-09-04 03:26:00.0000000,3. T1 PFC TX toward 03lt0,lvl02-0101-0827-11t1,ethernet5/1,6,0,0
2026-09-04 03:25:00.0000000,3. T1 PFC TX toward 03lt0,lvl02-0101-0827-13t1,ethernet5/1,2,0,0
2026-09-04 03:25:00.0000000,3. T1 PFC TX toward 03lt0,lvl02-0101-0827-13t1,ethernet5/1,6,0,0
2026-09-04 03:24:00.0000000,3. T1 PFC TX toward 03lt0,lvl02-0101-0827-12t1,ethernet5/1,6,0,0
2026-09-04 03:24:00.0000000,3. T1 PFC TX toward 03lt0,lvl02-0101-0827-12t1,ethernet5/1,2,0,0
2026-09-04 03:23:00.0000000,3. T1 PFC TX toward 03lt0,lvl02-0101-0827-14t1,ethernet5/1,6,0,0
2026-09-04 03:23:00.0000000,3. T1 PFC TX toward 03lt0,lvl02-0101-0827-14t1,ethernet5/1,2,0,0
2026-09-04 03:23:00.0000000,3. T1 PFC TX toward 03lt0,lvl02-0101-0827-17t1,ethernet5/1,6,0,0
2026-09-04 03:23:00.0000000,3. T1 PFC TX toward 03lt0,lvl02-0101-0827-16t1,ethernet5/1,6,0,0
2026-09-04 03:23:00.0000000,3. T1 PFC TX toward 03lt0,lvl02-0101-0827-16t1,ethernet5/1,2,0,0
2026-09-04 03:23:00.0000000,3. T1 PFC TX toward 03lt0,lvl02-0101-0827-17t1,ethernet5/1,2,0,0
2026-09-04 03:22:00.0000000,3. T1 PFC TX toward 03lt0,lvl02-0101-0827-15t1,ethernet5/1,6,0,0
2026-09-04 03:22:00.0000000,3. T1 PFC TX toward 03lt0,lvl02-0101-0827-15t1,ethernet5/1,2,0,0
2026-09-04 03:22:00.0000000,3. T1 PFC TX toward 03lt0,lvl02-0101-0827-18t1,ethernet5/1,6,4,0
2026-09-04 03:22:00.0000000,3. T1 PFC TX toward 03lt0,lvl02-0101-0827-18t1,ethernet5/1,2,0,0
2026-09-04 03:21:00.0000000,3. T1 PFC TX toward 03lt0,lvl02-0101-0827-11t1,ethernet5/1,2,0,0
2026-09-04 03:21:00.0000000,3. T1 PFC TX toward 03lt0,lvl02-0101-0827-11t1,ethernet5/1,6,0,0
2026-09-04 03:20:00.0000000,3. T1 PFC TX toward 03lt0,lvl02-0101-0827-13t1,ethernet5/1,6,0,0
2026-09-04 03:20:00.0000000,3. T1 PFC TX toward 03lt0,lvl02-0101-0827-13t1,ethernet5/1,2,0,0
2026-09-04 06:19:00.0000000,2. T1 PFC RX from 03t0,lvl02-0101-0827-12t1,ethernet6/1,6,0,0
2026-09-04 06:19:00.0000000,2. T1 PFC RX from 03t0,lvl02-0101-0827-12t1,ethernet6/1,2,0,0
2026-09-04 06:18:00.0000000,2. T1 PFC RX from 03t0,lvl02-0101-0827-17t1,ethernet6/1,2,0,0
2026-09-04 06:18:00.0000000,2. T1 PFC RX from 03t0,lvl02-0101-0827-17t1,ethernet6/1,6,0,0
2026-09-04 06:18:00.0000000,2. T1 PFC RX from 03t0,lvl02-0101-0827-14t1,ethernet6/1,2,0,0
2026-09-04 06:18:00.0000000,2. T1 PFC RX from 03t0,lvl02-0101-0827-14t1,ethernet6/1,6,0,0
2026-09-04 06:17:00.0000000,2. T1 PFC RX from 03t0,lvl02-0101-0827-18t1,ethernet6/1,2,0,0
2026-09-04 06:17:00.0000000,2. T1 PFC RX from 03t0,lvl02-0101-0827-18t1,ethernet6/1,6,0,0
2026-09-04 06:17:00.0000000,2. T1 PFC RX from 03t0,lvl02-0101-0827-16t1,ethernet6/1,2,0,0
2026-09-04 06:17:00.0000000,2. T1 PFC RX from 03t0,lvl02-0101-0827-16t1,ethernet6/1,6,0,0
2026-09-04 06:16:00.0000000,2. T1 PFC RX from 03t0,lvl02-0101-0827-11t1,ethernet6/1,6,0,0
2026-09-04 06:16:00.0000000,2. T1 PFC RX from 03t0,lvl02-0101-0827-11t1,ethernet6/1,2,0,0
2026-09-04 06:16:00.0000000,2. T1 PFC RX from 03t0,lvl02-0101-0827-15t1,ethernet6/1,6,0,121
2026-09-04 06:16:00.0000000,2. T1 PFC RX from 03t0,lvl02-0101-0827-15t1,ethernet6/1,2,0,0
2026-09-04 06:15:00.0000000,2. T1 PFC RX from 03t0,lvl02-0101-0827-13t1,ethernet6/1,2,0,0
2026-09-04 06:15:00.0000000,2. T1 PFC RX from 03t0,lvl02-0101-0827-13t1,ethernet6/1,6,0,0
2026-09-04 06:14:00.0000000,2. T1 PFC RX from 03t0,lvl02-0101-0827-12t1,ethernet6/1,2,0,0
2026-09-04 06:14:00.0000000,2. T1 PFC RX from 03t0,lvl02-0101-0827-12t1,ethernet6/1,6,0,43
2026-09-04 06:13:00.0000000,2. T1 PFC RX from 03t0,lvl02-0101-0827-14t1,ethernet6/1,2,0,0
2026-09-04 06:13:00.0000000,2. T1 PFC RX from 03t0,lvl02-0101-0827-14t1,ethernet6/1,6,0,48
2026-09-04 06:13:00.0000000,2. T1 PFC RX from 03t0,lvl02-0101-0827-17t1,ethernet6/1,2,0,0
2026-09-04 06:13:00.0000000,2. T1 PFC RX from 03t0,lvl02-0101-0827-17t1,ethernet6/1,6,0,5
2026-09-04 06:12:00.0000000,2. T1 PFC RX from 03t0,lvl02-0101-0827-16t1,ethernet6/1,2,0,0
2026-09-04 06:12:00.0000000,2. T1 PFC RX from 03t0,lvl02-0101-0827-16t1,ethernet6/1,6,0,74
2026-09-04 06:11:00.0000000,2. T1 PFC RX from 03t0,lvl02-0101-0827-11t1,ethernet6/1,2,0,0
2026-09-04 06:11:00.0000000,2. T1 PFC RX from 03t0,lvl02-0101-0827-15t1,ethernet6/1,2,0,0
2026-09-04 06:11:00.0000000,2. T1 PFC RX from 03t0,lvl02-0101-0827-18t1,ethernet6/1,6,0,0
2026-09-04 06:11:00.0000000,2. T1 PFC RX from 03t0,lvl02-0101-0827-18t1,ethernet6/1,2,0,0
2026-09-04 06:11:00.0000000,2. T1 PFC RX from 03t0,lvl02-0101-0827-15t1,ethernet6/1,6,0,0
2026-09-04 06:11:00.0000000,2. T1 PFC RX from 03t0,lvl02-0101-0827-11t1,ethernet6/1,6,0,0
2026-09-04 06:10:00.0000000,2. T1 PFC RX from 03t0,lvl02-0101-0827-13t1,ethernet6/1,6,0,0
2026-09-04 06:10:00.0000000,2. T1 PFC RX from 03t0,lvl02-0101-0827-13t1,ethernet6/1,2,0,0
2026-09-04 06:09:00.0000000,2. T1 PFC RX from 03t0,lvl02-0101-0827-12t1,ethernet6/1,6,0,0
2026-09-04 06:09:00.0000000,2. T1 PFC RX from 03t0,lvl02-0101-0827-12t1,ethernet6/1,2,0,0
2026-09-04 06:08:00.0000000,2. T1 PFC RX from 03t0,lvl02-0101-0827-17t1,ethernet6/1,6,0,0
2026-09-04 06:08:00.0000000,2. T1 PFC RX from 03t0,lvl02-0101-0827-17t1,ethernet6/1,2,0,0
2026-09-04 06:08:00.0000000,2. T1 PFC RX from 03t0,lvl02-0101-0827-14t1,ethernet6/1,6,0,0
2026-09-04 06:08:00.0000000,2. T1 PFC RX from 03t0,lvl02-0101-0827-14t1,ethernet6/1,2,0,0
2026-09-04 06:07:00.0000000,2. T1 PFC RX from 03t0,lvl02-0101-0827-15t1,ethernet6/1,2,0,0
2026-09-04 06:07:00.0000000,2. T1 PFC RX from 03t0,lvl02-0101-0827-15t1,ethernet6/1,6,0,0
2026-09-04 06:07:00.0000000,2. T1 PFC RX from 03t0,lvl02-0101-0827-16t1,ethernet6/1,2,0,0
2026-09-04 06:07:00.0000000,2. T1 PFC RX from 03t0,lvl02-0101-0827-16t1,ethernet6/1,6,0,0
2026-09-04 06:06:00.0000000,2. T1 PFC RX from 03t0,lvl02-0101-0827-11t1,ethernet6/1,6,0,0
2026-09-04 06:06:00.0000000,2. T1 PFC RX from 03t0,lvl02-0101-0827-11t1,ethernet6/1,2,0,0
2026-09-04 06:06:00.0000000,2. T1 PFC RX from 03t0,lvl02-0101-0827-18t1,ethernet6/1,6,0,0
2026-09-04 06:06:00.0000000,2. T1 PFC RX from 03t0,lvl02-0101-0827-18t1,ethernet6/1,2,0,0
2026-09-04 06:05:00.0000000,2. T1 PFC RX from 03t0,lvl02-0101-0827-13t1,ethernet6/1,2,0,0
2026-09-04 06:05:00.0000000,2. T1 PFC RX from 03t0,lvl02-0101-0827-13t1,ethernet6/1,6,0,0
2026-09-04 06:04:00.0000000,2. T1 PFC RX from 03t0,lvl02-0101-0827-12t1,ethernet6/1,6,0,0
2026-09-04 06:04:00.0000000,2. T1 PFC RX from 03t0,lvl02-0101-0827-12t1,ethernet6/1,2,0,0
2026-09-04 06:03:00.0000000,2. T1 PFC RX from 03t0,lvl02-0101-0827-14t1,ethernet6/1,2,0,0
2026-09-04 06:03:00.0000000,2. T1 PFC RX from 03t0,lvl02-0101-0827-14t1,ethernet6/1,6,0,0
2026-09-04 06:03:00.0000000,2. T1 PFC RX from 03t0,lvl02-0101-0827-17t1,ethernet6/1,2,0,0
2026-09-04 06:03:00.0000000,2. T1 PFC RX from 03t0,lvl02-0101-0827-17t1,ethernet6/1,6,0,0
2026-09-04 06:02:00.0000000,2. T1 PFC RX from 03t0,lvl02-0101-0827-16t1,ethernet6/1,6,0,0
2026-09-04 06:02:00.0000000,2. T1 PFC RX from 03t0,lvl02-0101-0827-16t1,ethernet6/1,2,0,0
2026-09-04 06:02:00.0000000,2. T1 PFC RX from 03t0,lvl02-0101-0827-15t1,ethernet6/1,2,0,0
2026-09-04 06:02:00.0000000,2. T1 PFC RX from 03t0,lvl02-0101-0827-15t1,ethernet6/1,6,0,0
2026-09-04 06:01:00.0000000,2. T1 PFC RX from 03t0,lvl02-0101-0827-18t1,ethernet6/1,6,0,0
2026-09-04 06:01:00.0000000,2. T1 PFC RX from 03t0,lvl02-0101-0827-18t1,ethernet6/1,2,0,0
2026-09-04 06:01:00.0000000,2. T1 PFC RX from 03t0,lvl02-0101-0827-11t1,ethernet6/1,6,0,0
2026-09-04 06:01:00.0000000,2. T1 PFC RX from 03t0,lvl02-0101-0827-11t1,ethernet6/1,2,0,0
2026-09-04 06:00:00.0000000,2. T1 PFC RX from 03t0,lvl02-0101-0827-13t1,ethernet6/1,6,0,0
2026-09-04 06:00:00.0000000,2. T1 PFC RX from 03t0,lvl02-0101-0827-13t1,ethernet6/1,2,0,0
2026-09-04 05:59:00.0000000,2. T1 PFC RX from 03t0,lvl02-0101-0827-12t1,ethernet6/1,6,0,0
2026-09-04 05:59:00.0000000,2. T1 PFC RX from 03t0,lvl02-0101-0827-12t1,ethernet6/1,2,0,0
2026-09-04 05:58:00.0000000,2. T1 PFC RX from 03t0,lvl02-0101-0827-14t1,ethernet6/1,6,0,102
2026-09-04 05:58:00.0000000,2. T1 PFC RX from 03t0,lvl02-0101-0827-17t1,ethernet6/1,6,0,113
2026-09-04 05:58:00.0000000,2. T1 PFC RX from 03t0,lvl02-0101-0827-17t1,ethernet6/1,2,0,0
2026-09-04 05:58:00.0000000,2. T1 PFC RX from 03t0,lvl02-0101-0827-14t1,ethernet6/1,2,0,0
2026-09-04 05:57:00.0000000,2. T1 PFC RX from 03t0,lvl02-0101-0827-15t1,ethernet6/1,2,0,0
2026-09-04 05:57:00.0000000,2. T1 PFC RX from 03t0,lvl02-0101-0827-15t1,ethernet6/1,6,0,0
2026-09-04 05:57:00.0000000,2. T1 PFC RX from 03t0,lvl02-0101-0827-16t1,ethernet6/1,6,0,46
2026-09-04 05:57:00.0000000,2. T1 PFC RX from 03t0,lvl02-0101-0827-16t1,ethernet6/1,2,0,0
2026-09-04 05:56:00.0000000,2. T1 PFC RX from 03t0,lvl02-0101-0827-18t1,ethernet6/1,2,0,0
2026-09-04 05:56:00.0000000,2. T1 PFC RX from 03t0,lvl02-0101-0827-18t1,ethernet6/1,6,0,0
2026-09-04 05:56:00.0000000,2. T1 PFC RX from 03t0,lvl02-0101-0827-11t1,ethernet6/1,6,0,0
2026-09-04 05:56:00.0000000,2. T1 PFC RX from 03t0,lvl02-0101-0827-11t1,ethernet6/1,2,0,0
2026-09-04 05:55:00.0000000,2. T1 PFC RX from 03t0,lvl02-0101-0827-13t1,ethernet6/1,6,0,27
2026-09-04 05:55:00.0000000,2. T1 PFC RX from 03t0,lvl02-0101-0827-13t1,ethernet6/1,2,0,0
2026-09-04 05:54:00.0000000,2. T1 PFC RX from 03t0,lvl02-0101-0827-12t1,ethernet6/1,6,0,97
2026-09-04 05:54:00.0000000,2. T1 PFC RX from 03t0,lvl02-0101-0827-12t1,ethernet6/1,2,0,0
2026-09-04 05:53:00.0000000,2. T1 PFC RX from 03t0,lvl02-0101-0827-14t1,ethernet6/1,2,0,0
2026-09-04 05:53:00.0000000,2. T1 PFC RX from 03t0,lvl02-0101-0827-14t1,ethernet6/1,6,0,0
2026-09-04 05:53:00.0000000,2. T1 PFC RX from 03t0,lvl02-0101-0827-17t1,ethernet6/1,6,0,15
2026-09-04 05:53:00.0000000,2. T1 PFC RX from 03t0,lvl02-0101-0827-17t1,ethernet6/1,2,0,0
2026-09-04 05:52:00.0000000,2. T1 PFC RX from 03t0,lvl02-0101-0827-15t1,ethernet6/1,6,0,0
2026-09-04 05:52:00.0000000,2. T1 PFC RX from 03t0,lvl02-0101-0827-16t1,ethernet6/1,6,0,7
2026-09-04 05:52:00.0000000,2. T1 PFC RX from 03t0,lvl02-0101-0827-16t1,ethernet6/1,2,0,0
2026-09-04 05:52:00.0000000,2. T1 PFC RX from 03t0,lvl02-0101-0827-15t1,ethernet6/1,2,0,0
2026-09-04 05:51:00.0000000,2. T1 PFC RX from 03t0,lvl02-0101-0827-11t1,ethernet6/1,6,0,0
2026-09-04 05:51:00.0000000,2. T1 PFC RX from 03t0,lvl02-0101-0827-18t1,ethernet6/1,6,0,0
2026-09-04 05:51:00.0000000,2. T1 PFC RX from 03t0,lvl02-0101-0827-18t1,ethernet6/1,2,0,0
2026-09-04 05:51:00.0000000,2. T1 PFC RX from 03t0,lvl02-0101-0827-11t1,ethernet6/1,2,0,0
2026-09-04 05:50:00.0000000,2. T1 PFC RX from 03t0,lvl02-0101-0827-13t1,ethernet6/1,6,0,0
2026-09-04 05:50:00.0000000,2. T1 PFC RX from 03t0,lvl02-0101-0827-13t1,ethernet6/1,2,0,0
2026-09-04 05:49:00.0000000,2. T1 PFC RX from 03t0,lvl02-0101-0827-12t1,ethernet6/1,2,0,0
2026-09-04 05:49:00.0000000,2. T1 PFC RX from 03t0,lvl02-0101-0827-12t1,ethernet6/1,6,0,0
2026-09-04 05:48:00.0000000,2. T1 PFC RX from 03t0,lvl02-0101-0827-14t1,ethernet6/1,6,479,0
2026-09-04 05:48:00.0000000,2. T1 PFC RX from 03t0,lvl02-0101-0827-14t1,ethernet6/1,2,0,0
2026-09-04 05:48:00.0000000,2. T1 PFC RX from 03t0,lvl02-0101-0827-17t1,ethernet6/1,2,0,0
2026-09-04 05:48:00.0000000,2. T1 PFC RX from 03t0,lvl02-0101-0827-17t1,ethernet6/1,6,0,0
2026-09-04 05:47:00.0000000,2. T1 PFC RX from 03t0,lvl02-0101-0827-16t1,ethernet6/1,2,0,0
2026-09-04 05:47:00.0000000,2. T1 PFC RX from 03t0,lvl02-0101-0827-15t1,ethernet6/1,2,0,0
2026-09-04 05:47:00.0000000,2. T1 PFC RX from 03t0,lvl02-0101-0827-15t1,ethernet6/1,6,322,0
2026-09-04 05:47:00.0000000,2. T1 PFC RX from 03t0,lvl02-0101-0827-16t1,ethernet6/1,6,268,0
2026-09-04 05:46:00.0000000,2. T1 PFC RX from 03t0,lvl02-0101-0827-18t1,ethernet6/1,6,306,0
2026-09-04 05:46:00.0000000,2. T1 PFC RX from 03t0,lvl02-0101-0827-11t1,ethernet6/1,6,674,8
2026-09-04 05:46:00.0000000,2. T1 PFC RX from 03t0,lvl02-0101-0827-11t1,ethernet6/1,2,0,0
2026-09-04 05:46:00.0000000,2. T1 PFC RX from 03t0,lvl02-0101-0827-18t1,ethernet6/1,2,0,0
2026-09-04 05:45:00.0000000,2. T1 PFC RX from 03t0,lvl02-0101-0827-13t1,ethernet6/1,2,0,0
2026-09-04 05:45:00.0000000,2. T1 PFC RX from 03t0,lvl02-0101-0827-13t1,ethernet6/1,6,253,13
2026-09-04 05:44:00.0000000,2. T1 PFC RX from 03t0,lvl02-0101-0827-12t1,ethernet6/1,2,0,0
2026-09-04 05:44:00.0000000,2. T1 PFC RX from 03t0,lvl02-0101-0827-12t1,ethernet6/1,6,1980,20
2026-09-04 05:43:00.0000000,2. T1 PFC RX from 03t0,lvl02-0101-0827-14t1,ethernet6/1,6,1770,8
2026-09-04 05:43:00.0000000,2. T1 PFC RX from 03t0,lvl02-0101-0827-14t1,ethernet6/1,2,0,0
2026-09-04 05:43:00.0000000,2. T1 PFC RX from 03t0,lvl02-0101-0827-17t1,ethernet6/1,2,0,0
2026-09-04 05:43:00.0000000,2. T1 PFC RX from 03t0,lvl02-0101-0827-17t1,ethernet6/1,6,223,0
2026-09-04 05:42:00.0000000,2. T1 PFC RX from 03t0,lvl02-0101-0827-18t1,ethernet6/1,6,4477,38
2026-09-04 05:42:00.0000000,2. T1 PFC RX from 03t0,lvl02-0101-0827-18t1,ethernet6/1,2,0,0
2026-09-04 05:42:00.0000000,2. T1 PFC RX from 03t0,lvl02-0101-0827-16t1,ethernet6/1,2,0,0
2026-09-04 05:42:00.0000000,2. T1 PFC RX from 03t0,lvl02-0101-0827-16t1,ethernet6/1,6,171,0
2026-09-04 05:42:00.0000000,2. T1 PFC RX from 03t0,lvl02-0101-0827-15t1,ethernet6/1,2,0,0
2026-09-04 05:42:00.0000000,2. T1 PFC RX from 03t0,lvl02-0101-0827-15t1,ethernet6/1,6,2211,0
2026-09-04 05:41:00.0000000,2. T1 PFC RX from 03t0,lvl02-0101-0827-11t1,ethernet6/1,2,0,0
2026-09-04 05:41:00.0000000,2. T1 PFC RX from 03t0,lvl02-0101-0827-11t1,ethernet6/1,6,2552,0
2026-09-04 05:40:00.0000000,2. T1 PFC RX from 03t0,lvl02-0101-0827-13t1,ethernet6/1,2,0,0
2026-09-04 05:40:00.0000000,2. T1 PFC RX from 03t0,lvl02-0101-0827-13t1,ethernet6/1,6,2599,0
2026-09-04 05:39:00.0000000,2. T1 PFC RX from 03t0,lvl02-0101-0827-12t1,ethernet6/1,6,68,38
2026-09-04 05:39:00.0000000,2. T1 PFC RX from 03t0,lvl02-0101-0827-12t1,ethernet6/1,2,0,0
2026-09-04 05:38:00.0000000,2. T1 PFC RX from 03t0,lvl02-0101-0827-17t1,ethernet6/1,6,0,48
2026-09-04 05:38:00.0000000,2. T1 PFC RX from 03t0,lvl02-0101-0827-14t1,ethernet6/1,2,0,0
2026-09-04 05:38:00.0000000,2. T1 PFC RX from 03t0,lvl02-0101-0827-17t1,ethernet6/1,2,0,0
2026-09-04 05:38:00.0000000,2. T1 PFC RX from 03t0,lvl02-0101-0827-14t1,ethernet6/1,6,1280,71
2026-09-04 05:37:00.0000000,2. T1 PFC RX from 03t0,lvl02-0101-0827-16t1,ethernet6/1,2,0,0
2026-09-04 05:37:00.0000000,2. T1 PFC RX from 03t0,lvl02-0101-0827-16t1,ethernet6/1,6,417,11
2026-09-04 05:37:00.0000000,2. T1 PFC RX from 03t0,lvl02-0101-0827-18t1,ethernet6/1,6,19,101
2026-09-04 05:37:00.0000000,2. T1 PFC RX from 03t0,lvl02-0101-0827-18t1,ethernet6/1,2,0,0
2026-09-04 05:37:00.0000000,2. T1 PFC RX from 03t0,lvl02-0101-0827-15t1,ethernet6/1,6,602,83
2026-09-04 05:37:00.0000000,2. T1 PFC RX from 03t0,lvl02-0101-0827-15t1,ethernet6/1,2,0,0
2026-09-04 05:36:00.0000000,2. T1 PFC RX from 03t0,lvl02-0101-0827-11t1,ethernet6/1,6,177,60
2026-09-04 05:36:00.0000000,2. T1 PFC RX from 03t0,lvl02-0101-0827-11t1,ethernet6/1,2,0,0
2026-09-04 05:35:00.0000000,2. T1 PFC RX from 03t0,lvl02-0101-0827-13t1,ethernet6/1,2,0,0
2026-09-04 05:35:00.0000000,2. T1 PFC RX from 03t0,lvl02-0101-0827-13t1,ethernet6/1,6,118,10
2026-09-04 05:34:00.0000000,2. T1 PFC RX from 03t0,lvl02-0101-0827-12t1,ethernet6/1,2,0,0
2026-09-04 05:34:00.0000000,2. T1 PFC RX from 03t0,lvl02-0101-0827-12t1,ethernet6/1,6,0,80
2026-09-04 05:33:00.0000000,2. T1 PFC RX from 03t0,lvl02-0101-0827-14t1,ethernet6/1,2,0,0
2026-09-04 05:33:00.0000000,2. T1 PFC RX from 03t0,lvl02-0101-0827-14t1,ethernet6/1,6,0,71
2026-09-04 05:33:00.0000000,2. T1 PFC RX from 03t0,lvl02-0101-0827-17t1,ethernet6/1,6,0,11
2026-09-04 05:33:00.0000000,2. T1 PFC RX from 03t0,lvl02-0101-0827-17t1,ethernet6/1,2,0,0
2026-09-04 05:32:00.0000000,2. T1 PFC RX from 03t0,lvl02-0101-0827-18t1,ethernet6/1,6,0,0
2026-09-04 05:32:00.0000000,2. T1 PFC RX from 03t0,lvl02-0101-0827-18t1,ethernet6/1,2,0,0
2026-09-04 05:32:00.0000000,2. T1 PFC RX from 03t0,lvl02-0101-0827-16t1,ethernet6/1,2,0,0
2026-09-04 05:32:00.0000000,2. T1 PFC RX from 03t0,lvl02-0101-0827-16t1,ethernet6/1,6,0,0
2026-09-04 05:32:00.0000000,2. T1 PFC RX from 03t0,lvl02-0101-0827-15t1,ethernet6/1,6,0,146
2026-09-04 05:32:00.0000000,2. T1 PFC RX from 03t0,lvl02-0101-0827-15t1,ethernet6/1,2,0,0
2026-09-04 05:31:00.0000000,2. T1 PFC RX from 03t0,lvl02-0101-0827-11t1,ethernet6/1,6,0,53
2026-09-04 05:31:00.0000000,2. T1 PFC RX from 03t0,lvl02-0101-0827-11t1,ethernet6/1,2,0,0
2026-09-04 05:30:00.0000000,2. T1 PFC RX from 03t0,lvl02-0101-0827-13t1,ethernet6/1,6,0,8
2026-09-04 05:30:00.0000000,2. T1 PFC RX from 03t0,lvl02-0101-0827-13t1,ethernet6/1,2,0,0
2026-09-04 05:29:00.0000000,2. T1 PFC RX from 03t0,lvl02-0101-0827-12t1,ethernet6/1,6,0,6
2026-09-04 05:29:00.0000000,2. T1 PFC RX from 03t0,lvl02-0101-0827-12t1,ethernet6/1,2,0,0
2026-09-04 05:28:00.0000000,2. T1 PFC RX from 03t0,lvl02-0101-0827-17t1,ethernet6/1,2,0,0
2026-09-04 05:28:00.0000000,2. T1 PFC RX from 03t0,lvl02-0101-0827-17t1,ethernet6/1,6,0,33
2026-09-04 05:28:00.0000000,2. T1 PFC RX from 03t0,lvl02-0101-0827-14t1,ethernet6/1,6,0,106
2026-09-04 05:28:00.0000000,2. T1 PFC RX from 03t0,lvl02-0101-0827-14t1,ethernet6/1,2,0,0
2026-09-04 05:27:00.0000000,2. T1 PFC RX from 03t0,lvl02-0101-0827-18t1,ethernet6/1,2,0,0
2026-09-04 05:27:00.0000000,2. T1 PFC RX from 03t0,lvl02-0101-0827-18t1,ethernet6/1,6,0,0
2026-09-04 05:27:00.0000000,2. T1 PFC RX from 03t0,lvl02-0101-0827-16t1,ethernet6/1,2,0,0
2026-09-04 05:27:00.0000000,2. T1 PFC RX from 03t0,lvl02-0101-0827-16t1,ethernet6/1,6,0,0
2026-09-04 05:27:00.0000000,2. T1 PFC RX from 03t0,lvl02-0101-0827-15t1,ethernet6/1,2,0,0
2026-09-04 05:27:00.0000000,2. T1 PFC RX from 03t0,lvl02-0101-0827-15t1,ethernet6/1,6,0,0
2026-09-04 05:26:00.0000000,2. T1 PFC RX from 03t0,lvl02-0101-0827-11t1,ethernet6/1,2,0,0
2026-09-04 05:26:00.0000000,2. T1 PFC RX from 03t0,lvl02-0101-0827-11t1,ethernet6/1,6,0,0
2026-09-04 05:25:00.0000000,2. T1 PFC RX from 03t0,lvl02-0101-0827-13t1,ethernet6/1,6,0,34
2026-09-04 05:25:00.0000000,2. T1 PFC RX from 03t0,lvl02-0101-0827-13t1,ethernet6/1,2,0,0
2026-09-04 05:24:00.0000000,2. T1 PFC RX from 03t0,lvl02-0101-0827-12t1,ethernet6/1,2,0,0
2026-09-04 05:24:00.0000000,2. T1 PFC RX from 03t0,lvl02-0101-0827-12t1,ethernet6/1,6,0,20
2026-09-04 05:23:00.0000000,2. T1 PFC RX from 03t0,lvl02-0101-0827-17t1,ethernet6/1,6,0,0
2026-09-04 05:23:00.0000000,2. T1 PFC RX from 03t0,lvl02-0101-0827-17t1,ethernet6/1,2,0,0
2026-09-04 05:23:00.0000000,2. T1 PFC RX from 03t0,lvl02-0101-0827-14t1,ethernet6/1,6,0,275
2026-09-04 05:23:00.0000000,2. T1 PFC RX from 03t0,lvl02-0101-0827-14t1,ethernet6/1,2,0,0
2026-09-04 05:22:00.0000000,2. T1 PFC RX from 03t0,lvl02-0101-0827-15t1,ethernet6/1,6,0,134
2026-09-04 05:22:00.0000000,2. T1 PFC RX from 03t0,lvl02-0101-0827-15t1,ethernet6/1,2,0,0
2026-09-04 05:22:00.0000000,2. T1 PFC RX from 03t0,lvl02-0101-0827-16t1,ethernet6/1,2,0,0
2026-09-04 05:22:00.0000000,2. T1 PFC RX from 03t0,lvl02-0101-0827-18t1,ethernet6/1,6,0,180
2026-09-04 05:22:00.0000000,2. T1 PFC RX from 03t0,lvl02-0101-0827-18t1,ethernet6/1,2,0,0
2026-09-04 05:22:00.0000000,2. T1 PFC RX from 03t0,lvl02-0101-0827-16t1,ethernet6/1,6,0,11
2026-09-04 05:21:00.0000000,2. T1 PFC RX from 03t0,lvl02-0101-0827-11t1,ethernet6/1,6,0,70
2026-09-04 05:21:00.0000000,2. T1 PFC RX from 03t0,lvl02-0101-0827-11t1,ethernet6/1,2,0,0
2026-09-04 05:20:00.0000000,2. T1 PFC RX from 03t0,lvl02-0101-0827-13t1,ethernet6/1,2,0,0
2026-09-04 05:20:00.0000000,2. T1 PFC RX from 03t0,lvl02-0101-0827-13t1,ethernet6/1,6,0,35512
2026-09-04 05:19:00.0000000,2. T1 PFC RX from 03t0,lvl02-0101-0827-12t1,ethernet6/1,6,0,130285
2026-09-04 05:19:00.0000000,2. T1 PFC RX from 03t0,lvl02-0101-0827-12t1,ethernet6/1,2,0,0
2026-09-04 05:18:00.0000000,2. T1 PFC RX from 03t0,lvl02-0101-0827-17t1,ethernet6/1,2,0,0
2026-09-04 05:18:00.0000000,2. T1 PFC RX from 03t0,lvl02-0101-0827-17t1,ethernet6/1,6,0,181941
2026-09-04 05:18:00.0000000,2. T1 PFC RX from 03t0,lvl02-0101-0827-14t1,ethernet6/1,6,0,791456
2026-09-04 05:18:00.0000000,2. T1 PFC RX from 03t0,lvl02-0101-0827-14t1,ethernet6/1,2,0,0
2026-09-04 05:17:00.0000000,2. T1 PFC RX from 03t0,lvl02-0101-0827-16t1,ethernet6/1,2,0,0
2026-09-04 05:17:00.0000000,2. T1 PFC RX from 03t0,lvl02-0101-0827-16t1,ethernet6/1,6,0,321141
2026-09-04 05:17:00.0000000,2. T1 PFC RX from 03t0,lvl02-0101-0827-18t1,ethernet6/1,2,0,0
2026-09-04 05:17:00.0000000,2. T1 PFC RX from 03t0,lvl02-0101-0827-15t1,ethernet6/1,6,0,468305
2026-09-04 05:17:00.0000000,2. T1 PFC RX from 03t0,lvl02-0101-0827-15t1,ethernet6/1,2,0,0
2026-09-04 05:17:00.0000000,2. T1 PFC RX from 03t0,lvl02-0101-0827-18t1,ethernet6/1,6,0,725205
2026-09-04 05:16:00.0000000,2. T1 PFC RX from 03t0,lvl02-0101-0827-11t1,ethernet6/1,6,0,674369
2026-09-04 05:16:00.0000000,2. T1 PFC RX from 03t0,lvl02-0101-0827-11t1,ethernet6/1,2,0,0
2026-09-04 05:15:00.0000000,2. T1 PFC RX from 03t0,lvl02-0101-0827-13t1,ethernet6/1,2,0,0
2026-09-04 05:15:00.0000000,2. T1 PFC RX from 03t0,lvl02-0101-0827-13t1,ethernet6/1,6,0,419420
2026-09-04 05:14:00.0000000,2. T1 PFC RX from 03t0,lvl02-0101-0827-12t1,ethernet6/1,2,0,0
2026-09-04 05:14:00.0000000,2. T1 PFC RX from 03t0,lvl02-0101-0827-12t1,ethernet6/1,6,0,425956
2026-09-04 05:13:00.0000000,2. T1 PFC RX from 03t0,lvl02-0101-0827-14t1,ethernet6/1,2,0,0
2026-09-04 05:13:00.0000000,2. T1 PFC RX from 03t0,lvl02-0101-0827-14t1,ethernet6/1,6,0,649243
2026-09-04 05:13:00.0000000,2. T1 PFC RX from 03t0,lvl02-0101-0827-17t1,ethernet6/1,6,0,585490
2026-09-04 05:13:00.0000000,2. T1 PFC RX from 03t0,lvl02-0101-0827-17t1,ethernet6/1,2,0,0
2026-09-04 05:12:00.0000000,2. T1 PFC RX from 03t0,lvl02-0101-0827-15t1,ethernet6/1,6,0,786386
2026-09-04 05:12:00.0000000,2. T1 PFC RX from 03t0,lvl02-0101-0827-16t1,ethernet6/1,2,0,0
2026-09-04 05:12:00.0000000,2. T1 PFC RX from 03t0,lvl02-0101-0827-16t1,ethernet6/1,6,0,701833
2026-09-04 05:12:00.0000000,2. T1 PFC RX from 03t0,lvl02-0101-0827-15t1,ethernet6/1,2,0,0
2026-09-04 05:12:00.0000000,2. T1 PFC RX from 03t0,lvl02-0101-0827-18t1,ethernet6/1,6,0,854859
2026-09-04 05:12:00.0000000,2. T1 PFC RX from 03t0,lvl02-0101-0827-18t1,ethernet6/1,2,0,0
2026-09-04 05:11:00.0000000,2. T1 PFC RX from 03t0,lvl02-0101-0827-11t1,ethernet6/1,2,0,0
2026-09-04 05:11:00.0000000,2. T1 PFC RX from 03t0,lvl02-0101-0827-11t1,ethernet6/1,6,0,882888
2026-09-04 05:10:00.0000000,2. T1 PFC RX from 03t0,lvl02-0101-0827-13t1,ethernet6/1,2,0,0
2026-09-04 05:10:00.0000000,2. T1 PFC RX from 03t0,lvl02-0101-0827-13t1,ethernet6/1,6,0,1038493
2026-09-04 05:09:00.0000000,2. T1 PFC RX from 03t0,lvl02-0101-0827-12t1,ethernet6/1,2,0,0
2026-09-04 05:09:00.0000000,2. T1 PFC RX from 03t0,lvl02-0101-0827-12t1,ethernet6/1,6,0,1044404
2026-09-04 05:08:00.0000000,2. T1 PFC RX from 03t0,lvl02-0101-0827-17t1,ethernet6/1,6,0,1000862
2026-09-04 05:08:00.0000000,2. T1 PFC RX from 03t0,lvl02-0101-0827-17t1,ethernet6/1,2,0,0
2026-09-04 05:08:00.0000000,2. T1 PFC RX from 03t0,lvl02-0101-0827-14t1,ethernet6/1,6,0,471002
2026-09-04 05:08:00.0000000,2. T1 PFC RX from 03t0,lvl02-0101-0827-14t1,ethernet6/1,2,0,0
2026-09-04 05:07:00.0000000,2. T1 PFC RX from 03t0,lvl02-0101-0827-15t1,ethernet6/1,2,0,0
2026-09-04 05:07:00.0000000,2. T1 PFC RX from 03t0,lvl02-0101-0827-15t1,ethernet6/1,6,0,962982
2026-09-04 05:07:00.0000000,2. T1 PFC RX from 03t0,lvl02-0101-0827-18t1,ethernet6/1,6,0,851548
2026-09-04 05:07:00.0000000,2. T1 PFC RX from 03t0,lvl02-0101-0827-16t1,ethernet6/1,6,0,544063
2026-09-04 05:07:00.0000000,2. T1 PFC RX from 03t0,lvl02-0101-0827-18t1,ethernet6/1,2,0,0
2026-09-04 05:07:00.0000000,2. T1 PFC RX from 03t0,lvl02-0101-0827-16t1,ethernet6/1,2,0,0
2026-09-04 05:06:00.0000000,2. T1 PFC RX from 03t0,lvl02-0101-0827-11t1,ethernet6/1,6,0,381446
2026-09-04 05:06:00.0000000,2. T1 PFC RX from 03t0,lvl02-0101-0827-11t1,ethernet6/1,2,0,0
2026-09-04 05:05:00.0000000,2. T1 PFC RX from 03t0,lvl02-0101-0827-13t1,ethernet6/1,2,0,0
2026-09-04 05:05:00.0000000,2. T1 PFC RX from 03t0,lvl02-0101-0827-13t1,ethernet6/1,6,0,907382
2026-09-04 05:04:00.0000000,2. T1 PFC RX from 03t0,lvl02-0101-0827-12t1,ethernet6/1,6,0,763870
2026-09-04 05:04:00.0000000,2. T1 PFC RX from 03t0,lvl02-0101-0827-12t1,ethernet6/1,2,0,0
2026-09-04 05:03:00.0000000,2. T1 PFC RX from 03t0,lvl02-0101-0827-17t1,ethernet6/1,2,0,0
2026-09-04 05:03:00.0000000,2. T1 PFC RX from 03t0,lvl02-0101-0827-17t1,ethernet6/1,6,0,794201
2026-09-04 05:03:00.0000000,2. T1 PFC RX from 03t0,lvl02-0101-0827-14t1,ethernet6/1,2,0,0
2026-09-04 05:03:00.0000000,2. T1 PFC RX from 03t0,lvl02-0101-0827-14t1,ethernet6/1,6,0,1100008
2026-09-04 05:02:00.0000000,2. T1 PFC RX from 03t0,lvl02-0101-0827-15t1,ethernet6/1,2,0,0
2026-09-04 05:02:00.0000000,2. T1 PFC RX from 03t0,lvl02-0101-0827-16t1,ethernet6/1,2,0,0
2026-09-04 05:02:00.0000000,2. T1 PFC RX from 03t0,lvl02-0101-0827-18t1,ethernet6/1,6,0,665111
2026-09-04 05:02:00.0000000,2. T1 PFC RX from 03t0,lvl02-0101-0827-18t1,ethernet6/1,2,0,0
2026-09-04 05:02:00.0000000,2. T1 PFC RX from 03t0,lvl02-0101-0827-15t1,ethernet6/1,6,0,924816
2026-09-04 05:02:00.0000000,2. T1 PFC RX from 03t0,lvl02-0101-0827-16t1,ethernet6/1,6,0,701876
2026-09-04 05:01:00.0000000,2. T1 PFC RX from 03t0,lvl02-0101-0827-11t1,ethernet6/1,6,0,489688
2026-09-04 05:01:00.0000000,2. T1 PFC RX from 03t0,lvl02-0101-0827-11t1,ethernet6/1,2,0,0
2026-09-04 05:00:00.0000000,2. T1 PFC RX from 03t0,lvl02-0101-0827-13t1,ethernet6/1,2,0,0
2026-09-04 05:00:00.0000000,2. T1 PFC RX from 03t0,lvl02-0101-0827-13t1,ethernet6/1,6,0,1091272
2026-09-04 04:59:00.0000000,2. T1 PFC RX from 03t0,lvl02-0101-0827-12t1,ethernet6/1,6,0,919572
2026-09-04 04:59:00.0000000,2. T1 PFC RX from 03t0,lvl02-0101-0827-12t1,ethernet6/1,2,0,0
2026-09-04 04:58:00.0000000,2. T1 PFC RX from 03t0,lvl02-0101-0827-17t1,ethernet6/1,6,0,1318964
2026-09-04 04:58:00.0000000,2. T1 PFC RX from 03t0,lvl02-0101-0827-17t1,ethernet6/1,2,0,0
2026-09-04 04:58:00.0000000,2. T1 PFC RX from 03t0,lvl02-0101-0827-14t1,ethernet6/1,6,0,1391896
2026-09-04 04:58:00.0000000,2. T1 PFC RX from 03t0,lvl02-0101-0827-14t1,ethernet6/1,2,0,0
2026-09-04 04:57:00.0000000,2. T1 PFC RX from 03t0,lvl02-0101-0827-15t1,ethernet6/1,2,0,0
2026-09-04 04:57:00.0000000,2. T1 PFC RX from 03t0,lvl02-0101-0827-15t1,ethernet6/1,6,0,1597810
2026-09-04 04:57:00.0000000,2. T1 PFC RX from 03t0,lvl02-0101-0827-18t1,ethernet6/1,6,0,1273110
2026-09-04 04:57:00.0000000,2. T1 PFC RX from 03t0,lvl02-0101-0827-18t1,ethernet6/1,2,0,0
2026-09-04 04:57:00.0000000,2. T1 PFC RX from 03t0,lvl02-0101-0827-16t1,ethernet6/1,6,0,1516839
2026-09-04 04:57:00.0000000,2. T1 PFC RX from 03t0,lvl02-0101-0827-16t1,ethernet6/1,2,0,0
2026-09-04 04:56:00.0000000,2. T1 PFC RX from 03t0,lvl02-0101-0827-11t1,ethernet6/1,2,0,0
2026-09-04 04:56:00.0000000,2. T1 PFC RX from 03t0,lvl02-0101-0827-11t1,ethernet6/1,6,0,1378300
2026-09-04 04:55:00.0000000,2. T1 PFC RX from 03t0,lvl02-0101-0827-13t1,ethernet6/1,6,6,1396239
2026-09-04 04:55:00.0000000,2. T1 PFC RX from 03t0,lvl02-0101-0827-13t1,ethernet6/1,2,0,0
2026-09-04 04:54:00.0000000,2. T1 PFC RX from 03t0,lvl02-0101-0827-12t1,ethernet6/1,6,0,1133929
2026-09-04 04:54:00.0000000,2. T1 PFC RX from 03t0,lvl02-0101-0827-12t1,ethernet6/1,2,0,0
2026-09-04 04:53:00.0000000,2. T1 PFC RX from 03t0,lvl02-0101-0827-17t1,ethernet6/1,6,0,1224379
2026-09-04 04:53:00.0000000,2. T1 PFC RX from 03t0,lvl02-0101-0827-17t1,ethernet6/1,2,0,0
2026-09-04 04:53:00.0000000,2. T1 PFC RX from 03t0,lvl02-0101-0827-14t1,ethernet6/1,2,0,0
2026-09-04 04:53:00.0000000,2. T1 PFC RX from 03t0,lvl02-0101-0827-14t1,ethernet6/1,6,0,929692
2026-09-04 04:52:00.0000000,2. T1 PFC RX from 03t0,lvl02-0101-0827-18t1,ethernet6/1,2,0,0
2026-09-04 04:52:00.0000000,2. T1 PFC RX from 03t0,lvl02-0101-0827-15t1,ethernet6/1,6,0,1095840
2026-09-04 04:52:00.0000000,2. T1 PFC RX from 03t0,lvl02-0101-0827-16t1,ethernet6/1,2,0,0
2026-09-04 04:52:00.0000000,2. T1 PFC RX from 03t0,lvl02-0101-0827-16t1,ethernet6/1,6,0,757018
2026-09-04 04:52:00.0000000,2. T1 PFC RX from 03t0,lvl02-0101-0827-15t1,ethernet6/1,2,0,0
2026-09-04 04:52:00.0000000,2. T1 PFC RX from 03t0,lvl02-0101-0827-18t1,ethernet6/1,6,0,532167
2026-09-04 04:51:00.0000000,2. T1 PFC RX from 03t0,lvl02-0101-0827-11t1,ethernet6/1,6,0,1080274
2026-09-04 04:51:00.0000000,2. T1 PFC RX from 03t0,lvl02-0101-0827-11t1,ethernet6/1,2,0,0
2026-09-04 04:50:00.0000000,2. T1 PFC RX from 03t0,lvl02-0101-0827-13t1,ethernet6/1,6,0,1085939
2026-09-04 04:50:00.0000000,2. T1 PFC RX from 03t0,lvl02-0101-0827-13t1,ethernet6/1,2,0,0
2026-09-04 04:49:00.0000000,2. T1 PFC RX from 03t0,lvl02-0101-0827-12t1,ethernet6/1,2,0,0
2026-09-04 04:49:00.0000000,2. T1 PFC RX from 03t0,lvl02-0101-0827-12t1,ethernet6/1,6,0,1016598
2026-09-04 04:48:00.0000000,2. T1 PFC RX from 03t0,lvl02-0101-0827-17t1,ethernet6/1,2,0,0
2026-09-04 04:48:00.0000000,2. T1 PFC RX from 03t0,lvl02-0101-0827-17t1,ethernet6/1,6,0,850169
2026-09-04 04:48:00.0000000,2. T1 PFC RX from 03t0,lvl02-0101-0827-14t1,ethernet6/1,6,0,594975
2026-09-04 04:48:00.0000000,2. T1 PFC RX from 03t0,lvl02-0101-0827-14t1,ethernet6/1,2,0,0
2026-09-04 04:47:00.0000000,2. T1 PFC RX from 03t0,lvl02-0101-0827-16t1,ethernet6/1,2,0,0
2026-09-04 04:47:00.0000000,2. T1 PFC RX from 03t0,lvl02-0101-0827-16t1,ethernet6/1,6,0,1232538
2026-09-04 04:47:00.0000000,2. T1 PFC RX from 03t0,lvl02-0101-0827-18t1,ethernet6/1,2,0,0
2026-09-04 04:47:00.0000000,2. T1 PFC RX from 03t0,lvl02-0101-0827-18t1,ethernet6/1,6,0,940756
2026-09-04 04:47:00.0000000,2. T1 PFC RX from 03t0,lvl02-0101-0827-15t1,ethernet6/1,2,0,0
2026-09-04 04:47:00.0000000,2. T1 PFC RX from 03t0,lvl02-0101-0827-15t1,ethernet6/1,6,0,488143
2026-09-04 04:46:00.0000000,2. T1 PFC RX from 03t0,lvl02-0101-0827-11t1,ethernet6/1,6,0,767286
2026-09-04 04:46:00.0000000,2. T1 PFC RX from 03t0,lvl02-0101-0827-11t1,ethernet6/1,2,0,0
2026-09-04 04:45:00.0000000,2. T1 PFC RX from 03t0,lvl02-0101-0827-13t1,ethernet6/1,2,0,0
2026-09-04 04:45:00.0000000,2. T1 PFC RX from 03t0,lvl02-0101-0827-13t1,ethernet6/1,6,0,858502
2026-09-04 04:44:00.0000000,2. T1 PFC RX from 03t0,lvl02-0101-0827-12t1,ethernet6/1,2,0,0
2026-09-04 04:44:00.0000000,2. T1 PFC RX from 03t0,lvl02-0101-0827-12t1,ethernet6/1,6,0,1117711
2026-09-04 04:43:00.0000000,2. T1 PFC RX from 03t0,lvl02-0101-0827-14t1,ethernet6/1,2,0,0
2026-09-04 04:43:00.0000000,2. T1 PFC RX from 03t0,lvl02-0101-0827-14t1,ethernet6/1,6,0,1022630
2026-09-04 04:43:00.0000000,2. T1 PFC RX from 03t0,lvl02-0101-0827-17t1,ethernet6/1,2,0,0
2026-09-04 04:43:00.0000000,2. T1 PFC RX from 03t0,lvl02-0101-0827-17t1,ethernet6/1,6,0,888872
2026-09-04 04:42:00.0000000,2. T1 PFC RX from 03t0,lvl02-0101-0827-15t1,ethernet6/1,2,0,0
2026-09-04 04:42:00.0000000,2. T1 PFC RX from 03t0,lvl02-0101-0827-18t1,ethernet6/1,2,0,0
2026-09-04 04:42:00.0000000,2. T1 PFC RX from 03t0,lvl02-0101-0827-16t1,ethernet6/1,6,0,673386
2026-09-04 04:42:00.0000000,2. T1 PFC RX from 03t0,lvl02-0101-0827-16t1,ethernet6/1,2,0,0
2026-09-04 04:42:00.0000000,2. T1 PFC RX from 03t0,lvl02-0101-0827-18t1,ethernet6/1,6,0,477436
2026-09-04 04:42:00.0000000,2. T1 PFC RX from 03t0,lvl02-0101-0827-15t1,ethernet6/1,6,0,636709
2026-09-04 04:41:00.0000000,2. T1 PFC RX from 03t0,lvl02-0101-0827-11t1,ethernet6/1,6,0,894639
2026-09-04 04:41:00.0000000,2. T1 PFC RX from 03t0,lvl02-0101-0827-11t1,ethernet6/1,2,0,0
2026-09-04 04:40:00.0000000,2. T1 PFC RX from 03t0,lvl02-0101-0827-13t1,ethernet6/1,6,0,744467
2026-09-04 04:40:00.0000000,2. T1 PFC RX from 03t0,lvl02-0101-0827-13t1,ethernet6/1,2,0,0
2026-09-04 04:39:00.0000000,2. T1 PFC RX from 03t0,lvl02-0101-0827-12t1,ethernet6/1,6,0,431365
2026-09-04 04:39:00.0000000,2. T1 PFC RX from 03t0,lvl02-0101-0827-12t1,ethernet6/1,2,0,0
2026-09-04 04:38:00.0000000,2. T1 PFC RX from 03t0,lvl02-0101-0827-14t1,ethernet6/1,6,0,529135
2026-09-04 04:38:00.0000000,2. T1 PFC RX from 03t0,lvl02-0101-0827-14t1,ethernet6/1,2,0,0
2026-09-04 04:38:00.0000000,2. T1 PFC RX from 03t0,lvl02-0101-0827-17t1,ethernet6/1,2,0,0
2026-09-04 04:38:00.0000000,2. T1 PFC RX from 03t0,lvl02-0101-0827-17t1,ethernet6/1,6,0,879520
2026-09-04 04:37:00.0000000,2. T1 PFC RX from 03t0,lvl02-0101-0827-16t1,ethernet6/1,2,0,0
2026-09-04 04:37:00.0000000,2. T1 PFC RX from 03t0,lvl02-0101-0827-16t1,ethernet6/1,6,0,856972
2026-09-04 04:37:00.0000000,2. T1 PFC RX from 03t0,lvl02-0101-0827-15t1,ethernet6/1,6,0,661132
2026-09-04 04:37:00.0000000,2. T1 PFC RX from 03t0,lvl02-0101-0827-18t1,ethernet6/1,2,0,0
2026-09-04 04:37:00.0000000,2. T1 PFC RX from 03t0,lvl02-0101-0827-18t1,ethernet6/1,6,0,470945
2026-09-04 04:37:00.0000000,2. T1 PFC RX from 03t0,lvl02-0101-0827-15t1,ethernet6/1,2,0,0
2026-09-04 04:36:00.0000000,2. T1 PFC RX from 03t0,lvl02-0101-0827-11t1,ethernet6/1,2,0,0
2026-09-04 04:36:00.0000000,2. T1 PFC RX from 03t0,lvl02-0101-0827-11t1,ethernet6/1,6,0,872193
2026-09-04 04:35:00.0000000,2. T1 PFC RX from 03t0,lvl02-0101-0827-13t1,ethernet6/1,6,0,590800
2026-09-04 04:35:00.0000000,2. T1 PFC RX from 03t0,lvl02-0101-0827-13t1,ethernet6/1,2,0,0
2026-09-04 04:34:00.0000000,2. T1 PFC RX from 03t0,lvl02-0101-0827-12t1,ethernet6/1,2,0,0
2026-09-04 04:34:00.0000000,2. T1 PFC RX from 03t0,lvl02-0101-0827-12t1,ethernet6/1,6,0,734352
2026-09-04 04:33:00.0000000,2. T1 PFC RX from 03t0,lvl02-0101-0827-17t1,ethernet6/1,2,0,0
2026-09-04 04:33:00.0000000,2. T1 PFC RX from 03t0,lvl02-0101-0827-14t1,ethernet6/1,6,0,1061446
2026-09-04 04:33:00.0000000,2. T1 PFC RX from 03t0,lvl02-0101-0827-14t1,ethernet6/1,2,0,0
2026-09-04 04:33:00.0000000,2. T1 PFC RX from 03t0,lvl02-0101-0827-17t1,ethernet6/1,6,0,1098489
2026-09-04 04:32:00.0000000,2. T1 PFC RX from 03t0,lvl02-0101-0827-16t1,ethernet6/1,2,0,0
2026-09-04 04:32:00.0000000,2. T1 PFC RX from 03t0,lvl02-0101-0827-16t1,ethernet6/1,6,0,1153056
2026-09-04 04:32:00.0000000,2. T1 PFC RX from 03t0,lvl02-0101-0827-15t1,ethernet6/1,2,0,0
2026-09-04 04:32:00.0000000,2. T1 PFC RX from 03t0,lvl02-0101-0827-15t1,ethernet6/1,6,0,860388
2026-09-04 04:32:00.0000000,2. T1 PFC RX from 03t0,lvl02-0101-0827-18t1,ethernet6/1,2,0,0
2026-09-04 04:32:00.0000000,2. T1 PFC RX from 03t0,lvl02-0101-0827-18t1,ethernet6/1,6,0,809820
2026-09-04 04:31:00.0000000,2. T1 PFC RX from 03t0,lvl02-0101-0827-11t1,ethernet6/1,6,0,1314426
2026-09-04 04:31:00.0000000,2. T1 PFC RX from 03t0,lvl02-0101-0827-11t1,ethernet6/1,2,0,0
2026-09-04 04:30:00.0000000,2. T1 PFC RX from 03t0,lvl02-0101-0827-13t1,ethernet6/1,6,0,1345105
2026-09-04 04:30:00.0000000,2. T1 PFC RX from 03t0,lvl02-0101-0827-13t1,ethernet6/1,2,0,0
2026-09-04 04:29:00.0000000,2. T1 PFC RX from 03t0,lvl02-0101-0827-12t1,ethernet6/1,6,0,1334654
2026-09-04 04:29:00.0000000,2. T1 PFC RX from 03t0,lvl02-0101-0827-12t1,ethernet6/1,2,0,0
2026-09-04 04:28:00.0000000,2. T1 PFC RX from 03t0,lvl02-0101-0827-14t1,ethernet6/1,6,0,1526933
2026-09-04 04:28:00.0000000,2. T1 PFC RX from 03t0,lvl02-0101-0827-14t1,ethernet6/1,2,0,0
2026-09-04 04:28:00.0000000,2. T1 PFC RX from 03t0,lvl02-0101-0827-17t1,ethernet6/1,6,0,1282678
2026-09-04 04:28:00.0000000,2. T1 PFC RX from 03t0,lvl02-0101-0827-17t1,ethernet6/1,2,0,0
2026-09-04 04:27:00.0000000,2. T1 PFC RX from 03t0,lvl02-0101-0827-16t1,ethernet6/1,6,0,1440695
2026-09-04 04:27:00.0000000,2. T1 PFC RX from 03t0,lvl02-0101-0827-16t1,ethernet6/1,2,0,0
2026-09-04 04:27:00.0000000,2. T1 PFC RX from 03t0,lvl02-0101-0827-18t1,ethernet6/1,2,0,0
2026-09-04 04:27:00.0000000,2. T1 PFC RX from 03t0,lvl02-0101-0827-15t1,ethernet6/1,2,0,0
2026-09-04 04:27:00.0000000,2. T1 PFC RX from 03t0,lvl02-0101-0827-15t1,ethernet6/1,6,0,1072585
2026-09-04 04:27:00.0000000,2. T1 PFC RX from 03t0,lvl02-0101-0827-18t1,ethernet6/1,6,0,1318836
2026-09-04 04:26:00.0000000,2. T1 PFC RX from 03t0,lvl02-0101-0827-11t1,ethernet6/1,6,0,726396
2026-09-04 04:26:00.0000000,2. T1 PFC RX from 03t0,lvl02-0101-0827-11t1,ethernet6/1,2,0,0
2026-09-04 04:25:00.0000000,2. T1 PFC RX from 03t0,lvl02-0101-0827-13t1,ethernet6/1,6,0,694644
2026-09-04 04:25:00.0000000,2. T1 PFC RX from 03t0,lvl02-0101-0827-13t1,ethernet6/1,2,0,0
2026-09-04 04:24:00.0000000,2. T1 PFC RX from 03t0,lvl02-0101-0827-12t1,ethernet6/1,2,0,0
2026-09-04 04:24:00.0000000,2. T1 PFC RX from 03t0,lvl02-0101-0827-12t1,ethernet6/1,6,0,602079
2026-09-04 04:23:00.0000000,2. T1 PFC RX from 03t0,lvl02-0101-0827-14t1,ethernet6/1,2,0,0
2026-09-04 04:23:00.0000000,2. T1 PFC RX from 03t0,lvl02-0101-0827-14t1,ethernet6/1,6,0,3913
2026-09-04 04:23:00.0000000,2. T1 PFC RX from 03t0,lvl02-0101-0827-17t1,ethernet6/1,2,0,0
2026-09-04 04:23:00.0000000,2. T1 PFC RX from 03t0,lvl02-0101-0827-17t1,ethernet6/1,6,0,177214
2026-09-04 04:22:00.0000000,2. T1 PFC RX from 03t0,lvl02-0101-0827-15t1,ethernet6/1,2,0,0
2026-09-04 04:22:00.0000000,2. T1 PFC RX from 03t0,lvl02-0101-0827-15t1,ethernet6/1,6,0,200
2026-09-04 04:22:00.0000000,2. T1 PFC RX from 03t0,lvl02-0101-0827-16t1,ethernet6/1,6,0,386
2026-09-04 04:22:00.0000000,2. T1 PFC RX from 03t0,lvl02-0101-0827-16t1,ethernet6/1,2,0,0
2026-09-04 04:22:00.0000000,2. T1 PFC RX from 03t0,lvl02-0101-0827-18t1,ethernet6/1,6,0,435
2026-09-04 04:22:00.0000000,2. T1 PFC RX from 03t0,lvl02-0101-0827-18t1,ethernet6/1,2,0,0
2026-09-04 04:21:00.0000000,2. T1 PFC RX from 03t0,lvl02-0101-0827-11t1,ethernet6/1,2,0,0
2026-09-04 04:21:00.0000000,2. T1 PFC RX from 03t0,lvl02-0101-0827-11t1,ethernet6/1,6,0,73
2026-09-04 04:20:00.0000000,2. T1 PFC RX from 03t0,lvl02-0101-0827-13t1,ethernet6/1,6,0,44
2026-09-04 04:20:00.0000000,2. T1 PFC RX from 03t0,lvl02-0101-0827-13t1,ethernet6/1,2,0,0
2026-09-04 04:19:00.0000000,2. T1 PFC RX from 03t0,lvl02-0101-0827-12t1,ethernet6/1,6,0,109
2026-09-04 04:19:00.0000000,2. T1 PFC RX from 03t0,lvl02-0101-0827-12t1,ethernet6/1,2,0,0
2026-09-04 04:18:00.0000000,2. T1 PFC RX from 03t0,lvl02-0101-0827-14t1,ethernet6/1,2,0,0
2026-09-04 04:18:00.0000000,2. T1 PFC RX from 03t0,lvl02-0101-0827-17t1,ethernet6/1,6,0,44
2026-09-04 04:18:00.0000000,2. T1 PFC RX from 03t0,lvl02-0101-0827-17t1,ethernet6/1,2,0,0
2026-09-04 04:18:00.0000000,2. T1 PFC RX from 03t0,lvl02-0101-0827-14t1,ethernet6/1,6,0,101
2026-09-04 04:17:00.0000000,2. T1 PFC RX from 03t0,lvl02-0101-0827-16t1,ethernet6/1,6,0,0
2026-09-04 04:17:00.0000000,2. T1 PFC RX from 03t0,lvl02-0101-0827-16t1,ethernet6/1,2,0,0
2026-09-04 04:17:00.0000000,2. T1 PFC RX from 03t0,lvl02-0101-0827-18t1,ethernet6/1,2,0,0
2026-09-04 04:17:00.0000000,2. T1 PFC RX from 03t0,lvl02-0101-0827-18t1,ethernet6/1,6,0,57
2026-09-04 04:17:00.0000000,2. T1 PFC RX from 03t0,lvl02-0101-0827-15t1,ethernet6/1,6,0,6
2026-09-04 04:17:00.0000000,2. T1 PFC RX from 03t0,lvl02-0101-0827-15t1,ethernet6/1,2,0,0
2026-09-04 04:16:00.0000000,2. T1 PFC RX from 03t0,lvl02-0101-0827-11t1,ethernet6/1,2,0,0
2026-09-04 04:16:00.0000000,2. T1 PFC RX from 03t0,lvl02-0101-0827-11t1,ethernet6/1,6,0,9
2026-09-04 04:15:00.0000000,2. T1 PFC RX from 03t0,lvl02-0101-0827-13t1,ethernet6/1,2,0,0
2026-09-04 04:15:00.0000000,2. T1 PFC RX from 03t0,lvl02-0101-0827-13t1,ethernet6/1,6,0,13
2026-09-04 04:14:00.0000000,2. T1 PFC RX from 03t0,lvl02-0101-0827-12t1,ethernet6/1,6,0,41
2026-09-04 04:14:00.0000000,2. T1 PFC RX from 03t0,lvl02-0101-0827-12t1,ethernet6/1,2,0,0
2026-09-04 04:13:00.0000000,2. T1 PFC RX from 03t0,lvl02-0101-0827-16t1,ethernet6/1,2,0,0
2026-09-04 04:13:00.0000000,2. T1 PFC RX from 03t0,lvl02-0101-0827-16t1,ethernet6/1,6,0,22
2026-09-04 04:13:00.0000000,2. T1 PFC RX from 03t0,lvl02-0101-0827-14t1,ethernet6/1,2,0,0
2026-09-04 04:13:00.0000000,2. T1 PFC RX from 03t0,lvl02-0101-0827-17t1,ethernet6/1,6,0,73
2026-09-04 04:13:00.0000000,2. T1 PFC RX from 03t0,lvl02-0101-0827-17t1,ethernet6/1,2,0,0
2026-09-04 04:13:00.0000000,2. T1 PFC RX from 03t0,lvl02-0101-0827-14t1,ethernet6/1,6,0,154
2026-09-04 04:12:00.0000000,2. T1 PFC RX from 03t0,lvl02-0101-0827-15t1,ethernet6/1,2,0,0
2026-09-04 04:12:00.0000000,2. T1 PFC RX from 03t0,lvl02-0101-0827-18t1,ethernet6/1,6,0,54
2026-09-04 04:12:00.0000000,2. T1 PFC RX from 03t0,lvl02-0101-0827-18t1,ethernet6/1,2,0,0
2026-09-04 04:12:00.0000000,2. T1 PFC RX from 03t0,lvl02-0101-0827-15t1,ethernet6/1,6,0,40
2026-09-04 04:11:00.0000000,2. T1 PFC RX from 03t0,lvl02-0101-0827-11t1,ethernet6/1,2,0,0
2026-09-04 04:11:00.0000000,2. T1 PFC RX from 03t0,lvl02-0101-0827-11t1,ethernet6/1,6,0,6
2026-09-04 04:10:00.0000000,2. T1 PFC RX from 03t0,lvl02-0101-0827-13t1,ethernet6/1,6,0,88
2026-09-04 04:10:00.0000000,2. T1 PFC RX from 03t0,lvl02-0101-0827-13t1,ethernet6/1,2,0,0
2026-09-04 04:09:00.0000000,2. T1 PFC RX from 03t0,lvl02-0101-0827-12t1,ethernet6/1,2,0,0
2026-09-04 04:09:00.0000000,2. T1 PFC RX from 03t0,lvl02-0101-0827-12t1,ethernet6/1,6,0,135
2026-09-04 04:08:00.0000000,2. T1 PFC RX from 03t0,lvl02-0101-0827-16t1,ethernet6/1,2,0,0
2026-09-04 04:08:00.0000000,2. T1 PFC RX from 03t0,lvl02-0101-0827-16t1,ethernet6/1,6,0,49
2026-09-04 04:08:00.0000000,2. T1 PFC RX from 03t0,lvl02-0101-0827-14t1,ethernet6/1,6,0,119
2026-09-04 04:08:00.0000000,2. T1 PFC RX from 03t0,lvl02-0101-0827-14t1,ethernet6/1,2,0,0
2026-09-04 04:08:00.0000000,2. T1 PFC RX from 03t0,lvl02-0101-0827-17t1,ethernet6/1,6,0,8
2026-09-04 04:08:00.0000000,2. T1 PFC RX from 03t0,lvl02-0101-0827-17t1,ethernet6/1,2,0,0
2026-09-04 04:07:00.0000000,2. T1 PFC RX from 03t0,lvl02-0101-0827-18t1,ethernet6/1,2,0,0
2026-09-04 04:07:00.0000000,2. T1 PFC RX from 03t0,lvl02-0101-0827-15t1,ethernet6/1,6,0,39
2026-09-04 04:07:00.0000000,2. T1 PFC RX from 03t0,lvl02-0101-0827-15t1,ethernet6/1,2,0,0
2026-09-04 04:07:00.0000000,2. T1 PFC RX from 03t0,lvl02-0101-0827-18t1,ethernet6/1,6,0,185
2026-09-04 04:06:00.0000000,2. T1 PFC RX from 03t0,lvl02-0101-0827-11t1,ethernet6/1,2,0,0
2026-09-04 04:06:00.0000000,2. T1 PFC RX from 03t0,lvl02-0101-0827-11t1,ethernet6/1,6,0,0
2026-09-04 04:05:00.0000000,2. T1 PFC RX from 03t0,lvl02-0101-0827-13t1,ethernet6/1,6,0,97
2026-09-04 04:05:00.0000000,2. T1 PFC RX from 03t0,lvl02-0101-0827-13t1,ethernet6/1,2,0,0
2026-09-04 04:04:00.0000000,2. T1 PFC RX from 03t0,lvl02-0101-0827-12t1,ethernet6/1,6,0,91
2026-09-04 04:04:00.0000000,2. T1 PFC RX from 03t0,lvl02-0101-0827-12t1,ethernet6/1,2,0,0
2026-09-04 04:03:00.0000000,2. T1 PFC RX from 03t0,lvl02-0101-0827-14t1,ethernet6/1,6,0,27131
2026-09-04 04:03:00.0000000,2. T1 PFC RX from 03t0,lvl02-0101-0827-14t1,ethernet6/1,2,0,0
2026-09-04 04:03:00.0000000,2. T1 PFC RX from 03t0,lvl02-0101-0827-16t1,ethernet6/1,2,0,0
2026-09-04 04:03:00.0000000,2. T1 PFC RX from 03t0,lvl02-0101-0827-16t1,ethernet6/1,6,0,58657
2026-09-04 04:03:00.0000000,2. T1 PFC RX from 03t0,lvl02-0101-0827-17t1,ethernet6/1,2,0,0
2026-09-04 04:03:00.0000000,2. T1 PFC RX from 03t0,lvl02-0101-0827-17t1,ethernet6/1,6,0,54
2026-09-04 04:02:00.0000000,2. T1 PFC RX from 03t0,lvl02-0101-0827-18t1,ethernet6/1,2,0,0
2026-09-04 04:02:00.0000000,2. T1 PFC RX from 03t0,lvl02-0101-0827-18t1,ethernet6/1,6,0,132057
2026-09-04 04:02:00.0000000,2. T1 PFC RX from 03t0,lvl02-0101-0827-15t1,ethernet6/1,2,0,0
2026-09-04 04:02:00.0000000,2. T1 PFC RX from 03t0,lvl02-0101-0827-15t1,ethernet6/1,6,0,58177
2026-09-04 04:01:00.0000000,2. T1 PFC RX from 03t0,lvl02-0101-0827-11t1,ethernet6/1,2,0,0
2026-09-04 04:01:00.0000000,2. T1 PFC RX from 03t0,lvl02-0101-0827-11t1,ethernet6/1,6,0,42321
2026-09-04 04:00:00.0000000,2. T1 PFC RX from 03t0,lvl02-0101-0827-13t1,ethernet6/1,6,0,34275
2026-09-04 04:00:00.0000000,2. T1 PFC RX from 03t0,lvl02-0101-0827-13t1,ethernet6/1,2,0,0
2026-09-04 03:59:00.0000000,2. T1 PFC RX from 03t0,lvl02-0101-0827-12t1,ethernet6/1,2,0,0
2026-09-04 03:59:00.0000000,2. T1 PFC RX from 03t0,lvl02-0101-0827-12t1,ethernet6/1,6,0,91686
2026-09-04 03:58:00.0000000,2. T1 PFC RX from 03t0,lvl02-0101-0827-17t1,ethernet6/1,2,0,0
2026-09-04 03:58:00.0000000,2. T1 PFC RX from 03t0,lvl02-0101-0827-17t1,ethernet6/1,6,0,101773
2026-09-04 03:58:00.0000000,2. T1 PFC RX from 03t0,lvl02-0101-0827-14t1,ethernet6/1,6,0,120526
2026-09-04 03:58:00.0000000,2. T1 PFC RX from 03t0,lvl02-0101-0827-16t1,ethernet6/1,2,0,0
2026-09-04 03:58:00.0000000,2. T1 PFC RX from 03t0,lvl02-0101-0827-16t1,ethernet6/1,6,0,18271
2026-09-04 03:58:00.0000000,2. T1 PFC RX from 03t0,lvl02-0101-0827-14t1,ethernet6/1,2,0,0
2026-09-04 03:57:00.0000000,2. T1 PFC RX from 03t0,lvl02-0101-0827-15t1,ethernet6/1,6,0,6
2026-09-04 03:57:00.0000000,2. T1 PFC RX from 03t0,lvl02-0101-0827-15t1,ethernet6/1,2,0,0
2026-09-04 03:57:00.0000000,2. T1 PFC RX from 03t0,lvl02-0101-0827-18t1,ethernet6/1,2,0,0
2026-09-04 03:57:00.0000000,2. T1 PFC RX from 03t0,lvl02-0101-0827-18t1,ethernet6/1,6,0,270
2026-09-04 03:56:00.0000000,2. T1 PFC RX from 03t0,lvl02-0101-0827-11t1,ethernet6/1,2,0,0
2026-09-04 03:56:00.0000000,2. T1 PFC RX from 03t0,lvl02-0101-0827-11t1,ethernet6/1,6,0,0
2026-09-04 03:55:00.0000000,2. T1 PFC RX from 03t0,lvl02-0101-0827-13t1,ethernet6/1,2,0,0
2026-09-04 03:55:00.0000000,2. T1 PFC RX from 03t0,lvl02-0101-0827-13t1,ethernet6/1,6,0,0
2026-09-04 03:54:00.0000000,2. T1 PFC RX from 03t0,lvl02-0101-0827-12t1,ethernet6/1,6,0,0
2026-09-04 03:54:00.0000000,2. T1 PFC RX from 03t0,lvl02-0101-0827-12t1,ethernet6/1,2,0,0
2026-09-04 03:53:00.0000000,2. T1 PFC RX from 03t0,lvl02-0101-0827-17t1,ethernet6/1,6,0,0
2026-09-04 03:53:00.0000000,2. T1 PFC RX from 03t0,lvl02-0101-0827-17t1,ethernet6/1,2,0,0
2026-09-04 03:53:00.0000000,2. T1 PFC RX from 03t0,lvl02-0101-0827-14t1,ethernet6/1,2,0,0
2026-09-04 03:53:00.0000000,2. T1 PFC RX from 03t0,lvl02-0101-0827-14t1,ethernet6/1,6,0,0
2026-09-04 03:53:00.0000000,2. T1 PFC RX from 03t0,lvl02-0101-0827-16t1,ethernet6/1,2,0,0
2026-09-04 03:53:00.0000000,2. T1 PFC RX from 03t0,lvl02-0101-0827-16t1,ethernet6/1,6,0,0
2026-09-04 03:52:00.0000000,2. T1 PFC RX from 03t0,lvl02-0101-0827-15t1,ethernet6/1,6,0,0
2026-09-04 03:52:00.0000000,2. T1 PFC RX from 03t0,lvl02-0101-0827-15t1,ethernet6/1,2,0,0
2026-09-04 03:52:00.0000000,2. T1 PFC RX from 03t0,lvl02-0101-0827-18t1,ethernet6/1,6,0,0
2026-09-04 03:52:00.0000000,2. T1 PFC RX from 03t0,lvl02-0101-0827-18t1,ethernet6/1,2,0,0
2026-09-04 03:51:00.0000000,2. T1 PFC RX from 03t0,lvl02-0101-0827-11t1,ethernet6/1,6,0,0
2026-09-04 03:51:00.0000000,2. T1 PFC RX from 03t0,lvl02-0101-0827-11t1,ethernet6/1,2,0,0
2026-09-04 03:50:00.0000000,2. T1 PFC RX from 03t0,lvl02-0101-0827-13t1,ethernet6/1,6,0,0
2026-09-04 03:50:00.0000000,2. T1 PFC RX from 03t0,lvl02-0101-0827-13t1,ethernet6/1,2,0,0
2026-09-04 03:49:00.0000000,2. T1 PFC RX from 03t0,lvl02-0101-0827-12t1,ethernet6/1,2,0,0
2026-09-04 03:49:00.0000000,2. T1 PFC RX from 03t0,lvl02-0101-0827-12t1,ethernet6/1,6,0,0
2026-09-04 03:48:00.0000000,2. T1 PFC RX from 03t0,lvl02-0101-0827-14t1,ethernet6/1,2,0,0
2026-09-04 03:48:00.0000000,2. T1 PFC RX from 03t0,lvl02-0101-0827-14t1,ethernet6/1,6,0,0
2026-09-04 03:48:00.0000000,2. T1 PFC RX from 03t0,lvl02-0101-0827-17t1,ethernet6/1,2,0,0
2026-09-04 03:48:00.0000000,2. T1 PFC RX from 03t0,lvl02-0101-0827-17t1,ethernet6/1,6,0,0
2026-09-04 03:48:00.0000000,2. T1 PFC RX from 03t0,lvl02-0101-0827-16t1,ethernet6/1,2,0,0
2026-09-04 03:48:00.0000000,2. T1 PFC RX from 03t0,lvl02-0101-0827-16t1,ethernet6/1,6,0,0
2026-09-04 03:47:00.0000000,2. T1 PFC RX from 03t0,lvl02-0101-0827-15t1,ethernet6/1,6,0,0
2026-09-04 03:47:00.0000000,2. T1 PFC RX from 03t0,lvl02-0101-0827-18t1,ethernet6/1,6,0,0
2026-09-04 03:47:00.0000000,2. T1 PFC RX from 03t0,lvl02-0101-0827-18t1,ethernet6/1,2,0,0
2026-09-04 03:47:00.0000000,2. T1 PFC RX from 03t0,lvl02-0101-0827-15t1,ethernet6/1,2,0,0
2026-09-04 03:46:00.0000000,2. T1 PFC RX from 03t0,lvl02-0101-0827-11t1,ethernet6/1,2,0,0
2026-09-04 03:46:00.0000000,2. T1 PFC RX from 03t0,lvl02-0101-0827-11t1,ethernet6/1,6,0,0
2026-09-04 03:45:00.0000000,2. T1 PFC RX from 03t0,lvl02-0101-0827-13t1,ethernet6/1,6,0,0
2026-09-04 03:45:00.0000000,2. T1 PFC RX from 03t0,lvl02-0101-0827-13t1,ethernet6/1,2,0,0
2026-09-04 03:44:00.0000000,2. T1 PFC RX from 03t0,lvl02-0101-0827-12t1,ethernet6/1,6,0,0
2026-09-04 03:44:00.0000000,2. T1 PFC RX from 03t0,lvl02-0101-0827-12t1,ethernet6/1,2,0,0
2026-09-04 03:43:00.0000000,2. T1 PFC RX from 03t0,lvl02-0101-0827-17t1,ethernet6/1,2,0,0
2026-09-04 03:43:00.0000000,2. T1 PFC RX from 03t0,lvl02-0101-0827-17t1,ethernet6/1,6,0,0
2026-09-04 03:43:00.0000000,2. T1 PFC RX from 03t0,lvl02-0101-0827-16t1,ethernet6/1,6,0,0
2026-09-04 03:43:00.0000000,2. T1 PFC RX from 03t0,lvl02-0101-0827-16t1,ethernet6/1,2,0,0
2026-09-04 03:43:00.0000000,2. T1 PFC RX from 03t0,lvl02-0101-0827-14t1,ethernet6/1,6,0,0
2026-09-04 03:43:00.0000000,2. T1 PFC RX from 03t0,lvl02-0101-0827-14t1,ethernet6/1,2,0,0
2026-09-04 03:42:00.0000000,2. T1 PFC RX from 03t0,lvl02-0101-0827-18t1,ethernet6/1,2,0,0
2026-09-04 03:42:00.0000000,2. T1 PFC RX from 03t0,lvl02-0101-0827-15t1,ethernet6/1,6,0,0
2026-09-04 03:42:00.0000000,2. T1 PFC RX from 03t0,lvl02-0101-0827-15t1,ethernet6/1,2,0,0
2026-09-04 03:42:00.0000000,2. T1 PFC RX from 03t0,lvl02-0101-0827-18t1,ethernet6/1,6,0,0
2026-09-04 03:41:00.0000000,2. T1 PFC RX from 03t0,lvl02-0101-0827-11t1,ethernet6/1,6,0,4
2026-09-04 03:41:00.0000000,2. T1 PFC RX from 03t0,lvl02-0101-0827-11t1,ethernet6/1,2,0,0
2026-09-04 03:40:00.0000000,2. T1 PFC RX from 03t0,lvl02-0101-0827-13t1,ethernet6/1,6,0,29
2026-09-04 03:40:00.0000000,2. T1 PFC RX from 03t0,lvl02-0101-0827-13t1,ethernet6/1,2,0,0
2026-09-04 03:39:00.0000000,2. T1 PFC RX from 03t0,lvl02-0101-0827-12t1,ethernet6/1,2,0,0
2026-09-04 03:39:00.0000000,2. T1 PFC RX from 03t0,lvl02-0101-0827-12t1,ethernet6/1,6,0,0
2026-09-04 03:38:00.0000000,2. T1 PFC RX from 03t0,lvl02-0101-0827-14t1,ethernet6/1,2,0,0
2026-09-04 03:38:00.0000000,2. T1 PFC RX from 03t0,lvl02-0101-0827-14t1,ethernet6/1,6,0,78
2026-09-04 03:38:00.0000000,2. T1 PFC RX from 03t0,lvl02-0101-0827-17t1,ethernet6/1,6,0,0
2026-09-04 03:38:00.0000000,2. T1 PFC RX from 03t0,lvl02-0101-0827-17t1,ethernet6/1,2,0,0
2026-09-04 03:38:00.0000000,2. T1 PFC RX from 03t0,lvl02-0101-0827-16t1,ethernet6/1,6,0,0
2026-09-04 03:38:00.0000000,2. T1 PFC RX from 03t0,lvl02-0101-0827-16t1,ethernet6/1,2,0,0
2026-09-04 03:37:00.0000000,2. T1 PFC RX from 03t0,lvl02-0101-0827-15t1,ethernet6/1,2,0,0
2026-09-04 03:37:00.0000000,2. T1 PFC RX from 03t0,lvl02-0101-0827-18t1,ethernet6/1,6,0,64
2026-09-04 03:37:00.0000000,2. T1 PFC RX from 03t0,lvl02-0101-0827-18t1,ethernet6/1,2,0,0
2026-09-04 03:37:00.0000000,2. T1 PFC RX from 03t0,lvl02-0101-0827-15t1,ethernet6/1,6,0,53
2026-09-04 03:36:00.0000000,2. T1 PFC RX from 03t0,lvl02-0101-0827-11t1,ethernet6/1,2,0,0
2026-09-04 03:36:00.0000000,2. T1 PFC RX from 03t0,lvl02-0101-0827-11t1,ethernet6/1,6,0,0
2026-09-04 03:35:00.0000000,2. T1 PFC RX from 03t0,lvl02-0101-0827-13t1,ethernet6/1,2,0,0
2026-09-04 03:35:00.0000000,2. T1 PFC RX from 03t0,lvl02-0101-0827-13t1,ethernet6/1,6,0,0
2026-09-04 03:34:00.0000000,2. T1 PFC RX from 03t0,lvl02-0101-0827-12t1,ethernet6/1,6,0,0
2026-09-04 03:34:00.0000000,2. T1 PFC RX from 03t0,lvl02-0101-0827-12t1,ethernet6/1,2,0,0
2026-09-04 03:33:00.0000000,2. T1 PFC RX from 03t0,lvl02-0101-0827-16t1,ethernet6/1,6,0,0
2026-09-04 03:33:00.0000000,2. T1 PFC RX from 03t0,lvl02-0101-0827-17t1,ethernet6/1,6,0,0
2026-09-04 03:33:00.0000000,2. T1 PFC RX from 03t0,lvl02-0101-0827-17t1,ethernet6/1,2,0,0
2026-09-04 03:33:00.0000000,2. T1 PFC RX from 03t0,lvl02-0101-0827-16t1,ethernet6/1,2,0,0
2026-09-04 03:33:00.0000000,2. T1 PFC RX from 03t0,lvl02-0101-0827-14t1,ethernet6/1,6,0,0
2026-09-04 03:33:00.0000000,2. T1 PFC RX from 03t0,lvl02-0101-0827-14t1,ethernet6/1,2,0,0
2026-09-04 03:32:00.0000000,2. T1 PFC RX from 03t0,lvl02-0101-0827-18t1,ethernet6/1,6,0,0
2026-09-04 03:32:00.0000000,2. T1 PFC RX from 03t0,lvl02-0101-0827-15t1,ethernet6/1,2,0,0
2026-09-04 03:32:00.0000000,2. T1 PFC RX from 03t0,lvl02-0101-0827-15t1,ethernet6/1,6,0,0
2026-09-04 03:32:00.0000000,2. T1 PFC RX from 03t0,lvl02-0101-0827-18t1,ethernet6/1,2,0,0
2026-09-04 03:31:00.0000000,2. T1 PFC RX from 03t0,lvl02-0101-0827-11t1,ethernet6/1,6,0,0
2026-09-04 03:31:00.0000000,2. T1 PFC RX from 03t0,lvl02-0101-0827-11t1,ethernet6/1,2,0,0
2026-09-04 03:30:00.0000000,2. T1 PFC RX from 03t0,lvl02-0101-0827-13t1,ethernet6/1,2,0,0
2026-09-04 03:30:00.0000000,2. T1 PFC RX from 03t0,lvl02-0101-0827-13t1,ethernet6/1,6,0,0
2026-09-04 03:29:00.0000000,2. T1 PFC RX from 03t0,lvl02-0101-0827-12t1,ethernet6/1,2,0,0
2026-09-04 03:29:00.0000000,2. T1 PFC RX from 03t0,lvl02-0101-0827-12t1,ethernet6/1,6,0,0
2026-09-04 03:28:00.0000000,2. T1 PFC RX from 03t0,lvl02-0101-0827-16t1,ethernet6/1,6,0,0
2026-09-04 03:28:00.0000000,2. T1 PFC RX from 03t0,lvl02-0101-0827-16t1,ethernet6/1,2,0,0
2026-09-04 03:28:00.0000000,2. T1 PFC RX from 03t0,lvl02-0101-0827-17t1,ethernet6/1,2,0,0
2026-09-04 03:28:00.0000000,2. T1 PFC RX from 03t0,lvl02-0101-0827-17t1,ethernet6/1,6,0,0
2026-09-04 03:28:00.0000000,2. T1 PFC RX from 03t0,lvl02-0101-0827-14t1,ethernet6/1,2,0,0
2026-09-04 03:28:00.0000000,2. T1 PFC RX from 03t0,lvl02-0101-0827-14t1,ethernet6/1,6,0,0
2026-09-04 03:27:00.0000000,2. T1 PFC RX from 03t0,lvl02-0101-0827-18t1,ethernet6/1,2,0,0
2026-09-04 03:27:00.0000000,2. T1 PFC RX from 03t0,lvl02-0101-0827-18t1,ethernet6/1,6,0,0
2026-09-04 03:27:00.0000000,2. T1 PFC RX from 03t0,lvl02-0101-0827-15t1,ethernet6/1,2,0,0
2026-09-04 03:27:00.0000000,2. T1 PFC RX from 03t0,lvl02-0101-0827-15t1,ethernet6/1,6,0,0
2026-09-04 03:26:00.0000000,2. T1 PFC RX from 03t0,lvl02-0101-0827-11t1,ethernet6/1,6,0,16
2026-09-04 03:26:00.0000000,2. T1 PFC RX from 03t0,lvl02-0101-0827-11t1,ethernet6/1,2,0,0
2026-09-04 03:25:00.0000000,2. T1 PFC RX from 03t0,lvl02-0101-0827-13t1,ethernet6/1,2,0,0
2026-09-04 03:25:00.0000000,2. T1 PFC RX from 03t0,lvl02-0101-0827-13t1,ethernet6/1,6,0,14
2026-09-04 03:24:00.0000000,2. T1 PFC RX from 03t0,lvl02-0101-0827-12t1,ethernet6/1,2,0,0
2026-09-04 03:24:00.0000000,2. T1 PFC RX from 03t0,lvl02-0101-0827-12t1,ethernet6/1,6,0,8
2026-09-04 03:23:00.0000000,2. T1 PFC RX from 03t0,lvl02-0101-0827-14t1,ethernet6/1,6,0,56
2026-09-04 03:23:00.0000000,2. T1 PFC RX from 03t0,lvl02-0101-0827-14t1,ethernet6/1,2,0,0
2026-09-04 03:23:00.0000000,2. T1 PFC RX from 03t0,lvl02-0101-0827-17t1,ethernet6/1,2,0,0
2026-09-04 03:23:00.0000000,2. T1 PFC RX from 03t0,lvl02-0101-0827-17t1,ethernet6/1,6,0,0
2026-09-04 03:23:00.0000000,2. T1 PFC RX from 03t0,lvl02-0101-0827-16t1,ethernet6/1,6,0,18
2026-09-04 03:23:00.0000000,2. T1 PFC RX from 03t0,lvl02-0101-0827-16t1,ethernet6/1,2,0,0
2026-09-04 03:22:00.0000000,2. T1 PFC RX from 03t0,lvl02-0101-0827-15t1,ethernet6/1,6,0,13
2026-09-04 03:22:00.0000000,2. T1 PFC RX from 03t0,lvl02-0101-0827-18t1,ethernet6/1,6,0,57
2026-09-04 03:22:00.0000000,2. T1 PFC RX from 03t0,lvl02-0101-0827-18t1,ethernet6/1,2,0,0
2026-09-04 03:22:00.0000000,2. T1 PFC RX from 03t0,lvl02-0101-0827-15t1,ethernet6/1,2,0,0
2026-09-04 03:21:00.0000000,2. T1 PFC RX from 03t0,lvl02-0101-0827-11t1,ethernet6/1,2,0,0
2026-09-04 03:21:00.0000000,2. T1 PFC RX from 03t0,lvl02-0101-0827-11t1,ethernet6/1,6,0,0
2026-09-04 03:20:00.0000000,2. T1 PFC RX from 03t0,lvl02-0101-0827-13t1,ethernet6/1,6,0,0
2026-09-04 03:20:00.0000000,2. T1 PFC RX from 03t0,lvl02-0101-0827-13t1,ethernet6/1,2,0,0
2026-09-04 06:17:00.0000000,1. 03t0 PFC TX toward T1,lvl02-0101-0827-03t0,ethernet26/1,6,0,0
2026-09-04 06:17:00.0000000,1. 03t0 PFC TX toward T1,lvl02-0101-0827-03t0,ethernet10/1,6,0,0
2026-09-04 06:17:00.0000000,1. 03t0 PFC TX toward T1,lvl02-0101-0827-03t0,ethernet7/1,2,0,0
2026-09-04 06:17:00.0000000,1. 03t0 PFC TX toward T1,lvl02-0101-0827-03t0,ethernet7/1,6,0,0
2026-09-04 06:17:00.0000000,1. 03t0 PFC TX toward T1,lvl02-0101-0827-03t0,ethernet24/1,6,0,0
2026-09-04 06:17:00.0000000,1. 03t0 PFC TX toward T1,lvl02-0101-0827-03t0,ethernet24/1,2,0,0
2026-09-04 06:17:00.0000000,1. 03t0 PFC TX toward T1,lvl02-0101-0827-03t0,ethernet23/1,6,0,0
2026-09-04 06:17:00.0000000,1. 03t0 PFC TX toward T1,lvl02-0101-0827-03t0,ethernet23/1,2,0,0
2026-09-04 06:17:00.0000000,1. 03t0 PFC TX toward T1,lvl02-0101-0827-03t0,ethernet8/1,2,0,0
2026-09-04 06:17:00.0000000,1. 03t0 PFC TX toward T1,lvl02-0101-0827-03t0,ethernet8/1,6,0,0
2026-09-04 06:17:00.0000000,1. 03t0 PFC TX toward T1,lvl02-0101-0827-03t0,ethernet25/1,6,0,0
2026-09-04 06:17:00.0000000,1. 03t0 PFC TX toward T1,lvl02-0101-0827-03t0,ethernet26/1,2,0,0
2026-09-04 06:17:00.0000000,1. 03t0 PFC TX toward T1,lvl02-0101-0827-03t0,ethernet9/1,2,0,0
2026-09-04 06:17:00.0000000,1. 03t0 PFC TX toward T1,lvl02-0101-0827-03t0,ethernet9/1,6,0,0
2026-09-04 06:17:00.0000000,1. 03t0 PFC TX toward T1,lvl02-0101-0827-03t0,ethernet10/1,2,0,0
2026-09-04 06:17:00.0000000,1. 03t0 PFC TX toward T1,lvl02-0101-0827-03t0,ethernet25/1,2,0,0
2026-09-04 06:12:00.0000000,1. 03t0 PFC TX toward T1,lvl02-0101-0827-03t0,ethernet9/1,2,0,0
2026-09-04 06:12:00.0000000,1. 03t0 PFC TX toward T1,lvl02-0101-0827-03t0,ethernet9/1,6,0,0
2026-09-04 06:12:00.0000000,1. 03t0 PFC TX toward T1,lvl02-0101-0827-03t0,ethernet10/1,2,0,0
2026-09-04 06:12:00.0000000,1. 03t0 PFC TX toward T1,lvl02-0101-0827-03t0,ethernet10/1,6,48,0
2026-09-04 06:12:00.0000000,1. 03t0 PFC TX toward T1,lvl02-0101-0827-03t0,ethernet23/1,2,0,0
2026-09-04 06:12:00.0000000,1. 03t0 PFC TX toward T1,lvl02-0101-0827-03t0,ethernet23/1,6,121,0
2026-09-04 06:12:00.0000000,1. 03t0 PFC TX toward T1,lvl02-0101-0827-03t0,ethernet25/1,6,5,0
2026-09-04 06:12:00.0000000,1. 03t0 PFC TX toward T1,lvl02-0101-0827-03t0,ethernet25/1,2,0,0
2026-09-04 06:12:00.0000000,1. 03t0 PFC TX toward T1,lvl02-0101-0827-03t0,ethernet24/1,6,74,0
2026-09-04 06:12:00.0000000,1. 03t0 PFC TX toward T1,lvl02-0101-0827-03t0,ethernet24/1,2,0,0
2026-09-04 06:12:00.0000000,1. 03t0 PFC TX toward T1,lvl02-0101-0827-03t0,ethernet26/1,2,0,0
2026-09-04 06:12:00.0000000,1. 03t0 PFC TX toward T1,lvl02-0101-0827-03t0,ethernet26/1,6,0,0
2026-09-04 06:12:00.0000000,1. 03t0 PFC TX toward T1,lvl02-0101-0827-03t0,ethernet7/1,2,0,0
2026-09-04 06:12:00.0000000,1. 03t0 PFC TX toward T1,lvl02-0101-0827-03t0,ethernet7/1,6,0,0
2026-09-04 06:12:00.0000000,1. 03t0 PFC TX toward T1,lvl02-0101-0827-03t0,ethernet8/1,2,0,0
2026-09-04 06:12:00.0000000,1. 03t0 PFC TX toward T1,lvl02-0101-0827-03t0,ethernet8/1,6,43,0
2026-09-04 06:07:00.0000000,1. 03t0 PFC TX toward T1,lvl02-0101-0827-03t0,ethernet25/1,6,0,0
2026-09-04 06:07:00.0000000,1. 03t0 PFC TX toward T1,lvl02-0101-0827-03t0,ethernet23/1,2,0,0
2026-09-04 06:07:00.0000000,1. 03t0 PFC TX toward T1,lvl02-0101-0827-03t0,ethernet23/1,6,0,0
2026-09-04 06:07:00.0000000,1. 03t0 PFC TX toward T1,lvl02-0101-0827-03t0,ethernet24/1,2,0,0
2026-09-04 06:07:00.0000000,1. 03t0 PFC TX toward T1,lvl02-0101-0827-03t0,ethernet24/1,6,0,0
2026-09-04 06:07:00.0000000,1. 03t0 PFC TX toward T1,lvl02-0101-0827-03t0,ethernet25/1,2,0,0
2026-09-04 06:07:00.0000000,1. 03t0 PFC TX toward T1,lvl02-0101-0827-03t0,ethernet7/1,2,0,0
2026-09-04 06:07:00.0000000,1. 03t0 PFC TX toward T1,lvl02-0101-0827-03t0,ethernet9/1,2,0,0
2026-09-04 06:07:00.0000000,1. 03t0 PFC TX toward T1,lvl02-0101-0827-03t0,ethernet7/1,6,0,0
2026-09-04 06:07:00.0000000,1. 03t0 PFC TX toward T1,lvl02-0101-0827-03t0,ethernet8/1,2,0,0
2026-09-04 06:07:00.0000000,1. 03t0 PFC TX toward T1,lvl02-0101-0827-03t0,ethernet8/1,6,0,0
2026-09-04 06:07:00.0000000,1. 03t0 PFC TX toward T1,lvl02-0101-0827-03t0,ethernet26/1,6,0,0
2026-09-04 06:07:00.0000000,1. 03t0 PFC TX toward T1,lvl02-0101-0827-03t0,ethernet26/1,2,0,0
2026-09-04 06:07:00.0000000,1. 03t0 PFC TX toward T1,lvl02-0101-0827-03t0,ethernet9/1,6,0,0
2026-09-04 06:07:00.0000000,1. 03t0 PFC TX toward T1,lvl02-0101-0827-03t0,ethernet10/1,2,0,0
2026-09-04 06:07:00.0000000,1. 03t0 PFC TX toward T1,lvl02-0101-0827-03t0,ethernet10/1,6,0,0
2026-09-04 06:02:00.0000000,1. 03t0 PFC TX toward T1,lvl02-0101-0827-03t0,ethernet23/1,2,0,0
2026-09-04 06:02:00.0000000,1. 03t0 PFC TX toward T1,lvl02-0101-0827-03t0,ethernet23/1,6,0,0
2026-09-04 06:02:00.0000000,1. 03t0 PFC TX toward T1,lvl02-0101-0827-03t0,ethernet24/1,2,0,0
2026-09-04 06:02:00.0000000,1. 03t0 PFC TX toward T1,lvl02-0101-0827-03t0,ethernet9/1,2,0,0
2026-09-04 06:02:00.0000000,1. 03t0 PFC TX toward T1,lvl02-0101-0827-03t0,ethernet24/1,6,0,0
2026-09-04 06:02:00.0000000,1. 03t0 PFC TX toward T1,lvl02-0101-0827-03t0,ethernet25/1,2,0,0
2026-09-04 06:02:00.0000000,1. 03t0 PFC TX toward T1,lvl02-0101-0827-03t0,ethernet25/1,6,0,0
2026-09-04 06:02:00.0000000,1. 03t0 PFC TX toward T1,lvl02-0101-0827-03t0,ethernet26/1,2,0,0
2026-09-04 06:02:00.0000000,1. 03t0 PFC TX toward T1,lvl02-0101-0827-03t0,ethernet26/1,6,0,0
2026-09-04 06:02:00.0000000,1. 03t0 PFC TX toward T1,lvl02-0101-0827-03t0,ethernet10/1,6,0,0
2026-09-04 06:02:00.0000000,1. 03t0 PFC TX toward T1,lvl02-0101-0827-03t0,ethernet10/1,2,0,0
2026-09-04 06:02:00.0000000,1. 03t0 PFC TX toward T1,lvl02-0101-0827-03t0,ethernet9/1,6,0,0
2026-09-04 06:02:00.0000000,1. 03t0 PFC TX toward T1,lvl02-0101-0827-03t0,ethernet8/1,6,0,0
2026-09-04 06:02:00.0000000,1. 03t0 PFC TX toward T1,lvl02-0101-0827-03t0,ethernet8/1,2,0,0
2026-09-04 06:02:00.0000000,1. 03t0 PFC TX toward T1,lvl02-0101-0827-03t0,ethernet7/1,6,0,0
2026-09-04 06:02:00.0000000,1. 03t0 PFC TX toward T1,lvl02-0101-0827-03t0,ethernet7/1,2,0,0
2026-09-04 05:57:00.0000000,1. 03t0 PFC TX toward T1,lvl02-0101-0827-03t0,ethernet9/1,6,0,0
2026-09-04 05:57:00.0000000,1. 03t0 PFC TX toward T1,lvl02-0101-0827-03t0,ethernet9/1,2,0,0
2026-09-04 05:57:00.0000000,1. 03t0 PFC TX toward T1,lvl02-0101-0827-03t0,ethernet8/1,6,55,0
2026-09-04 05:57:00.0000000,1. 03t0 PFC TX toward T1,lvl02-0101-0827-03t0,ethernet8/1,2,0,0
2026-09-04 05:57:00.0000000,1. 03t0 PFC TX toward T1,lvl02-0101-0827-03t0,ethernet7/1,6,0,0
2026-09-04 05:57:00.0000000,1. 03t0 PFC TX toward T1,lvl02-0101-0827-03t0,ethernet24/1,2,0,0
2026-09-04 05:57:00.0000000,1. 03t0 PFC TX toward T1,lvl02-0101-0827-03t0,ethernet7/1,2,0,0
2026-09-04 05:57:00.0000000,1. 03t0 PFC TX toward T1,lvl02-0101-0827-03t0,ethernet24/1,6,46,0
2026-09-04 05:57:00.0000000,1. 03t0 PFC TX toward T1,lvl02-0101-0827-03t0,ethernet25/1,2,0,0
2026-09-04 05:57:00.0000000,1. 03t0 PFC TX toward T1,lvl02-0101-0827-03t0,ethernet10/1,2,0,0
2026-09-04 05:57:00.0000000,1. 03t0 PFC TX toward T1,lvl02-0101-0827-03t0,ethernet25/1,6,113,0
2026-09-04 05:57:00.0000000,1. 03t0 PFC TX toward T1,lvl02-0101-0827-03t0,ethernet26/1,2,0,0
2026-09-04 05:57:00.0000000,1. 03t0 PFC TX toward T1,lvl02-0101-0827-03t0,ethernet26/1,6,0,0
2026-09-04 05:57:00.0000000,1. 03t0 PFC TX toward T1,lvl02-0101-0827-03t0,ethernet23/1,6,0,0
2026-09-04 05:57:00.0000000,1. 03t0 PFC TX toward T1,lvl02-0101-0827-03t0,ethernet23/1,2,0,0
2026-09-04 05:57:00.0000000,1. 03t0 PFC TX toward T1,lvl02-0101-0827-03t0,ethernet10/1,6,102,0
2026-09-04 05:52:00.0000000,1. 03t0 PFC TX toward T1,lvl02-0101-0827-03t0,ethernet23/1,2,0,0
2026-09-04 05:52:00.0000000,1. 03t0 PFC TX toward T1,lvl02-0101-0827-03t0,ethernet10/1,6,0,0
2026-09-04 05:52:00.0000000,1. 03t0 PFC TX toward T1,lvl02-0101-0827-03t0,ethernet10/1,2,0,0
2026-09-04 05:52:00.0000000,1. 03t0 PFC TX toward T1,lvl02-0101-0827-03t0,ethernet9/1,6,27,0
2026-09-04 05:52:00.0000000,1. 03t0 PFC TX toward T1,lvl02-0101-0827-03t0,ethernet9/1,2,0,0
2026-09-04 05:52:00.0000000,1. 03t0 PFC TX toward T1,lvl02-0101-0827-03t0,ethernet8/1,6,42,0
2026-09-04 05:52:00.0000000,1. 03t0 PFC TX toward T1,lvl02-0101-0827-03t0,ethernet8/1,2,0,0
2026-09-04 05:52:00.0000000,1. 03t0 PFC TX toward T1,lvl02-0101-0827-03t0,ethernet7/1,6,0,0
2026-09-04 05:52:00.0000000,1. 03t0 PFC TX toward T1,lvl02-0101-0827-03t0,ethernet7/1,2,0,0
2026-09-04 05:52:00.0000000,1. 03t0 PFC TX toward T1,lvl02-0101-0827-03t0,ethernet26/1,6,0,0
2026-09-04 05:52:00.0000000,1. 03t0 PFC TX toward T1,lvl02-0101-0827-03t0,ethernet26/1,2,0,0
2026-09-04 05:52:00.0000000,1. 03t0 PFC TX toward T1,lvl02-0101-0827-03t0,ethernet23/1,6,0,0
2026-09-04 05:52:00.0000000,1. 03t0 PFC TX toward T1,lvl02-0101-0827-03t0,ethernet25/1,6,15,0
2026-09-04 05:52:00.0000000,1. 03t0 PFC TX toward T1,lvl02-0101-0827-03t0,ethernet25/1,2,0,0
2026-09-04 05:52:00.0000000,1. 03t0 PFC TX toward T1,lvl02-0101-0827-03t0,ethernet24/1,6,7,0
2026-09-04 05:52:00.0000000,1. 03t0 PFC TX toward T1,lvl02-0101-0827-03t0,ethernet24/1,2,0,0
2026-09-04 05:47:00.0000000,1. 03t0 PFC TX toward T1,lvl02-0101-0827-03t0,ethernet9/1,6,13,253
2026-09-04 05:47:00.0000000,1. 03t0 PFC TX toward T1,lvl02-0101-0827-03t0,ethernet7/1,2,0,0
2026-09-04 05:47:00.0000000,1. 03t0 PFC TX toward T1,lvl02-0101-0827-03t0,ethernet24/1,6,0,268
2026-09-04 05:47:00.0000000,1. 03t0 PFC TX toward T1,lvl02-0101-0827-03t0,ethernet24/1,2,0,0
2026-09-04 05:47:00.0000000,1. 03t0 PFC TX toward T1,lvl02-0101-0827-03t0,ethernet10/1,6,8,1154
2026-09-04 05:47:00.0000000,1. 03t0 PFC TX toward T1,lvl02-0101-0827-03t0,ethernet23/1,2,0,0
2026-09-04 05:47:00.0000000,1. 03t0 PFC TX toward T1,lvl02-0101-0827-03t0,ethernet23/1,6,0,322
2026-09-04 05:47:00.0000000,1. 03t0 PFC TX toward T1,lvl02-0101-0827-03t0,ethernet10/1,2,0,0
2026-09-04 05:47:00.0000000,1. 03t0 PFC TX toward T1,lvl02-0101-0827-03t0,ethernet7/1,6,8,674
2026-09-04 05:47:00.0000000,1. 03t0 PFC TX toward T1,lvl02-0101-0827-03t0,ethernet8/1,2,0,0
2026-09-04 05:47:00.0000000,1. 03t0 PFC TX toward T1,lvl02-0101-0827-03t0,ethernet8/1,6,20,684
2026-09-04 05:47:00.0000000,1. 03t0 PFC TX toward T1,lvl02-0101-0827-03t0,ethernet9/1,2,0,0
2026-09-04 05:47:00.0000000,1. 03t0 PFC TX toward T1,lvl02-0101-0827-03t0,ethernet25/1,2,0,0
2026-09-04 05:47:00.0000000,1. 03t0 PFC TX toward T1,lvl02-0101-0827-03t0,ethernet25/1,6,0,0
2026-09-04 05:47:00.0000000,1. 03t0 PFC TX toward T1,lvl02-0101-0827-03t0,ethernet26/1,2,0,0
2026-09-04 05:47:00.0000000,1. 03t0 PFC TX toward T1,lvl02-0101-0827-03t0,ethernet26/1,6,0,306
2026-09-04 05:42:00.0000000,1. 03t0 PFC TX toward T1,lvl02-0101-0827-03t0,ethernet25/1,6,0,223
2026-09-04 05:42:00.0000000,1. 03t0 PFC TX toward T1,lvl02-0101-0827-03t0,ethernet25/1,2,0,0
2026-09-04 05:42:00.0000000,1. 03t0 PFC TX toward T1,lvl02-0101-0827-03t0,ethernet24/1,6,0,171
2026-09-04 05:42:00.0000000,1. 03t0 PFC TX toward T1,lvl02-0101-0827-03t0,ethernet24/1,2,0,0
2026-09-04 05:42:00.0000000,1. 03t0 PFC TX toward T1,lvl02-0101-0827-03t0,ethernet23/1,6,0,1807
2026-09-04 05:42:00.0000000,1. 03t0 PFC TX toward T1,lvl02-0101-0827-03t0,ethernet23/1,2,0,0
2026-09-04 05:42:00.0000000,1. 03t0 PFC TX toward T1,lvl02-0101-0827-03t0,ethernet10/1,6,0,1095
2026-09-04 05:42:00.0000000,1. 03t0 PFC TX toward T1,lvl02-0101-0827-03t0,ethernet10/1,2,0,0
2026-09-04 05:42:00.0000000,1. 03t0 PFC TX toward T1,lvl02-0101-0827-03t0,ethernet26/1,6,0,4402
2026-09-04 05:42:00.0000000,1. 03t0 PFC TX toward T1,lvl02-0101-0827-03t0,ethernet26/1,2,0,0
2026-09-04 05:42:00.0000000,1. 03t0 PFC TX toward T1,lvl02-0101-0827-03t0,ethernet9/1,6,0,2449
2026-09-04 05:42:00.0000000,1. 03t0 PFC TX toward T1,lvl02-0101-0827-03t0,ethernet9/1,2,0,0
2026-09-04 05:42:00.0000000,1. 03t0 PFC TX toward T1,lvl02-0101-0827-03t0,ethernet8/1,6,0,1364
2026-09-04 05:42:00.0000000,1. 03t0 PFC TX toward T1,lvl02-0101-0827-03t0,ethernet8/1,2,0,0
2026-09-04 05:42:00.0000000,1. 03t0 PFC TX toward T1,lvl02-0101-0827-03t0,ethernet7/1,6,0,2552
2026-09-04 05:42:00.0000000,1. 03t0 PFC TX toward T1,lvl02-0101-0827-03t0,ethernet7/1,2,0,0
2026-09-04 05:37:00.0000000,1. 03t0 PFC TX toward T1,lvl02-0101-0827-03t0,ethernet10/1,2,0,0
2026-09-04 05:37:00.0000000,1. 03t0 PFC TX toward T1,lvl02-0101-0827-03t0,ethernet9/1,6,0,268
2026-09-04 05:37:00.0000000,1. 03t0 PFC TX toward T1,lvl02-0101-0827-03t0,ethernet9/1,2,0,0
2026-09-04 05:37:00.0000000,1. 03t0 PFC TX toward T1,lvl02-0101-0827-03t0,ethernet8/1,6,118,0
2026-09-04 05:37:00.0000000,1. 03t0 PFC TX toward T1,lvl02-0101-0827-03t0,ethernet8/1,2,0,0
2026-09-04 05:37:00.0000000,1. 03t0 PFC TX toward T1,lvl02-0101-0827-03t0,ethernet7/1,6,60,177
2026-09-04 05:37:00.0000000,1. 03t0 PFC TX toward T1,lvl02-0101-0827-03t0,ethernet7/1,2,0,0
2026-09-04 05:37:00.0000000,1. 03t0 PFC TX toward T1,lvl02-0101-0827-03t0,ethernet25/1,6,48,0
2026-09-04 05:37:00.0000000,1. 03t0 PFC TX toward T1,lvl02-0101-0827-03t0,ethernet26/1,6,139,94
2026-09-04 05:37:00.0000000,1. 03t0 PFC TX toward T1,lvl02-0101-0827-03t0,ethernet26/1,2,0,0
2026-09-04 05:37:00.0000000,1. 03t0 PFC TX toward T1,lvl02-0101-0827-03t0,ethernet25/1,2,0,0
2026-09-04 05:37:00.0000000,1. 03t0 PFC TX toward T1,lvl02-0101-0827-03t0,ethernet24/1,6,11,417
2026-09-04 05:37:00.0000000,1. 03t0 PFC TX toward T1,lvl02-0101-0827-03t0,ethernet24/1,2,0,0
2026-09-04 05:37:00.0000000,1. 03t0 PFC TX toward T1,lvl02-0101-0827-03t0,ethernet23/1,6,83,1006
2026-09-04 05:37:00.0000000,1. 03t0 PFC TX toward T1,lvl02-0101-0827-03t0,ethernet23/1,2,0,0
2026-09-04 05:37:00.0000000,1. 03t0 PFC TX toward T1,lvl02-0101-0827-03t0,ethernet10/1,6,71,1280
2026-09-04 05:32:00.0000000,1. 03t0 PFC TX toward T1,lvl02-0101-0827-03t0,ethernet7/1,6,0,0
2026-09-04 05:32:00.0000000,1. 03t0 PFC TX toward T1,lvl02-0101-0827-03t0,ethernet8/1,2,0,0
2026-09-04 05:32:00.0000000,1. 03t0 PFC TX toward T1,lvl02-0101-0827-03t0,ethernet8/1,6,0,0
2026-09-04 05:32:00.0000000,1. 03t0 PFC TX toward T1,lvl02-0101-0827-03t0,ethernet9/1,2,0,0
2026-09-04 05:32:00.0000000,1. 03t0 PFC TX toward T1,lvl02-0101-0827-03t0,ethernet9/1,6,10,0
2026-09-04 05:32:00.0000000,1. 03t0 PFC TX toward T1,lvl02-0101-0827-03t0,ethernet10/1,2,0,0
2026-09-04 05:32:00.0000000,1. 03t0 PFC TX toward T1,lvl02-0101-0827-03t0,ethernet10/1,6,71,0
2026-09-04 05:32:00.0000000,1. 03t0 PFC TX toward T1,lvl02-0101-0827-03t0,ethernet23/1,2,0,0
2026-09-04 05:32:00.0000000,1. 03t0 PFC TX toward T1,lvl02-0101-0827-03t0,ethernet25/1,2,0,0
2026-09-04 05:32:00.0000000,1. 03t0 PFC TX toward T1,lvl02-0101-0827-03t0,ethernet25/1,6,11,0
2026-09-04 05:32:00.0000000,1. 03t0 PFC TX toward T1,lvl02-0101-0827-03t0,ethernet26/1,2,0,0
2026-09-04 05:32:00.0000000,1. 03t0 PFC TX toward T1,lvl02-0101-0827-03t0,ethernet26/1,6,0,0
2026-09-04 05:32:00.0000000,1. 03t0 PFC TX toward T1,lvl02-0101-0827-03t0,ethernet23/1,6,14,0
2026-09-04 05:32:00.0000000,1. 03t0 PFC TX toward T1,lvl02-0101-0827-03t0,ethernet24/1,2,0,0
2026-09-04 05:32:00.0000000,1. 03t0 PFC TX toward T1,lvl02-0101-0827-03t0,ethernet24/1,6,0,0
2026-09-04 05:32:00.0000000,1. 03t0 PFC TX toward T1,lvl02-0101-0827-03t0,ethernet7/1,2,0,0
2026-09-04 05:27:00.0000000,1. 03t0 PFC TX toward T1,lvl02-0101-0827-03t0,ethernet9/1,2,0,0
2026-09-04 05:27:00.0000000,1. 03t0 PFC TX toward T1,lvl02-0101-0827-03t0,ethernet23/1,2,0,0
2026-09-04 05:27:00.0000000,1. 03t0 PFC TX toward T1,lvl02-0101-0827-03t0,ethernet23/1,6,132,0
2026-09-04 05:27:00.0000000,1. 03t0 PFC TX toward T1,lvl02-0101-0827-03t0,ethernet8/1,2,0,0
2026-09-04 05:27:00.0000000,1. 03t0 PFC TX toward T1,lvl02-0101-0827-03t0,ethernet7/1,2,0,0
2026-09-04 05:27:00.0000000,1. 03t0 PFC TX toward T1,lvl02-0101-0827-03t0,ethernet24/1,2,0,0
2026-09-04 05:27:00.0000000,1. 03t0 PFC TX toward T1,lvl02-0101-0827-03t0,ethernet24/1,6,0,0
2026-09-04 05:27:00.0000000,1. 03t0 PFC TX toward T1,lvl02-0101-0827-03t0,ethernet25/1,2,0,0
2026-09-04 05:27:00.0000000,1. 03t0 PFC TX toward T1,lvl02-0101-0827-03t0,ethernet25/1,6,33,0
2026-09-04 05:27:00.0000000,1. 03t0 PFC TX toward T1,lvl02-0101-0827-03t0,ethernet9/1,6,8,0
2026-09-04 05:27:00.0000000,1. 03t0 PFC TX toward T1,lvl02-0101-0827-03t0,ethernet7/1,6,53,0
2026-09-04 05:27:00.0000000,1. 03t0 PFC TX toward T1,lvl02-0101-0827-03t0,ethernet26/1,6,0,0
2026-09-04 05:27:00.0000000,1. 03t0 PFC TX toward T1,lvl02-0101-0827-03t0,ethernet26/1,2,0,0
2026-09-04 05:27:00.0000000,1. 03t0 PFC TX toward T1,lvl02-0101-0827-03t0,ethernet8/1,6,6,0
2026-09-04 05:27:00.0000000,1. 03t0 PFC TX toward T1,lvl02-0101-0827-03t0,ethernet10/1,6,106,0
2026-09-04 05:27:00.0000000,1. 03t0 PFC TX toward T1,lvl02-0101-0827-03t0,ethernet10/1,2,0,0
2026-09-04 05:22:00.0000000,1. 03t0 PFC TX toward T1,lvl02-0101-0827-03t0,ethernet25/1,2,0,0
2026-09-04 05:22:00.0000000,1. 03t0 PFC TX toward T1,lvl02-0101-0827-03t0,ethernet9/1,2,0,0
2026-09-04 05:22:00.0000000,1. 03t0 PFC TX toward T1,lvl02-0101-0827-03t0,ethernet23/1,6,13,0
2026-09-04 05:22:00.0000000,1. 03t0 PFC TX toward T1,lvl02-0101-0827-03t0,ethernet26/1,6,17,0
2026-09-04 05:22:00.0000000,1. 03t0 PFC TX toward T1,lvl02-0101-0827-03t0,ethernet26/1,2,0,0
2026-09-04 05:22:00.0000000,1. 03t0 PFC TX toward T1,lvl02-0101-0827-03t0,ethernet7/1,2,0,0
2026-09-04 05:22:00.0000000,1. 03t0 PFC TX toward T1,lvl02-0101-0827-03t0,ethernet7/1,6,0,0
2026-09-04 05:22:00.0000000,1. 03t0 PFC TX toward T1,lvl02-0101-0827-03t0,ethernet8/1,2,0,0
2026-09-04 05:22:00.0000000,1. 03t0 PFC TX toward T1,lvl02-0101-0827-03t0,ethernet25/1,6,0,0
2026-09-04 05:22:00.0000000,1. 03t0 PFC TX toward T1,lvl02-0101-0827-03t0,ethernet9/1,6,136,0
2026-09-04 05:22:00.0000000,1. 03t0 PFC TX toward T1,lvl02-0101-0827-03t0,ethernet10/1,2,0,0
2026-09-04 05:22:00.0000000,1. 03t0 PFC TX toward T1,lvl02-0101-0827-03t0,ethernet10/1,6,275,0
2026-09-04 05:22:00.0000000,1. 03t0 PFC TX toward T1,lvl02-0101-0827-03t0,ethernet23/1,2,0,0
2026-09-04 05:22:00.0000000,1. 03t0 PFC TX toward T1,lvl02-0101-0827-03t0,ethernet24/1,2,0,0
2026-09-04 05:22:00.0000000,1. 03t0 PFC TX toward T1,lvl02-0101-0827-03t0,ethernet24/1,6,0,0
2026-09-04 05:22:00.0000000,1. 03t0 PFC TX toward T1,lvl02-0101-0827-03t0,ethernet8/1,6,20,0
2026-09-04 05:18:00.0000000,1. 03t0 PFC TX toward T1,lvl02-0101-0827-03t0,ethernet23/1,2,0,0
2026-09-04 05:18:00.0000000,1. 03t0 PFC TX toward T1,lvl02-0101-0827-03t0,ethernet23/1,6,288656,0
2026-09-04 05:18:00.0000000,1. 03t0 PFC TX toward T1,lvl02-0101-0827-03t0,ethernet26/1,6,517118,0
2026-09-04 05:18:00.0000000,1. 03t0 PFC TX toward T1,lvl02-0101-0827-03t0,ethernet24/1,2,0,0
2026-09-04 05:18:00.0000000,1. 03t0 PFC TX toward T1,lvl02-0101-0827-03t0,ethernet24/1,6,288124,0
2026-09-04 05:18:00.0000000,1. 03t0 PFC TX toward T1,lvl02-0101-0827-03t0,ethernet25/1,2,0,0
2026-09-04 05:18:00.0000000,1. 03t0 PFC TX toward T1,lvl02-0101-0827-03t0,ethernet25/1,6,237480,0
2026-09-04 05:18:00.0000000,1. 03t0 PFC TX toward T1,lvl02-0101-0827-03t0,ethernet26/1,2,0,0
2026-09-04 05:17:00.0000000,1. 03t0 PFC TX toward T1,lvl02-0101-0827-03t0,ethernet9/1,6,225937,0
2026-09-04 05:17:00.0000000,1. 03t0 PFC TX toward T1,lvl02-0101-0827-03t0,ethernet10/1,2,0,0
2026-09-04 05:17:00.0000000,1. 03t0 PFC TX toward T1,lvl02-0101-0827-03t0,ethernet8/1,6,377121,0
2026-09-04 05:17:00.0000000,1. 03t0 PFC TX toward T1,lvl02-0101-0827-03t0,ethernet8/1,2,0,0
2026-09-04 05:17:00.0000000,1. 03t0 PFC TX toward T1,lvl02-0101-0827-03t0,ethernet7/1,6,489312,0
2026-09-04 05:17:00.0000000,1. 03t0 PFC TX toward T1,lvl02-0101-0827-03t0,ethernet7/1,2,0,0
2026-09-04 05:17:00.0000000,1. 03t0 PFC TX toward T1,lvl02-0101-0827-03t0,ethernet9/1,2,0,0
2026-09-04 05:17:00.0000000,1. 03t0 PFC TX toward T1,lvl02-0101-0827-03t0,ethernet10/1,6,873435,0
2026-09-04 05:13:00.0000000,1. 03t0 PFC TX toward T1,lvl02-0101-0827-03t0,ethernet7/1,2,0,0
2026-09-04 05:13:00.0000000,1. 03t0 PFC TX toward T1,lvl02-0101-0827-03t0,ethernet8/1,2,0,0
2026-09-04 05:13:00.0000000,1. 03t0 PFC TX toward T1,lvl02-0101-0827-03t0,ethernet8/1,6,646393,0
2026-09-04 05:13:00.0000000,1. 03t0 PFC TX toward T1,lvl02-0101-0827-03t0,ethernet9/1,2,0,0
2026-09-04 05:13:00.0000000,1. 03t0 PFC TX toward T1,lvl02-0101-0827-03t0,ethernet9/1,6,775239,0
2026-09-04 05:13:00.0000000,1. 03t0 PFC TX toward T1,lvl02-0101-0827-03t0,ethernet10/1,2,0,0
2026-09-04 05:13:00.0000000,1. 03t0 PFC TX toward T1,lvl02-0101-0827-03t0,ethernet10/1,6,640289,0
2026-09-04 05:13:00.0000000,1. 03t0 PFC TX toward T1,lvl02-0101-0827-03t0,ethernet23/1,2,0,0
2026-09-04 05:13:00.0000000,1. 03t0 PFC TX toward T1,lvl02-0101-0827-03t0,ethernet23/1,6,782625,0
2026-09-04 05:13:00.0000000,1. 03t0 PFC TX toward T1,lvl02-0101-0827-03t0,ethernet24/1,2,0,0
2026-09-04 05:13:00.0000000,1. 03t0 PFC TX toward T1,lvl02-0101-0827-03t0,ethernet24/1,6,720623,0
2026-09-04 05:13:00.0000000,1. 03t0 PFC TX toward T1,lvl02-0101-0827-03t0,ethernet25/1,2,0,0
2026-09-04 05:13:00.0000000,1. 03t0 PFC TX toward T1,lvl02-0101-0827-03t0,ethernet25/1,6,874504,0
2026-09-04 05:13:00.0000000,1. 03t0 PFC TX toward T1,lvl02-0101-0827-03t0,ethernet26/1,2,0,0
2026-09-04 05:13:00.0000000,1. 03t0 PFC TX toward T1,lvl02-0101-0827-03t0,ethernet26/1,6,803577,0
2026-09-04 05:13:00.0000000,1. 03t0 PFC TX toward T1,lvl02-0101-0827-03t0,ethernet7/1,6,681727,0
2026-09-04 05:08:00.0000000,1. 03t0 PFC TX toward T1,lvl02-0101-0827-03t0,ethernet23/1,2,0,0
2026-09-04 05:08:00.0000000,1. 03t0 PFC TX toward T1,lvl02-0101-0827-03t0,ethernet10/1,6,437432,0
2026-09-04 05:08:00.0000000,1. 03t0 PFC TX toward T1,lvl02-0101-0827-03t0,ethernet10/1,2,0,0
2026-09-04 05:08:00.0000000,1. 03t0 PFC TX toward T1,lvl02-0101-0827-03t0,ethernet9/1,6,778046,0
2026-09-04 05:08:00.0000000,1. 03t0 PFC TX toward T1,lvl02-0101-0827-03t0,ethernet9/1,2,0,0
2026-09-04 05:08:00.0000000,1. 03t0 PFC TX toward T1,lvl02-0101-0827-03t0,ethernet8/1,6,696837,0
2026-09-04 05:08:00.0000000,1. 03t0 PFC TX toward T1,lvl02-0101-0827-03t0,ethernet8/1,2,0,0
2026-09-04 05:08:00.0000000,1. 03t0 PFC TX toward T1,lvl02-0101-0827-03t0,ethernet7/1,6,659675,0
2026-09-04 05:08:00.0000000,1. 03t0 PFC TX toward T1,lvl02-0101-0827-03t0,ethernet7/1,2,0,0
2026-09-04 05:08:00.0000000,1. 03t0 PFC TX toward T1,lvl02-0101-0827-03t0,ethernet26/1,6,834229,0
2026-09-04 05:08:00.0000000,1. 03t0 PFC TX toward T1,lvl02-0101-0827-03t0,ethernet26/1,2,0,0
2026-09-04 05:08:00.0000000,1. 03t0 PFC TX toward T1,lvl02-0101-0827-03t0,ethernet25/1,6,760994,0
2026-09-04 05:08:00.0000000,1. 03t0 PFC TX toward T1,lvl02-0101-0827-03t0,ethernet25/1,2,0,0
2026-09-04 05:08:00.0000000,1. 03t0 PFC TX toward T1,lvl02-0101-0827-03t0,ethernet24/1,6,558243,0
2026-09-04 05:08:00.0000000,1. 03t0 PFC TX toward T1,lvl02-0101-0827-03t0,ethernet24/1,2,0,0
2026-09-04 05:08:00.0000000,1. 03t0 PFC TX toward T1,lvl02-0101-0827-03t0,ethernet23/1,6,787177,0
2026-09-04 05:03:00.0000000,1. 03t0 PFC TX toward T1,lvl02-0101-0827-03t0,ethernet7/1,2,0,0
2026-09-04 05:03:00.0000000,1. 03t0 PFC TX toward T1,lvl02-0101-0827-03t0,ethernet7/1,6,478332,0
2026-09-04 05:03:00.0000000,1. 03t0 PFC TX toward T1,lvl02-0101-0827-03t0,ethernet8/1,6,1014944,0
2026-09-04 05:03:00.0000000,1. 03t0 PFC TX toward T1,lvl02-0101-0827-03t0,ethernet9/1,2,0,0
2026-09-04 05:03:00.0000000,1. 03t0 PFC TX toward T1,lvl02-0101-0827-03t0,ethernet9/1,6,1232916,0
2026-09-04 05:03:00.0000000,1. 03t0 PFC TX toward T1,lvl02-0101-0827-03t0,ethernet10/1,2,0,0
2026-09-04 05:03:00.0000000,1. 03t0 PFC TX toward T1,lvl02-0101-0827-03t0,ethernet10/1,6,1079976,0
2026-09-04 05:03:00.0000000,1. 03t0 PFC TX toward T1,lvl02-0101-0827-03t0,ethernet23/1,2,0,0
2026-09-04 05:03:00.0000000,1. 03t0 PFC TX toward T1,lvl02-0101-0827-03t0,ethernet23/1,6,1111364,0
2026-09-04 05:03:00.0000000,1. 03t0 PFC TX toward T1,lvl02-0101-0827-03t0,ethernet24/1,2,0,0
2026-09-04 05:03:00.0000000,1. 03t0 PFC TX toward T1,lvl02-0101-0827-03t0,ethernet24/1,6,697784,0
2026-09-04 05:03:00.0000000,1. 03t0 PFC TX toward T1,lvl02-0101-0827-03t0,ethernet25/1,2,0,0
2026-09-04 05:03:00.0000000,1. 03t0 PFC TX toward T1,lvl02-0101-0827-03t0,ethernet26/1,2,0,0
2026-09-04 05:03:00.0000000,1. 03t0 PFC TX toward T1,lvl02-0101-0827-03t0,ethernet26/1,6,846026,0
2026-09-04 05:03:00.0000000,1. 03t0 PFC TX toward T1,lvl02-0101-0827-03t0,ethernet8/1,2,0,0
2026-09-04 05:03:00.0000000,1. 03t0 PFC TX toward T1,lvl02-0101-0827-03t0,ethernet25/1,6,848120,0
2026-09-04 04:58:00.0000000,1. 03t0 PFC TX toward T1,lvl02-0101-0827-03t0,ethernet9/1,2,0,0
2026-09-04 04:58:00.0000000,1. 03t0 PFC TX toward T1,lvl02-0101-0827-03t0,ethernet8/1,6,1099282,0
2026-09-04 04:58:00.0000000,1. 03t0 PFC TX toward T1,lvl02-0101-0827-03t0,ethernet8/1,2,0,0
2026-09-04 04:58:00.0000000,1. 03t0 PFC TX toward T1,lvl02-0101-0827-03t0,ethernet25/1,6,1369261,0
2026-09-04 04:58:00.0000000,1. 03t0 PFC TX toward T1,lvl02-0101-0827-03t0,ethernet25/1,2,0,0
2026-09-04 04:58:00.0000000,1. 03t0 PFC TX toward T1,lvl02-0101-0827-03t0,ethernet24/1,2,0,0
2026-09-04 04:58:00.0000000,1. 03t0 PFC TX toward T1,lvl02-0101-0827-03t0,ethernet23/1,6,1413869,0
2026-09-04 04:58:00.0000000,1. 03t0 PFC TX toward T1,lvl02-0101-0827-03t0,ethernet23/1,2,0,0
2026-09-04 04:58:00.0000000,1. 03t0 PFC TX toward T1,lvl02-0101-0827-03t0,ethernet24/1,6,1484140,0
2026-09-04 04:58:00.0000000,1. 03t0 PFC TX toward T1,lvl02-0101-0827-03t0,ethernet10/1,6,1425788,0
2026-09-04 04:58:00.0000000,1. 03t0 PFC TX toward T1,lvl02-0101-0827-03t0,ethernet9/1,6,1131890,6
2026-09-04 04:58:00.0000000,1. 03t0 PFC TX toward T1,lvl02-0101-0827-03t0,ethernet7/1,6,1122176,0
2026-09-04 04:58:00.0000000,1. 03t0 PFC TX toward T1,lvl02-0101-0827-03t0,ethernet7/1,2,0,0
2026-09-04 04:58:00.0000000,1. 03t0 PFC TX toward T1,lvl02-0101-0827-03t0,ethernet10/1,2,0,0
2026-09-04 04:58:00.0000000,1. 03t0 PFC TX toward T1,lvl02-0101-0827-03t0,ethernet26/1,6,1121504,0
2026-09-04 04:58:00.0000000,1. 03t0 PFC TX toward T1,lvl02-0101-0827-03t0,ethernet26/1,2,0,0
2026-09-04 04:53:00.0000000,1. 03t0 PFC TX toward T1,lvl02-0101-0827-03t0,ethernet10/1,6,906243,0
2026-09-04 04:53:00.0000000,1. 03t0 PFC TX toward T1,lvl02-0101-0827-03t0,ethernet23/1,2,0,0
2026-09-04 04:53:00.0000000,1. 03t0 PFC TX toward T1,lvl02-0101-0827-03t0,ethernet23/1,6,1070786,0
2026-09-04 04:53:00.0000000,1. 03t0 PFC TX toward T1,lvl02-0101-0827-03t0,ethernet26/1,6,678088,0
2026-09-04 04:53:00.0000000,1. 03t0 PFC TX toward T1,lvl02-0101-0827-03t0,ethernet26/1,2,0,0
2026-09-04 04:53:00.0000000,1. 03t0 PFC TX toward T1,lvl02-0101-0827-03t0,ethernet25/1,6,1141836,0
2026-09-04 04:53:00.0000000,1. 03t0 PFC TX toward T1,lvl02-0101-0827-03t0,ethernet25/1,2,0,0
2026-09-04 04:53:00.0000000,1. 03t0 PFC TX toward T1,lvl02-0101-0827-03t0,ethernet7/1,2,0,0
2026-09-04 04:53:00.0000000,1. 03t0 PFC TX toward T1,lvl02-0101-0827-03t0,ethernet7/1,6,1132915,0
2026-09-04 04:53:00.0000000,1. 03t0 PFC TX toward T1,lvl02-0101-0827-03t0,ethernet8/1,2,0,0
2026-09-04 04:53:00.0000000,1. 03t0 PFC TX toward T1,lvl02-0101-0827-03t0,ethernet8/1,6,895554,0
2026-09-04 04:53:00.0000000,1. 03t0 PFC TX toward T1,lvl02-0101-0827-03t0,ethernet24/1,6,789809,0
2026-09-04 04:53:00.0000000,1. 03t0 PFC TX toward T1,lvl02-0101-0827-03t0,ethernet24/1,2,0,0
2026-09-04 04:53:00.0000000,1. 03t0 PFC TX toward T1,lvl02-0101-0827-03t0,ethernet9/1,2,0,0
2026-09-04 04:53:00.0000000,1. 03t0 PFC TX toward T1,lvl02-0101-0827-03t0,ethernet9/1,6,1460066,0
2026-09-04 04:53:00.0000000,1. 03t0 PFC TX toward T1,lvl02-0101-0827-03t0,ethernet10/1,2,0,0
2026-09-04 04:48:00.0000000,1. 03t0 PFC TX toward T1,lvl02-0101-0827-03t0,ethernet7/1,6,936770,0
2026-09-04 04:48:00.0000000,1. 03t0 PFC TX toward T1,lvl02-0101-0827-03t0,ethernet7/1,2,0,0
2026-09-04 04:48:00.0000000,1. 03t0 PFC TX toward T1,lvl02-0101-0827-03t0,ethernet24/1,2,0,0
2026-09-04 04:48:00.0000000,1. 03t0 PFC TX toward T1,lvl02-0101-0827-03t0,ethernet23/1,6,836390,0
2026-09-04 04:48:00.0000000,1. 03t0 PFC TX toward T1,lvl02-0101-0827-03t0,ethernet9/1,6,906215,0
2026-09-04 04:48:00.0000000,1. 03t0 PFC TX toward T1,lvl02-0101-0827-03t0,ethernet23/1,2,0,0
2026-09-04 04:48:00.0000000,1. 03t0 PFC TX toward T1,lvl02-0101-0827-03t0,ethernet10/1,6,801146,0
2026-09-04 04:48:00.0000000,1. 03t0 PFC TX toward T1,lvl02-0101-0827-03t0,ethernet10/1,2,0,0
2026-09-04 04:48:00.0000000,1. 03t0 PFC TX toward T1,lvl02-0101-0827-03t0,ethernet25/1,6,869609,0
2026-09-04 04:48:00.0000000,1. 03t0 PFC TX toward T1,lvl02-0101-0827-03t0,ethernet25/1,2,0,0
2026-09-04 04:48:00.0000000,1. 03t0 PFC TX toward T1,lvl02-0101-0827-03t0,ethernet24/1,6,1198465,0
2026-09-04 04:48:00.0000000,1. 03t0 PFC TX toward T1,lvl02-0101-0827-03t0,ethernet9/1,2,0,0
2026-09-04 04:48:00.0000000,1. 03t0 PFC TX toward T1,lvl02-0101-0827-03t0,ethernet26/1,6,947508,0
2026-09-04 04:48:00.0000000,1. 03t0 PFC TX toward T1,lvl02-0101-0827-03t0,ethernet26/1,2,0,0
2026-09-04 04:48:00.0000000,1. 03t0 PFC TX toward T1,lvl02-0101-0827-03t0,ethernet8/1,6,1211726,0
2026-09-04 04:48:00.0000000,1. 03t0 PFC TX toward T1,lvl02-0101-0827-03t0,ethernet8/1,2,0,0
2026-09-04 04:43:00.0000000,1. 03t0 PFC TX toward T1,lvl02-0101-0827-03t0,ethernet26/1,6,523561,0
2026-09-04 04:43:00.0000000,1. 03t0 PFC TX toward T1,lvl02-0101-0827-03t0,ethernet23/1,2,0,0
2026-09-04 04:43:00.0000000,1. 03t0 PFC TX toward T1,lvl02-0101-0827-03t0,ethernet7/1,6,789434,0
2026-09-04 04:43:00.0000000,1. 03t0 PFC TX toward T1,lvl02-0101-0827-03t0,ethernet8/1,2,0,0
2026-09-04 04:43:00.0000000,1. 03t0 PFC TX toward T1,lvl02-0101-0827-03t0,ethernet8/1,6,703961,0
2026-09-04 04:43:00.0000000,1. 03t0 PFC TX toward T1,lvl02-0101-0827-03t0,ethernet25/1,6,859141,0
2026-09-04 04:43:00.0000000,1. 03t0 PFC TX toward T1,lvl02-0101-0827-03t0,ethernet9/1,2,0,0
2026-09-04 04:43:00.0000000,1. 03t0 PFC TX toward T1,lvl02-0101-0827-03t0,ethernet23/1,6,537670,0
2026-09-04 04:43:00.0000000,1. 03t0 PFC TX toward T1,lvl02-0101-0827-03t0,ethernet9/1,6,689095,0
2026-09-04 04:43:00.0000000,1. 03t0 PFC TX toward T1,lvl02-0101-0827-03t0,ethernet10/1,2,0,0
2026-09-04 04:43:00.0000000,1. 03t0 PFC TX toward T1,lvl02-0101-0827-03t0,ethernet24/1,2,0,0
2026-09-04 04:43:00.0000000,1. 03t0 PFC TX toward T1,lvl02-0101-0827-03t0,ethernet26/1,2,0,0
2026-09-04 04:43:00.0000000,1. 03t0 PFC TX toward T1,lvl02-0101-0827-03t0,ethernet24/1,6,708022,0
2026-09-04 04:43:00.0000000,1. 03t0 PFC TX toward T1,lvl02-0101-0827-03t0,ethernet10/1,6,869450,0
2026-09-04 04:43:00.0000000,1. 03t0 PFC TX toward T1,lvl02-0101-0827-03t0,ethernet7/1,2,0,0
2026-09-04 04:43:00.0000000,1. 03t0 PFC TX toward T1,lvl02-0101-0827-03t0,ethernet25/1,2,0,0
2026-09-04 04:38:00.0000000,1. 03t0 PFC TX toward T1,lvl02-0101-0827-03t0,ethernet7/1,2,0,0
2026-09-04 04:38:00.0000000,1. 03t0 PFC TX toward T1,lvl02-0101-0827-03t0,ethernet7/1,6,988420,0
2026-09-04 04:38:00.0000000,1. 03t0 PFC TX toward T1,lvl02-0101-0827-03t0,ethernet8/1,2,0,0
2026-09-04 04:38:00.0000000,1. 03t0 PFC TX toward T1,lvl02-0101-0827-03t0,ethernet9/1,2,0,0
2026-09-04 04:38:00.0000000,1. 03t0 PFC TX toward T1,lvl02-0101-0827-03t0,ethernet9/1,6,780382,0
2026-09-04 04:38:00.0000000,1. 03t0 PFC TX toward T1,lvl02-0101-0827-03t0,ethernet10/1,2,0,0
2026-09-04 04:38:00.0000000,1. 03t0 PFC TX toward T1,lvl02-0101-0827-03t0,ethernet8/1,6,604711,0
2026-09-04 04:38:00.0000000,1. 03t0 PFC TX toward T1,lvl02-0101-0827-03t0,ethernet10/1,6,460495,0
2026-09-04 04:38:00.0000000,1. 03t0 PFC TX toward T1,lvl02-0101-0827-03t0,ethernet23/1,2,0,0
2026-09-04 04:38:00.0000000,1. 03t0 PFC TX toward T1,lvl02-0101-0827-03t0,ethernet23/1,6,650156,0
2026-09-04 04:38:00.0000000,1. 03t0 PFC TX toward T1,lvl02-0101-0827-03t0,ethernet24/1,2,0,0
2026-09-04 04:38:00.0000000,1. 03t0 PFC TX toward T1,lvl02-0101-0827-03t0,ethernet24/1,6,854340,0
2026-09-04 04:38:00.0000000,1. 03t0 PFC TX toward T1,lvl02-0101-0827-03t0,ethernet25/1,2,0,0
2026-09-04 04:38:00.0000000,1. 03t0 PFC TX toward T1,lvl02-0101-0827-03t0,ethernet25/1,6,973042,0
2026-09-04 04:38:00.0000000,1. 03t0 PFC TX toward T1,lvl02-0101-0827-03t0,ethernet26/1,2,0,0
2026-09-04 04:38:00.0000000,1. 03t0 PFC TX toward T1,lvl02-0101-0827-03t0,ethernet26/1,6,400020,0
2026-09-04 04:33:00.0000000,1. 03t0 PFC TX toward T1,lvl02-0101-0827-03t0,ethernet23/1,6,897500,0
2026-09-04 04:33:00.0000000,1. 03t0 PFC TX toward T1,lvl02-0101-0827-03t0,ethernet23/1,2,0,0
2026-09-04 04:33:00.0000000,1. 03t0 PFC TX toward T1,lvl02-0101-0827-03t0,ethernet10/1,6,1082784,0
2026-09-04 04:33:00.0000000,1. 03t0 PFC TX toward T1,lvl02-0101-0827-03t0,ethernet7/1,2,0,0
2026-09-04 04:33:00.0000000,1. 03t0 PFC TX toward T1,lvl02-0101-0827-03t0,ethernet7/1,6,983687,0
2026-09-04 04:33:00.0000000,1. 03t0 PFC TX toward T1,lvl02-0101-0827-03t0,ethernet8/1,6,1034406,0
2026-09-04 04:33:00.0000000,1. 03t0 PFC TX toward T1,lvl02-0101-0827-03t0,ethernet9/1,2,0,0
2026-09-04 04:33:00.0000000,1. 03t0 PFC TX toward T1,lvl02-0101-0827-03t0,ethernet9/1,6,806502,0
2026-09-04 04:33:00.0000000,1. 03t0 PFC TX toward T1,lvl02-0101-0827-03t0,ethernet8/1,2,0,0
2026-09-04 04:33:00.0000000,1. 03t0 PFC TX toward T1,lvl02-0101-0827-03t0,ethernet26/1,6,802809,0
2026-09-04 04:33:00.0000000,1. 03t0 PFC TX toward T1,lvl02-0101-0827-03t0,ethernet26/1,2,0,0
2026-09-04 04:33:00.0000000,1. 03t0 PFC TX toward T1,lvl02-0101-0827-03t0,ethernet25/1,6,1058404,0
2026-09-04 04:33:00.0000000,1. 03t0 PFC TX toward T1,lvl02-0101-0827-03t0,ethernet25/1,2,0,0
2026-09-04 04:33:00.0000000,1. 03t0 PFC TX toward T1,lvl02-0101-0827-03t0,ethernet24/1,6,1140478,0
2026-09-04 04:33:00.0000000,1. 03t0 PFC TX toward T1,lvl02-0101-0827-03t0,ethernet24/1,2,0,0
2026-09-04 04:33:00.0000000,1. 03t0 PFC TX toward T1,lvl02-0101-0827-03t0,ethernet10/1,2,0,0
2026-09-04 04:28:00.0000000,1. 03t0 PFC TX toward T1,lvl02-0101-0827-03t0,ethernet25/1,2,0,0
2026-09-04 04:28:00.0000000,1. 03t0 PFC TX toward T1,lvl02-0101-0827-03t0,ethernet24/1,6,1459400,0
2026-09-04 04:28:00.0000000,1. 03t0 PFC TX toward T1,lvl02-0101-0827-03t0,ethernet24/1,2,0,0
2026-09-04 04:28:00.0000000,1. 03t0 PFC TX toward T1,lvl02-0101-0827-03t0,ethernet23/1,6,1178954,0
2026-09-04 04:28:00.0000000,1. 03t0 PFC TX toward T1,lvl02-0101-0827-03t0,ethernet26/1,6,1445336,0
2026-09-04 04:28:00.0000000,1. 03t0 PFC TX toward T1,lvl02-0101-0827-03t0,ethernet9/1,2,0,0
2026-09-04 04:28:00.0000000,1. 03t0 PFC TX toward T1,lvl02-0101-0827-03t0,ethernet9/1,6,1421190,0
2026-09-04 04:28:00.0000000,1. 03t0 PFC TX toward T1,lvl02-0101-0827-03t0,ethernet10/1,2,0,0
2026-09-04 04:28:00.0000000,1. 03t0 PFC TX toward T1,lvl02-0101-0827-03t0,ethernet25/1,6,1290146,0
2026-09-04 04:28:00.0000000,1. 03t0 PFC TX toward T1,lvl02-0101-0827-03t0,ethernet23/1,2,0,0
2026-09-04 04:28:00.0000000,1. 03t0 PFC TX toward T1,lvl02-0101-0827-03t0,ethernet26/1,2,0,0
2026-09-04 04:28:00.0000000,1. 03t0 PFC TX toward T1,lvl02-0101-0827-03t0,ethernet7/1,2,0,0
2026-09-04 04:28:00.0000000,1. 03t0 PFC TX toward T1,lvl02-0101-0827-03t0,ethernet7/1,6,1199499,0
2026-09-04 04:28:00.0000000,1. 03t0 PFC TX toward T1,lvl02-0101-0827-03t0,ethernet8/1,6,1369672,0
2026-09-04 04:28:00.0000000,1. 03t0 PFC TX toward T1,lvl02-0101-0827-03t0,ethernet10/1,6,1494719,0
2026-09-04 04:28:00.0000000,1. 03t0 PFC TX toward T1,lvl02-0101-0827-03t0,ethernet8/1,2,0,0
2026-09-04 04:23:00.0000000,1. 03t0 PFC TX toward T1,lvl02-0101-0827-03t0,ethernet10/1,2,0,0
2026-09-04 04:23:00.0000000,1. 03t0 PFC TX toward T1,lvl02-0101-0827-03t0,ethernet7/1,2,0,0
2026-09-04 04:23:00.0000000,1. 03t0 PFC TX toward T1,lvl02-0101-0827-03t0,ethernet7/1,6,101,0
2026-09-04 04:23:00.0000000,1. 03t0 PFC TX toward T1,lvl02-0101-0827-03t0,ethernet8/1,2,0,0
2026-09-04 04:23:00.0000000,1. 03t0 PFC TX toward T1,lvl02-0101-0827-03t0,ethernet8/1,6,269,0
2026-09-04 04:23:00.0000000,1. 03t0 PFC TX toward T1,lvl02-0101-0827-03t0,ethernet9/1,2,0,0
2026-09-04 04:23:00.0000000,1. 03t0 PFC TX toward T1,lvl02-0101-0827-03t0,ethernet9/1,6,226,0
2026-09-04 04:23:00.0000000,1. 03t0 PFC TX toward T1,lvl02-0101-0827-03t0,ethernet23/1,2,0,0
2026-09-04 04:23:00.0000000,1. 03t0 PFC TX toward T1,lvl02-0101-0827-03t0,ethernet23/1,6,270,0
2026-09-04 04:23:00.0000000,1. 03t0 PFC TX toward T1,lvl02-0101-0827-03t0,ethernet24/1,2,0,0
2026-09-04 04:23:00.0000000,1. 03t0 PFC TX toward T1,lvl02-0101-0827-03t0,ethernet24/1,6,386,0
2026-09-04 04:23:00.0000000,1. 03t0 PFC TX toward T1,lvl02-0101-0827-03t0,ethernet25/1,2,0,0
2026-09-04 04:23:00.0000000,1. 03t0 PFC TX toward T1,lvl02-0101-0827-03t0,ethernet25/1,6,261,0
2026-09-04 04:23:00.0000000,1. 03t0 PFC TX toward T1,lvl02-0101-0827-03t0,ethernet26/1,2,0,0
2026-09-04 04:23:00.0000000,1. 03t0 PFC TX toward T1,lvl02-0101-0827-03t0,ethernet26/1,6,615,0
2026-09-04 04:23:00.0000000,1. 03t0 PFC TX toward T1,lvl02-0101-0827-03t0,ethernet10/1,6,572,0
2026-09-04 04:18:00.0000000,1. 03t0 PFC TX toward T1,lvl02-0101-0827-03t0,ethernet8/1,2,0,0
2026-09-04 04:18:00.0000000,1. 03t0 PFC TX toward T1,lvl02-0101-0827-03t0,ethernet24/1,6,0,0
2026-09-04 04:18:00.0000000,1. 03t0 PFC TX toward T1,lvl02-0101-0827-03t0,ethernet24/1,2,0,0
2026-09-04 04:18:00.0000000,1. 03t0 PFC TX toward T1,lvl02-0101-0827-03t0,ethernet23/1,2,0,0
2026-09-04 04:18:00.0000000,1. 03t0 PFC TX toward T1,lvl02-0101-0827-03t0,ethernet10/1,6,101,0
2026-09-04 04:18:00.0000000,1. 03t0 PFC TX toward T1,lvl02-0101-0827-03t0,ethernet10/1,2,0,0
2026-09-04 04:18:00.0000000,1. 03t0 PFC TX toward T1,lvl02-0101-0827-03t0,ethernet9/1,6,13,0
2026-09-04 04:18:00.0000000,1. 03t0 PFC TX toward T1,lvl02-0101-0827-03t0,ethernet9/1,2,0,0
2026-09-04 04:18:00.0000000,1. 03t0 PFC TX toward T1,lvl02-0101-0827-03t0,ethernet7/1,2,0,0
2026-09-04 04:18:00.0000000,1. 03t0 PFC TX toward T1,lvl02-0101-0827-03t0,ethernet8/1,6,8,0
2026-09-04 04:18:00.0000000,1. 03t0 PFC TX toward T1,lvl02-0101-0827-03t0,ethernet7/1,6,9,0
2026-09-04 04:18:00.0000000,1. 03t0 PFC TX toward T1,lvl02-0101-0827-03t0,ethernet25/1,2,0,0
2026-09-04 04:18:00.0000000,1. 03t0 PFC TX toward T1,lvl02-0101-0827-03t0,ethernet25/1,6,25,0
2026-09-04 04:18:00.0000000,1. 03t0 PFC TX toward T1,lvl02-0101-0827-03t0,ethernet26/1,2,0,0
2026-09-04 04:18:00.0000000,1. 03t0 PFC TX toward T1,lvl02-0101-0827-03t0,ethernet26/1,6,57,0
2026-09-04 04:18:00.0000000,1. 03t0 PFC TX toward T1,lvl02-0101-0827-03t0,ethernet23/1,6,6,0
2026-09-04 04:13:00.0000000,1. 03t0 PFC TX toward T1,lvl02-0101-0827-03t0,ethernet9/1,2,0,0
2026-09-04 04:13:00.0000000,1. 03t0 PFC TX toward T1,lvl02-0101-0827-03t0,ethernet7/1,6,6,0
2026-09-04 04:13:00.0000000,1. 03t0 PFC TX toward T1,lvl02-0101-0827-03t0,ethernet24/1,6,22,0
2026-09-04 04:13:00.0000000,1. 03t0 PFC TX toward T1,lvl02-0101-0827-03t0,ethernet25/1,2,0,0
2026-09-04 04:13:00.0000000,1. 03t0 PFC TX toward T1,lvl02-0101-0827-03t0,ethernet23/1,6,32,0
2026-09-04 04:13:00.0000000,1. 03t0 PFC TX toward T1,lvl02-0101-0827-03t0,ethernet7/1,2,0,0
2026-09-04 04:13:00.0000000,1. 03t0 PFC TX toward T1,lvl02-0101-0827-03t0,ethernet24/1,2,0,0
2026-09-04 04:13:00.0000000,1. 03t0 PFC TX toward T1,lvl02-0101-0827-03t0,ethernet26/1,6,54,0
2026-09-04 04:13:00.0000000,1. 03t0 PFC TX toward T1,lvl02-0101-0827-03t0,ethernet26/1,2,0,0
2026-09-04 04:13:00.0000000,1. 03t0 PFC TX toward T1,lvl02-0101-0827-03t0,ethernet9/1,6,101,0
2026-09-04 04:13:00.0000000,1. 03t0 PFC TX toward T1,lvl02-0101-0827-03t0,ethernet25/1,6,73,0
2026-09-04 04:13:00.0000000,1. 03t0 PFC TX toward T1,lvl02-0101-0827-03t0,ethernet8/1,2,0,0
2026-09-04 04:13:00.0000000,1. 03t0 PFC TX toward T1,lvl02-0101-0827-03t0,ethernet8/1,6,130,0
2026-09-04 04:13:00.0000000,1. 03t0 PFC TX toward T1,lvl02-0101-0827-03t0,ethernet23/1,2,0,0
2026-09-04 04:13:00.0000000,1. 03t0 PFC TX toward T1,lvl02-0101-0827-03t0,ethernet10/1,2,0,0
2026-09-04 04:13:00.0000000,1. 03t0 PFC TX toward T1,lvl02-0101-0827-03t0,ethernet10/1,6,154,0
2026-09-04 04:08:00.0000000,1. 03t0 PFC TX toward T1,lvl02-0101-0827-03t0,ethernet8/1,2,0,0
2026-09-04 04:08:00.0000000,1. 03t0 PFC TX toward T1,lvl02-0101-0827-03t0,ethernet8/1,6,62,0
2026-09-04 04:08:00.0000000,1. 03t0 PFC TX toward T1,lvl02-0101-0827-03t0,ethernet9/1,2,0,0
2026-09-04 04:08:00.0000000,1. 03t0 PFC TX toward T1,lvl02-0101-0827-03t0,ethernet9/1,6,26,0
2026-09-04 04:08:00.0000000,1. 03t0 PFC TX toward T1,lvl02-0101-0827-03t0,ethernet7/1,2,0,0
2026-09-04 04:08:00.0000000,1. 03t0 PFC TX toward T1,lvl02-0101-0827-03t0,ethernet7/1,6,0,0
2026-09-04 04:08:00.0000000,1. 03t0 PFC TX toward T1,lvl02-0101-0827-03t0,ethernet10/1,2,0,0
2026-09-04 04:08:00.0000000,1. 03t0 PFC TX toward T1,lvl02-0101-0827-03t0,ethernet23/1,2,0,0
2026-09-04 04:08:00.0000000,1. 03t0 PFC TX toward T1,lvl02-0101-0827-03t0,ethernet23/1,6,31,0
2026-09-04 04:08:00.0000000,1. 03t0 PFC TX toward T1,lvl02-0101-0827-03t0,ethernet10/1,6,119,0
2026-09-04 04:08:00.0000000,1. 03t0 PFC TX toward T1,lvl02-0101-0827-03t0,ethernet24/1,2,0,0
2026-09-04 04:08:00.0000000,1. 03t0 PFC TX toward T1,lvl02-0101-0827-03t0,ethernet24/1,6,49,0
2026-09-04 04:08:00.0000000,1. 03t0 PFC TX toward T1,lvl02-0101-0827-03t0,ethernet25/1,2,0,0
2026-09-04 04:08:00.0000000,1. 03t0 PFC TX toward T1,lvl02-0101-0827-03t0,ethernet25/1,6,8,0
2026-09-04 04:08:00.0000000,1. 03t0 PFC TX toward T1,lvl02-0101-0827-03t0,ethernet26/1,2,0,0
2026-09-04 04:08:00.0000000,1. 03t0 PFC TX toward T1,lvl02-0101-0827-03t0,ethernet26/1,6,98,0
2026-09-04 04:03:00.0000000,1. 03t0 PFC TX toward T1,lvl02-0101-0827-03t0,ethernet8/1,6,71711,0
2026-09-04 04:03:00.0000000,1. 03t0 PFC TX toward T1,lvl02-0101-0827-03t0,ethernet7/1,6,19138,0
2026-09-04 04:03:00.0000000,1. 03t0 PFC TX toward T1,lvl02-0101-0827-03t0,ethernet8/1,2,0,0
2026-09-04 04:03:00.0000000,1. 03t0 PFC TX toward T1,lvl02-0101-0827-03t0,ethernet7/1,2,0,0
2026-09-04 04:03:00.0000000,1. 03t0 PFC TX toward T1,lvl02-0101-0827-03t0,ethernet9/1,2,0,0
2026-09-04 04:03:00.0000000,1. 03t0 PFC TX toward T1,lvl02-0101-0827-03t0,ethernet9/1,6,18799,0
2026-09-04 04:03:00.0000000,1. 03t0 PFC TX toward T1,lvl02-0101-0827-03t0,ethernet10/1,2,0,0
2026-09-04 04:03:00.0000000,1. 03t0 PFC TX toward T1,lvl02-0101-0827-03t0,ethernet10/1,6,101470,0
2026-09-04 04:03:00.0000000,1. 03t0 PFC TX toward T1,lvl02-0101-0827-03t0,ethernet23/1,2,0,0
2026-09-04 04:03:00.0000000,1. 03t0 PFC TX toward T1,lvl02-0101-0827-03t0,ethernet23/1,6,37558,0
2026-09-04 04:03:00.0000000,1. 03t0 PFC TX toward T1,lvl02-0101-0827-03t0,ethernet24/1,2,0,0
2026-09-04 04:03:00.0000000,1. 03t0 PFC TX toward T1,lvl02-0101-0827-03t0,ethernet24/1,6,57911,0
2026-09-04 04:03:00.0000000,1. 03t0 PFC TX toward T1,lvl02-0101-0827-03t0,ethernet25/1,2,0,0
2026-09-04 04:03:00.0000000,1. 03t0 PFC TX toward T1,lvl02-0101-0827-03t0,ethernet25/1,6,64579,0
2026-09-04 04:03:00.0000000,1. 03t0 PFC TX toward T1,lvl02-0101-0827-03t0,ethernet26/1,2,0,0
2026-09-04 04:03:00.0000000,1. 03t0 PFC TX toward T1,lvl02-0101-0827-03t0,ethernet26/1,6,99229,0
2026-09-04 03:58:00.0000000,1. 03t0 PFC TX toward T1,lvl02-0101-0827-03t0,ethernet7/1,6,23183,0
2026-09-04 03:58:00.0000000,1. 03t0 PFC TX toward T1,lvl02-0101-0827-03t0,ethernet8/1,2,0,0
2026-09-04 03:58:00.0000000,1. 03t0 PFC TX toward T1,lvl02-0101-0827-03t0,ethernet8/1,6,20050,0
2026-09-04 03:58:00.0000000,1. 03t0 PFC TX toward T1,lvl02-0101-0827-03t0,ethernet25/1,2,0,0
2026-09-04 03:58:00.0000000,1. 03t0 PFC TX toward T1,lvl02-0101-0827-03t0,ethernet10/1,2,0,0
2026-09-04 03:58:00.0000000,1. 03t0 PFC TX toward T1,lvl02-0101-0827-03t0,ethernet10/1,6,46187,0
2026-09-04 03:58:00.0000000,1. 03t0 PFC TX toward T1,lvl02-0101-0827-03t0,ethernet23/1,2,0,0
2026-09-04 03:58:00.0000000,1. 03t0 PFC TX toward T1,lvl02-0101-0827-03t0,ethernet23/1,6,20641,0
2026-09-04 03:58:00.0000000,1. 03t0 PFC TX toward T1,lvl02-0101-0827-03t0,ethernet24/1,2,0,0
2026-09-04 03:58:00.0000000,1. 03t0 PFC TX toward T1,lvl02-0101-0827-03t0,ethernet24/1,6,19017,0
2026-09-04 03:58:00.0000000,1. 03t0 PFC TX toward T1,lvl02-0101-0827-03t0,ethernet25/1,6,37248,0
2026-09-04 03:58:00.0000000,1. 03t0 PFC TX toward T1,lvl02-0101-0827-03t0,ethernet26/1,2,0,0
2026-09-04 03:58:00.0000000,1. 03t0 PFC TX toward T1,lvl02-0101-0827-03t0,ethernet26/1,6,33185,0
2026-09-04 03:58:00.0000000,1. 03t0 PFC TX toward T1,lvl02-0101-0827-03t0,ethernet9/1,2,0,0
2026-09-04 03:58:00.0000000,1. 03t0 PFC TX toward T1,lvl02-0101-0827-03t0,ethernet7/1,2,0,0
2026-09-04 03:58:00.0000000,1. 03t0 PFC TX toward T1,lvl02-0101-0827-03t0,ethernet9/1,6,15547,0
2026-09-04 03:53:00.0000000,1. 03t0 PFC TX toward T1,lvl02-0101-0827-03t0,ethernet25/1,6,0,0
2026-09-04 03:53:00.0000000,1. 03t0 PFC TX toward T1,lvl02-0101-0827-03t0,ethernet26/1,2,0,0
2026-09-04 03:53:00.0000000,1. 03t0 PFC TX toward T1,lvl02-0101-0827-03t0,ethernet26/1,6,0,0
2026-09-04 03:53:00.0000000,1. 03t0 PFC TX toward T1,lvl02-0101-0827-03t0,ethernet7/1,2,0,0
2026-09-04 03:53:00.0000000,1. 03t0 PFC TX toward T1,lvl02-0101-0827-03t0,ethernet7/1,6,0,0
2026-09-04 03:53:00.0000000,1. 03t0 PFC TX toward T1,lvl02-0101-0827-03t0,ethernet8/1,2,0,0
2026-09-04 03:53:00.0000000,1. 03t0 PFC TX toward T1,lvl02-0101-0827-03t0,ethernet8/1,6,0,0
2026-09-04 03:53:00.0000000,1. 03t0 PFC TX toward T1,lvl02-0101-0827-03t0,ethernet9/1,2,0,0
2026-09-04 03:53:00.0000000,1. 03t0 PFC TX toward T1,lvl02-0101-0827-03t0,ethernet9/1,6,0,0
2026-09-04 03:53:00.0000000,1. 03t0 PFC TX toward T1,lvl02-0101-0827-03t0,ethernet10/1,2,0,0
2026-09-04 03:53:00.0000000,1. 03t0 PFC TX toward T1,lvl02-0101-0827-03t0,ethernet10/1,6,0,0
2026-09-04 03:53:00.0000000,1. 03t0 PFC TX toward T1,lvl02-0101-0827-03t0,ethernet23/1,2,0,0
2026-09-04 03:53:00.0000000,1. 03t0 PFC TX toward T1,lvl02-0101-0827-03t0,ethernet23/1,6,0,0
2026-09-04 03:53:00.0000000,1. 03t0 PFC TX toward T1,lvl02-0101-0827-03t0,ethernet24/1,2,0,0
2026-09-04 03:53:00.0000000,1. 03t0 PFC TX toward T1,lvl02-0101-0827-03t0,ethernet24/1,6,0,0
2026-09-04 03:53:00.0000000,1. 03t0 PFC TX toward T1,lvl02-0101-0827-03t0,ethernet25/1,2,0,0
2026-09-04 03:48:00.0000000,1. 03t0 PFC TX toward T1,lvl02-0101-0827-03t0,ethernet8/1,6,0,0
2026-09-04 03:48:00.0000000,1. 03t0 PFC TX toward T1,lvl02-0101-0827-03t0,ethernet10/1,2,0,0
2026-09-04 03:48:00.0000000,1. 03t0 PFC TX toward T1,lvl02-0101-0827-03t0,ethernet9/1,6,0,0
2026-09-04 03:48:00.0000000,1. 03t0 PFC TX toward T1,lvl02-0101-0827-03t0,ethernet9/1,2,0,0
2026-09-04 03:48:00.0000000,1. 03t0 PFC TX toward T1,lvl02-0101-0827-03t0,ethernet26/1,6,0,0
2026-09-04 03:48:00.0000000,1. 03t0 PFC TX toward T1,lvl02-0101-0827-03t0,ethernet26/1,2,0,0
2026-09-04 03:48:00.0000000,1. 03t0 PFC TX toward T1,lvl02-0101-0827-03t0,ethernet25/1,2,0,0
2026-09-04 03:48:00.0000000,1. 03t0 PFC TX toward T1,lvl02-0101-0827-03t0,ethernet7/1,2,0,0
2026-09-04 03:48:00.0000000,1. 03t0 PFC TX toward T1,lvl02-0101-0827-03t0,ethernet24/1,6,0,0
2026-09-04 03:48:00.0000000,1. 03t0 PFC TX toward T1,lvl02-0101-0827-03t0,ethernet7/1,6,0,0
2026-09-04 03:48:00.0000000,1. 03t0 PFC TX toward T1,lvl02-0101-0827-03t0,ethernet23/1,6,0,0
2026-09-04 03:48:00.0000000,1. 03t0 PFC TX toward T1,lvl02-0101-0827-03t0,ethernet23/1,2,0,0
2026-09-04 03:48:00.0000000,1. 03t0 PFC TX toward T1,lvl02-0101-0827-03t0,ethernet8/1,2,0,0
2026-09-04 03:48:00.0000000,1. 03t0 PFC TX toward T1,lvl02-0101-0827-03t0,ethernet10/1,6,0,0
2026-09-04 03:48:00.0000000,1. 03t0 PFC TX toward T1,lvl02-0101-0827-03t0,ethernet25/1,6,0,0
2026-09-04 03:48:00.0000000,1. 03t0 PFC TX toward T1,lvl02-0101-0827-03t0,ethernet24/1,2,0,0
2026-09-04 03:43:00.0000000,1. 03t0 PFC TX toward T1,lvl02-0101-0827-03t0,ethernet7/1,6,0,0
2026-09-04 03:43:00.0000000,1. 03t0 PFC TX toward T1,lvl02-0101-0827-03t0,ethernet26/1,2,0,0
2026-09-04 03:43:00.0000000,1. 03t0 PFC TX toward T1,lvl02-0101-0827-03t0,ethernet8/1,2,0,0
2026-09-04 03:43:00.0000000,1. 03t0 PFC TX toward T1,lvl02-0101-0827-03t0,ethernet8/1,6,0,0
2026-09-04 03:43:00.0000000,1. 03t0 PFC TX toward T1,lvl02-0101-0827-03t0,ethernet26/1,6,0,0
2026-09-04 03:43:00.0000000,1. 03t0 PFC TX toward T1,lvl02-0101-0827-03t0,ethernet9/1,2,0,0
2026-09-04 03:43:00.0000000,1. 03t0 PFC TX toward T1,lvl02-0101-0827-03t0,ethernet7/1,2,0,0
2026-09-04 03:43:00.0000000,1. 03t0 PFC TX toward T1,lvl02-0101-0827-03t0,ethernet23/1,6,0,0
2026-09-04 03:43:00.0000000,1. 03t0 PFC TX toward T1,lvl02-0101-0827-03t0,ethernet9/1,6,0,0
2026-09-04 03:43:00.0000000,1. 03t0 PFC TX toward T1,lvl02-0101-0827-03t0,ethernet10/1,2,0,0
2026-09-04 03:43:00.0000000,1. 03t0 PFC TX toward T1,lvl02-0101-0827-03t0,ethernet10/1,6,0,0
2026-09-04 03:43:00.0000000,1. 03t0 PFC TX toward T1,lvl02-0101-0827-03t0,ethernet23/1,2,0,0
2026-09-04 03:43:00.0000000,1. 03t0 PFC TX toward T1,lvl02-0101-0827-03t0,ethernet24/1,2,0,0
2026-09-04 03:43:00.0000000,1. 03t0 PFC TX toward T1,lvl02-0101-0827-03t0,ethernet24/1,6,0,0
2026-09-04 03:43:00.0000000,1. 03t0 PFC TX toward T1,lvl02-0101-0827-03t0,ethernet25/1,2,0,0
2026-09-04 03:43:00.0000000,1. 03t0 PFC TX toward T1,lvl02-0101-0827-03t0,ethernet25/1,6,0,0
2026-09-04 03:38:00.0000000,1. 03t0 PFC TX toward T1,lvl02-0101-0827-03t0,ethernet24/1,2,0,0
2026-09-04 03:38:00.0000000,1. 03t0 PFC TX toward T1,lvl02-0101-0827-03t0,ethernet23/1,6,53,0
2026-09-04 03:38:00.0000000,1. 03t0 PFC TX toward T1,lvl02-0101-0827-03t0,ethernet23/1,2,0,0
2026-09-04 03:38:00.0000000,1. 03t0 PFC TX toward T1,lvl02-0101-0827-03t0,ethernet10/1,6,78,0
2026-09-04 03:38:00.0000000,1. 03t0 PFC TX toward T1,lvl02-0101-0827-03t0,ethernet10/1,2,0,0
2026-09-04 03:38:00.0000000,1. 03t0 PFC TX toward T1,lvl02-0101-0827-03t0,ethernet9/1,6,29,0
2026-09-04 03:38:00.0000000,1. 03t0 PFC TX toward T1,lvl02-0101-0827-03t0,ethernet9/1,2,0,0
2026-09-04 03:38:00.0000000,1. 03t0 PFC TX toward T1,lvl02-0101-0827-03t0,ethernet8/1,6,0,0
2026-09-04 03:38:00.0000000,1. 03t0 PFC TX toward T1,lvl02-0101-0827-03t0,ethernet8/1,2,0,0
2026-09-04 03:38:00.0000000,1. 03t0 PFC TX toward T1,lvl02-0101-0827-03t0,ethernet7/1,6,4,0
2026-09-04 03:38:00.0000000,1. 03t0 PFC TX toward T1,lvl02-0101-0827-03t0,ethernet7/1,2,0,0
2026-09-04 03:38:00.0000000,1. 03t0 PFC TX toward T1,lvl02-0101-0827-03t0,ethernet26/1,6,64,0
2026-09-04 03:38:00.0000000,1. 03t0 PFC TX toward T1,lvl02-0101-0827-03t0,ethernet26/1,2,0,0
2026-09-04 03:38:00.0000000,1. 03t0 PFC TX toward T1,lvl02-0101-0827-03t0,ethernet25/1,6,0,0
2026-09-04 03:38:00.0000000,1. 03t0 PFC TX toward T1,lvl02-0101-0827-03t0,ethernet25/1,2,0,0
2026-09-04 03:38:00.0000000,1. 03t0 PFC TX toward T1,lvl02-0101-0827-03t0,ethernet24/1,6,0,0
2026-09-04 03:33:00.0000000,1. 03t0 PFC TX toward T1,lvl02-0101-0827-03t0,ethernet26/1,2,0,0
2026-09-04 03:33:00.0000000,1. 03t0 PFC TX toward T1,lvl02-0101-0827-03t0,ethernet25/1,6,0,0
2026-09-04 03:33:00.0000000,1. 03t0 PFC TX toward T1,lvl02-0101-0827-03t0,ethernet25/1,2,0,0
2026-09-04 03:33:00.0000000,1. 03t0 PFC TX toward T1,lvl02-0101-0827-03t0,ethernet24/1,6,0,0
2026-09-04 03:33:00.0000000,1. 03t0 PFC TX toward T1,lvl02-0101-0827-03t0,ethernet24/1,2,0,0
2026-09-04 03:33:00.0000000,1. 03t0 PFC TX toward T1,lvl02-0101-0827-03t0,ethernet23/1,6,0,0
2026-09-04 03:33:00.0000000,1. 03t0 PFC TX toward T1,lvl02-0101-0827-03t0,ethernet23/1,2,0,0
2026-09-04 03:33:00.0000000,1. 03t0 PFC TX toward T1,lvl02-0101-0827-03t0,ethernet10/1,6,0,0
2026-09-04 03:33:00.0000000,1. 03t0 PFC TX toward T1,lvl02-0101-0827-03t0,ethernet26/1,6,0,0
2026-09-04 03:33:00.0000000,1. 03t0 PFC TX toward T1,lvl02-0101-0827-03t0,ethernet7/1,2,0,0
2026-09-04 03:33:00.0000000,1. 03t0 PFC TX toward T1,lvl02-0101-0827-03t0,ethernet7/1,6,0,0
2026-09-04 03:33:00.0000000,1. 03t0 PFC TX toward T1,lvl02-0101-0827-03t0,ethernet8/1,2,0,0
2026-09-04 03:33:00.0000000,1. 03t0 PFC TX toward T1,lvl02-0101-0827-03t0,ethernet8/1,6,0,0
2026-09-04 03:33:00.0000000,1. 03t0 PFC TX toward T1,lvl02-0101-0827-03t0,ethernet9/1,2,0,0
2026-09-04 03:33:00.0000000,1. 03t0 PFC TX toward T1,lvl02-0101-0827-03t0,ethernet9/1,6,0,0
2026-09-04 03:33:00.0000000,1. 03t0 PFC TX toward T1,lvl02-0101-0827-03t0,ethernet10/1,2,0,0
2026-09-04 03:28:00.0000000,1. 03t0 PFC TX toward T1,lvl02-0101-0827-03t0,ethernet26/1,6,0,0
2026-09-04 03:28:00.0000000,1. 03t0 PFC TX toward T1,lvl02-0101-0827-03t0,ethernet9/1,2,0,0
2026-09-04 03:28:00.0000000,1. 03t0 PFC TX toward T1,lvl02-0101-0827-03t0,ethernet8/1,6,0,0
2026-09-04 03:28:00.0000000,1. 03t0 PFC TX toward T1,lvl02-0101-0827-03t0,ethernet8/1,2,0,0
2026-09-04 03:28:00.0000000,1. 03t0 PFC TX toward T1,lvl02-0101-0827-03t0,ethernet7/1,6,0,0
2026-09-04 03:28:00.0000000,1. 03t0 PFC TX toward T1,lvl02-0101-0827-03t0,ethernet10/1,2,0,0
2026-09-04 03:28:00.0000000,1. 03t0 PFC TX toward T1,lvl02-0101-0827-03t0,ethernet7/1,2,0,0
2026-09-04 03:28:00.0000000,1. 03t0 PFC TX toward T1,lvl02-0101-0827-03t0,ethernet9/1,6,0,0
2026-09-04 03:28:00.0000000,1. 03t0 PFC TX toward T1,lvl02-0101-0827-03t0,ethernet10/1,6,0,0
2026-09-04 03:28:00.0000000,1. 03t0 PFC TX toward T1,lvl02-0101-0827-03t0,ethernet23/1,2,0,0
2026-09-04 03:28:00.0000000,1. 03t0 PFC TX toward T1,lvl02-0101-0827-03t0,ethernet23/1,6,0,0
2026-09-04 03:28:00.0000000,1. 03t0 PFC TX toward T1,lvl02-0101-0827-03t0,ethernet24/1,2,0,0
2026-09-04 03:28:00.0000000,1. 03t0 PFC TX toward T1,lvl02-0101-0827-03t0,ethernet24/1,6,0,0
2026-09-04 03:28:00.0000000,1. 03t0 PFC TX toward T1,lvl02-0101-0827-03t0,ethernet25/1,2,0,0
2026-09-04 03:28:00.0000000,1. 03t0 PFC TX toward T1,lvl02-0101-0827-03t0,ethernet25/1,6,0,0
2026-09-04 03:28:00.0000000,1. 03t0 PFC TX toward T1,lvl02-0101-0827-03t0,ethernet26/1,2,0,0
2026-09-04 03:23:00.0000000,1. 03t0 PFC TX toward T1,lvl02-0101-0827-03t0,ethernet24/1,6,18,0
2026-09-04 03:23:00.0000000,1. 03t0 PFC TX toward T1,lvl02-0101-0827-03t0,ethernet24/1,2,0,0
2026-09-04 03:23:00.0000000,1. 03t0 PFC TX toward T1,lvl02-0101-0827-03t0,ethernet23/1,6,13,0
2026-09-04 03:23:00.0000000,1. 03t0 PFC TX toward T1,lvl02-0101-0827-03t0,ethernet23/1,2,0,0
2026-09-04 03:23:00.0000000,1. 03t0 PFC TX toward T1,lvl02-0101-0827-03t0,ethernet26/1,6,57,0
2026-09-04 03:23:00.0000000,1. 03t0 PFC TX toward T1,lvl02-0101-0827-03t0,ethernet10/1,6,56,0
2026-09-04 03:23:00.0000000,1. 03t0 PFC TX toward T1,lvl02-0101-0827-03t0,ethernet10/1,2,0,0
2026-09-04 03:23:00.0000000,1. 03t0 PFC TX toward T1,lvl02-0101-0827-03t0,ethernet9/1,6,14,0
2026-09-04 03:23:00.0000000,1. 03t0 PFC TX toward T1,lvl02-0101-0827-03t0,ethernet9/1,2,0,0
2026-09-04 03:23:00.0000000,1. 03t0 PFC TX toward T1,lvl02-0101-0827-03t0,ethernet8/1,6,8,0
2026-09-04 03:23:00.0000000,1. 03t0 PFC TX toward T1,lvl02-0101-0827-03t0,ethernet8/1,2,0,0
2026-09-04 03:23:00.0000000,1. 03t0 PFC TX toward T1,lvl02-0101-0827-03t0,ethernet7/1,6,16,0
2026-09-04 03:23:00.0000000,1. 03t0 PFC TX toward T1,lvl02-0101-0827-03t0,ethernet7/1,2,0,0
2026-09-04 03:23:00.0000000,1. 03t0 PFC TX toward T1,lvl02-0101-0827-03t0,ethernet26/1,2,0,0
2026-09-04 03:23:00.0000000,1. 03t0 PFC TX toward T1,lvl02-0101-0827-03t0,ethernet25/1,6,0,0
2026-09-04 03:23:00.0000000,1. 03t0 PFC TX toward T1,lvl02-0101-0827-03t0,ethernet25/1,2,0,0
